[     878ms] [ERROR] Creating a worker from 'blob:http://localhost:3000/b65fa415-0671-487b-b5c6-3c75f93c2967' violates the following Content Security Policy directive: "script-src 'self' 'unsafe-inline' 'unsafe-eval' https://cdnjs.cloudflare.com https://*.sentry.io https://*.posthog.com". Note that 'worker-src' was not explicitly set, so 'script-src' is used as a fallback. The action has been blocked. @ webpack-internal:///(app-pages-browser)/./node_modules/@sentry/replay/build/npm/esm/index.js:5672
[     883ms] [LOG] [Client Instrumentation Hook] Slow execution detected: 48ms (Note: Code download overhead is not included in this measurement) @ webpack-internal:///(app-pages-browser)/./node_modules/@sentry/core/build/esm/instrument/console.js:53
[     910ms] [INFO] %cDownload the React DevTools for a better development experience: https://react.dev/link/react-devtools font-weight:bold @ webpack-internal:///(app-pages-browser)/./node_modules/@sentry/core/build/esm/instrument/console.js:53
[     956ms] [LOG] [HMR] connected @ webpack-internal:///(app-pages-browser)/./node_modules/@sentry/core/build/esm/instrument/console.js:53
[     982ms] [INFO] [analytics] NEXT_PUBLIC_POSTHOG_KEY not set — analytics disabled @ webpack-internal:///(app-pages-browser)/./node_modules/@sentry/core/build/esm/instrument/console.js:53
[    1007ms] [LOG] [Fast Refresh] rebuilding @ webpack-internal:///(app-pages-browser)/./node_modules/@sentry/core/build/esm/instrument/console.js:53
[    1083ms] [LOG] [Fast Refresh] done in 76ms @ webpack-internal:///(app-pages-browser)/./node_modules/@sentry/core/build/esm/instrument/console.js:53
[    1224ms] [LOG] [Fast Refresh] rebuilding @ webpack-internal:///(app-pages-browser)/./node_modules/@sentry/core/build/esm/instrument/console.js:53
[    1247ms] [LOG] [Fast Refresh] done in 22ms @ webpack-internal:///(app-pages-browser)/./node_modules/@sentry/core/build/esm/instrument/console.js:53
[    1365ms] [LOG] [Fast Refresh] rebuilding @ webpack-internal:///(app-pages-browser)/./node_modules/@sentry/core/build/esm/instrument/console.js:53
[    1377ms] [LOG] [Fast Refresh] done in 11ms @ webpack-internal:///(app-pages-browser)/./node_modules/@sentry/core/build/esm/instrument/console.js:53
[    1486ms] [LOG] [Fast Refresh] rebuilding @ webpack-internal:///(app-pages-browser)/./node_modules/@sentry/core/build/esm/instrument/console.js:53
[    1511ms] [LOG] [Fast Refresh] done in 25ms @ webpack-internal:///(app-pages-browser)/./node_modules/@sentry/core/build/esm/instrument/console.js:53
[    1637ms] [LOG] [Fast Refresh] rebuilding @ webpack-internal:///(app-pages-browser)/./node_modules/@sentry/core/build/esm/instrument/console.js:53
[    1694ms] [LOG] [Fast Refresh] done in 56ms @ webpack-internal:///(app-pages-browser)/./node_modules/@sentry/core/build/esm/instrument/console.js:53
[    1731ms] [LOG] [Fast Refresh] rebuilding @ webpack-internal:///(app-pages-browser)/./node_modules/@sentry/core/build/esm/instrument/console.js:53
[    1734ms] [LOG] [Fast Refresh] done in 3ms @ webpack-internal:///(app-pages-browser)/./node_modules/@sentry/core/build/esm/instrument/console.js:53
[    1874ms] [LOG] [Fast Refresh] rebuilding @ webpack-internal:///(app-pages-browser)/./node_modules/@sentry/core/build/esm/instrument/console.js:53
[    1892ms] [LOG] [Fast Refresh] done in 18ms @ webpack-internal:///(app-pages-browser)/./node_modules/@sentry/core/build/esm/instrument/console.js:53
[    1970ms] [LOG] [Fast Refresh] rebuilding @ webpack-internal:///(app-pages-browser)/./node_modules/@sentry/core/build/esm/instrument/console.js:53
[    1995ms] [LOG] [Fast Refresh] done in 24ms @ webpack-internal:///(app-pages-browser)/./node_modules/@sentry/core/build/esm/instrument/console.js:53
[    2099ms] [LOG] [Fast Refresh] rebuilding @ webpack-internal:///(app-pages-browser)/./node_modules/@sentry/core/build/esm/instrument/console.js:53
[    2109ms] [LOG] [Fast Refresh] done in 10ms @ webpack-internal:///(app-pages-browser)/./node_modules/@sentry/core/build/esm/instrument/console.js:53
[    2214ms] [LOG] [Fast Refresh] rebuilding @ webpack-internal:///(app-pages-browser)/./node_modules/@sentry/core/build/esm/instrument/console.js:53
[    2235ms] [LOG] [Fast Refresh] done in 20ms @ webpack-internal:///(app-pages-browser)/./node_modules/@sentry/core/build/esm/instrument/console.js:53
[    2343ms] [LOG] [Fast Refresh] rebuilding @ webpack-internal:///(app-pages-browser)/./node_modules/@sentry/core/build/esm/instrument/console.js:53
[    2366ms] [LOG] [Fast Refresh] done in 22ms @ webpack-internal:///(app-pages-browser)/./node_modules/@sentry/core/build/esm/instrument/console.js:53
[    2570ms] [LOG] [Fast Refresh] rebuilding @ webpack-internal:///(app-pages-browser)/./node_modules/@sentry/core/build/esm/instrument/console.js:53
[    2623ms] [LOG] [Fast Refresh] done in 53ms @ webpack-internal:///(app-pages-browser)/./node_modules/@sentry/core/build/esm/instrument/console.js:53
[    2684ms] [LOG] [Fast Refresh] rebuilding @ webpack-internal:///(app-pages-browser)/./node_modules/@sentry/core/build/esm/instrument/console.js:53
[    2694ms] [LOG] [Fast Refresh] done in 9ms @ webpack-internal:///(app-pages-browser)/./node_modules/@sentry/core/build/esm/instrument/console.js:53
[    2798ms] [LOG] [Fast Refresh] rebuilding @ webpack-internal:///(app-pages-browser)/./node_modules/@sentry/core/build/esm/instrument/console.js:53
[    2807ms] [LOG] [Fast Refresh] done in 8ms @ webpack-internal:///(app-pages-browser)/./node_modules/@sentry/core/build/esm/instrument/console.js:53
[    2932ms] [LOG] [Fast Refresh] rebuilding @ webpack-internal:///(app-pages-browser)/./node_modules/@sentry/core/build/esm/instrument/console.js:53
[    2985ms] [LOG] [Fast Refresh] done in 52ms @ webpack-internal:///(app-pages-browser)/./node_modules/@sentry/core/build/esm/instrument/console.js:53
[    3024ms] [LOG] [Fast Refresh] rebuilding @ webpack-internal:///(app-pages-browser)/./node_modules/@sentry/core/build/esm/instrument/console.js:53
[    3028ms] [LOG] [Fast Refresh] done in 3ms @ webpack-internal:///(app-pages-browser)/./node_modules/@sentry/core/build/esm/instrument/console.js:53
[    3139ms] [LOG] [Fast Refresh] rebuilding @ webpack-internal:///(app-pages-browser)/./node_modules/@sentry/core/build/esm/instrument/console.js:53
[    3143ms] [LOG] [Fast Refresh] done in 4ms @ webpack-internal:///(app-pages-browser)/./node_modules/@sentry/core/build/esm/instrument/console.js:53
[    3255ms] [LOG] [Fast Refresh] rebuilding @ webpack-internal:///(app-pages-browser)/./node_modules/@sentry/core/build/esm/instrument/console.js:53
[    3259ms] [LOG] [Fast Refresh] done in 3ms @ webpack-internal:///(app-pages-browser)/./node_modules/@sentry/core/build/esm/instrument/console.js:53
[    3480ms] [LOG] [Fast Refresh] rebuilding @ webpack-internal:///(app-pages-browser)/./node_modules/@sentry/core/build/esm/instrument/console.js:53
[    3493ms] [LOG] [Fast Refresh] done in 13ms @ webpack-internal:///(app-pages-browser)/./node_modules/@sentry/core/build/esm/instrument/console.js:53
[    3827ms] [LOG] [Fast Refresh] rebuilding @ webpack-internal:///(app-pages-browser)/./node_modules/@sentry/core/build/esm/instrument/console.js:53
[    3841ms] [LOG] [Fast Refresh] done in 13ms @ webpack-internal:///(app-pages-browser)/./node_modules/@sentry/core/build/esm/instrument/console.js:53
[    3845ms] [LOG] [Fast Refresh] rebuilding @ webpack-internal:///(app-pages-browser)/./node_modules/@sentry/core/build/esm/instrument/console.js:53
[    3877ms] [LOG] [Fast Refresh] done in 32ms @ webpack-internal:///(app-pages-browser)/./node_modules/@sentry/core/build/esm/instrument/console.js:53
[    3890ms] [ERROR] Failed to load resource: the server responded with a status of 500 (Internal Server Error) @ http://localhost:3000/dashboard/facturacion?tab=recibidas&_rsc=myjpi:0
[    3896ms] [LOG] [Fast Refresh] rebuilding @ webpack-internal:///(app-pages-browser)/./node_modules/@sentry/core/build/esm/instrument/console.js:53
[    4802ms] [ERROR] Creating a worker from 'blob:http://localhost:3000/24108e97-34f8-421d-96c3-13e8aecbcd50' violates the following Content Security Policy directive: "script-src 'self' 'unsafe-inline' 'unsafe-eval' https://cdnjs.cloudflare.com https://*.sentry.io https://*.posthog.com". Note that 'worker-src' was not explicitly set, so 'script-src' is used as a fallback. The action has been blocked. @ webpack-internal:///(app-pages-browser)/./node_modules/@sentry/replay/build/npm/esm/index.js:5672
[    4807ms] [LOG] [Client Instrumentation Hook] Slow execution detected: 49ms (Note: Code download overhead is not included in this measurement) @ webpack-internal:///(app-pages-browser)/./node_modules/@sentry/core/build/esm/instrument/console.js:53
[    4834ms] [INFO] %cDownload the React DevTools for a better development experience: https://react.dev/link/react-devtools font-weight:bold @ webpack-internal:///(app-pages-browser)/./node_modules/@sentry/core/build/esm/instrument/console.js:53
[    4877ms] [LOG] [HMR] connected @ webpack-internal:///(app-pages-browser)/./node_modules/@sentry/core/build/esm/instrument/console.js:53
[    4884ms] [LOG] [Fast Refresh] rebuilding @ webpack-internal:///(app-pages-browser)/./node_modules/@sentry/core/build/esm/instrument/console.js:53
[    4899ms] [INFO] [analytics] NEXT_PUBLIC_POSTHOG_KEY not set — analytics disabled @ webpack-internal:///(app-pages-browser)/./node_modules/@sentry/core/build/esm/instrument/console.js:53
[    5031ms] [LOG] [Fast Refresh] rebuilding @ webpack-internal:///(app-pages-browser)/./node_modules/@sentry/core/build/esm/instrument/console.js:53
[    5103ms] [LOG] [Fast Refresh] done in 71ms @ webpack-internal:///(app-pages-browser)/./node_modules/@sentry/core/build/esm/instrument/console.js:53
[    5185ms] [LOG] [Fast Refresh] rebuilding @ webpack-internal:///(app-pages-browser)/./node_modules/@sentry/core/build/esm/instrument/console.js:53
[    5199ms] [LOG] [Fast Refresh] done in 14ms @ webpack-internal:///(app-pages-browser)/./node_modules/@sentry/core/build/esm/instrument/console.js:53
[    5314ms] [LOG] [Fast Refresh] rebuilding @ webpack-internal:///(app-pages-browser)/./node_modules/@sentry/core/build/esm/instrument/console.js:53
[    5327ms] [LOG] [Fast Refresh] done in 13ms @ webpack-internal:///(app-pages-browser)/./node_modules/@sentry/core/build/esm/instrument/console.js:53
[    5445ms] [LOG] [Fast Refresh] rebuilding @ webpack-internal:///(app-pages-browser)/./node_modules/@sentry/core/build/esm/instrument/console.js:53
[    5500ms] [LOG] [Fast Refresh] done in 56ms @ webpack-internal:///(app-pages-browser)/./node_modules/@sentry/core/build/esm/instrument/console.js:53
[    5567ms] [LOG] [Fast Refresh] rebuilding @ webpack-internal:///(app-pages-browser)/./node_modules/@sentry/core/build/esm/instrument/console.js:53
[    5579ms] [LOG] [Fast Refresh] done in 11ms @ webpack-internal:///(app-pages-browser)/./node_modules/@sentry/core/build/esm/instrument/console.js:53
[    5691ms] [LOG] [Fast Refresh] rebuilding @ webpack-internal:///(app-pages-browser)/./node_modules/@sentry/core/build/esm/instrument/console.js:53
[    5703ms] [LOG] [Fast Refresh] done in 11ms @ webpack-internal:///(app-pages-browser)/./node_modules/@sentry/core/build/esm/instrument/console.js:53
[    5817ms] [LOG] [Fast Refresh] rebuilding @ webpack-internal:///(app-pages-browser)/./node_modules/@sentry/core/build/esm/instrument/console.js:53
[    5866ms] [LOG] [Fast Refresh] done in 49ms @ webpack-internal:///(app-pages-browser)/./node_modules/@sentry/core/build/esm/instrument/console.js:53
[    5923ms] [LOG] [Fast Refresh] rebuilding @ webpack-internal:///(app-pages-browser)/./node_modules/@sentry/core/build/esm/instrument/console.js:53
[    5934ms] [LOG] [Fast Refresh] done in 11ms @ webpack-internal:///(app-pages-browser)/./node_modules/@sentry/core/build/esm/instrument/console.js:53
[    6032ms] [LOG] [Fast Refresh] rebuilding @ webpack-internal:///(app-pages-browser)/./node_modules/@sentry/core/build/esm/instrument/console.js:53
[    6040ms] [LOG] [Fast Refresh] done in 8ms @ webpack-internal:///(app-pages-browser)/./node_modules/@sentry/core/build/esm/instrument/console.js:53
[    6149ms] [LOG] [Fast Refresh] rebuilding @ webpack-internal:///(app-pages-browser)/./node_modules/@sentry/core/build/esm/instrument/console.js:53
[    6196ms] [LOG] [Fast Refresh] done in 48ms @ webpack-internal:///(app-pages-browser)/./node_modules/@sentry/core/build/esm/instrument/console.js:53
[    6257ms] [LOG] [Fast Refresh] rebuilding @ webpack-internal:///(app-pages-browser)/./node_modules/@sentry/core/build/esm/instrument/console.js:53
[    6267ms] [LOG] [Fast Refresh] done in 10ms @ webpack-internal:///(app-pages-browser)/./node_modules/@sentry/core/build/esm/instrument/console.js:53
[    6375ms] [LOG] [Fast Refresh] rebuilding @ webpack-internal:///(app-pages-browser)/./node_modules/@sentry/core/build/esm/instrument/console.js:53
[    6388ms] [LOG] [Fast Refresh] done in 13ms @ webpack-internal:///(app-pages-browser)/./node_modules/@sentry/core/build/esm/instrument/console.js:53
[    6479ms] [LOG] [Fast Refresh] rebuilding @ webpack-internal:///(app-pages-browser)/./node_modules/@sentry/core/build/esm/instrument/console.js:53
[    6489ms] [LOG] [Fast Refresh] done in 10ms @ webpack-internal:///(app-pages-browser)/./node_modules/@sentry/core/build/esm/instrument/console.js:53
[    6598ms] [LOG] [Fast Refresh] rebuilding @ webpack-internal:///(app-pages-browser)/./node_modules/@sentry/core/build/esm/instrument/console.js:53
[    6612ms] [LOG] [Fast Refresh] done in 15ms @ webpack-internal:///(app-pages-browser)/./node_modules/@sentry/core/build/esm/instrument/console.js:53
[    6715ms] [LOG] [Fast Refresh] rebuilding @ webpack-internal:///(app-pages-browser)/./node_modules/@sentry/core/build/esm/instrument/console.js:53
[    6730ms] [LOG] [Fast Refresh] done in 14ms @ webpack-internal:///(app-pages-browser)/./node_modules/@sentry/core/build/esm/instrument/console.js:53
[    6929ms] [LOG] [Fast Refresh] rebuilding @ webpack-internal:///(app-pages-browser)/./node_modules/@sentry/core/build/esm/instrument/console.js:53
[    6975ms] [LOG] [Fast Refresh] done in 47ms @ webpack-internal:///(app-pages-browser)/./node_modules/@sentry/core/build/esm/instrument/console.js:53
[    7040ms] [LOG] [Fast Refresh] rebuilding @ webpack-internal:///(app-pages-browser)/./node_modules/@sentry/core/build/esm/instrument/console.js:53
[    7049ms] [LOG] [Fast Refresh] done in 9ms @ webpack-internal:///(app-pages-browser)/./node_modules/@sentry/core/build/esm/instrument/console.js:53
[    7166ms] [LOG] [Fast Refresh] rebuilding @ webpack-internal:///(app-pages-browser)/./node_modules/@sentry/core/build/esm/instrument/console.js:53
[    7220ms] [LOG] [Fast Refresh] done in 55ms @ webpack-internal:///(app-pages-browser)/./node_modules/@sentry/core/build/esm/instrument/console.js:53
[    7273ms] [LOG] [Fast Refresh] rebuilding @ webpack-internal:///(app-pages-browser)/./node_modules/@sentry/core/build/esm/instrument/console.js:53
[    7284ms] [LOG] [Fast Refresh] done in 11ms @ webpack-internal:///(app-pages-browser)/./node_modules/@sentry/core/build/esm/instrument/console.js:53
[    7398ms] [LOG] [Fast Refresh] rebuilding @ webpack-internal:///(app-pages-browser)/./node_modules/@sentry/core/build/esm/instrument/console.js:53
[    7449ms] [LOG] [Fast Refresh] done in 50ms @ webpack-internal:///(app-pages-browser)/./node_modules/@sentry/core/build/esm/instrument/console.js:53
[    7500ms] [LOG] [Fast Refresh] rebuilding @ webpack-internal:///(app-pages-browser)/./node_modules/@sentry/core/build/esm/instrument/console.js:53
[    7510ms] [LOG] [Fast Refresh] done in 9ms @ webpack-internal:///(app-pages-browser)/./node_modules/@sentry/core/build/esm/instrument/console.js:53
[    7623ms] [LOG] [Fast Refresh] rebuilding @ webpack-internal:///(app-pages-browser)/./node_modules/@sentry/core/build/esm/instrument/console.js:53
[    7671ms] [LOG] [Fast Refresh] done in 47ms @ webpack-internal:///(app-pages-browser)/./node_modules/@sentry/core/build/esm/instrument/console.js:53
[    7729ms] [LOG] [Fast Refresh] rebuilding @ webpack-internal:///(app-pages-browser)/./node_modules/@sentry/core/build/esm/instrument/console.js:53
[    7738ms] [LOG] [Fast Refresh] done in 10ms @ webpack-internal:///(app-pages-browser)/./node_modules/@sentry/core/build/esm/instrument/console.js:53
[    7850ms] [LOG] [Fast Refresh] rebuilding @ webpack-internal:///(app-pages-browser)/./node_modules/@sentry/core/build/esm/instrument/console.js:53
[    7898ms] [LOG] [Fast Refresh] done in 48ms @ webpack-internal:///(app-pages-browser)/./node_modules/@sentry/core/build/esm/instrument/console.js:53
[    7946ms] [LOG] [Fast Refresh] rebuilding @ webpack-internal:///(app-pages-browser)/./node_modules/@sentry/core/build/esm/instrument/console.js:53
[    7963ms] [LOG] [Fast Refresh] done in 18ms @ webpack-internal:///(app-pages-browser)/./node_modules/@sentry/core/build/esm/instrument/console.js:53
[    8279ms] [LOG] [Fast Refresh] rebuilding @ webpack-internal:///(app-pages-browser)/./node_modules/@sentry/core/build/esm/instrument/console.js:53
[    8292ms] [LOG] [Fast Refresh] done in 13ms @ webpack-internal:///(app-pages-browser)/./node_modules/@sentry/core/build/esm/instrument/console.js:53
[    8296ms] [LOG] [Fast Refresh] rebuilding @ webpack-internal:///(app-pages-browser)/./node_modules/@sentry/core/build/esm/instrument/console.js:53
[    8328ms] [LOG] [Fast Refresh] done in 32ms @ webpack-internal:///(app-pages-browser)/./node_modules/@sentry/core/build/esm/instrument/console.js:53
[    8342ms] [ERROR] Failed to load resource: the server responded with a status of 500 (Internal Server Error) @ http://localhost:3000/dashboard/facturacion?tab=recibidas&_rsc=myjpi:0
[    8348ms] [LOG] [Fast Refresh] rebuilding @ webpack-internal:///(app-pages-browser)/./node_modules/@sentry/core/build/esm/instrument/console.js:53
[    8657ms] [LOG] [Fast Refresh] done in 309ms @ webpack-internal:///(app-pages-browser)/./node_modules/@sentry/core/build/esm/instrument/console.js:53
[    8697ms] [LOG] [Fast Refresh] rebuilding @ webpack-internal:///(app-pages-browser)/./node_modules/@sentry/core/build/esm/instrument/console.js:53
[    8715ms] [LOG] [Fast Refresh] done in 19ms @ webpack-internal:///(app-pages-browser)/./node_modules/@sentry/core/build/esm/instrument/console.js:53
[    8979ms] [ERROR] Failed to load resource: the server responded with a status of 500 (Internal Server Error) @ http://localhost:3000/dashboard/facturacion?tab=recibidas:0
[    9814ms] [INFO] %cDownload the React DevTools for a better development experience: https://react.dev/link/react-devtools font-weight:bold @ webpack-internal:///(pages-dir-browser)/./node_modules/react-dom/cjs/react-dom-client.development.js:28004
[    9878ms] [ERROR] Creating a worker from 'blob:http://localhost:3000/08581040-b4a6-4de6-8f3e-ff3f80c12dfa' violates the following Content Security Policy directive: "script-src 'self' 'unsafe-inline' 'unsafe-eval' https://cdnjs.cloudflare.com https://*.sentry.io https://*.posthog.com". Note that 'worker-src' was not explicitly set, so 'script-src' is used as a fallback. The action has been blocked. @ webpack-internal:///(pages-dir-browser)/./node_modules/@sentry/replay/build/npm/esm/index.js:5672
[    9881ms] [LOG] [Client Instrumentation Hook] Slow execution detected: 30ms (Note: Code download overhead is not included in this measurement) @ webpack-internal:///(pages-dir-browser)/./node_modules/@sentry/core/build/esm/instrument/console.js:53
[    9888ms] SyntaxError: Unexpected end of JSON input
    at JSON.parse (<anonymous>)
    at loadManifest (file:///Users/daniilkonovalyukpanasyuk/enlaze/node_modules/next/dist/server/load-manifest.external.js:54:25)
    at loadManifestFromRelativePath (file:///Users/daniilkonovalyukpanasyuk/enlaze/node_modules/next/dist/server/load-manifest.external.js:111:12)
    at AppPageRouteModule.loadManifests (file:///Users/daniilkonovalyukpanasyuk/enlaze/node_modules/next/dist/compiled/next-server/app-page.runtime.dev.js:71:33979)
    at AppPageRouteModule.prepare (file:///Users/daniilkonovalyukpanasyuk/enlaze/node_modules/next/dist/compiled/next-server/app-page.runtime.dev.js:71:41329)
    at process.processTicksAndRejections (node:internal/process/task_queues:104:5)
    at async Module.handler (webpack-internal:///(rsc)/./node_modules/next/dist/build/webpack/loaders/next-app-loader/index.js?name=app%2Fdashboard%2Ffacturacion%2Fpage&page=%2Fdashboard%2Ffacturacion%2Fpage&appPaths=%2Fdashboard%2Ffacturacion%2Fpage&allNormalizedAppPaths=&pagePath=private-next-app-dir%2Fdashboard%2Ffacturacion%2Fpage.tsx&appDir=%2FUsers%2Fdaniilkonovalyukpanasyuk%2Fenlaze%2Fapp&pageExtensions=tsx&pageExtensions=ts&pageExtensions=jsx&pageExtensions=js&rootDir=%2FUsers%2Fdaniilkonovalyukpanasyuk%2Fenlaze&isDev=true&tsconfigPath=&basePath=&assetPrefix=&nextConfigOutput=&preferredRegion=&middlewareConfig=e30%3D&isGlobalNotFoundEnabled=!:253:27)
    at async DevServer.renderToResponseWithComponentsImpl (file:///Users/daniilkonovalyukpanasyuk/enlaze/node_modules/next/dist/server/base-server.js:1454:9)
    at async DevServer.renderPageComponent (file:///Users/daniilkonovalyukpanasyuk/enlaze/node_modules/next/dist/server/base-server.js:1506:24)
    at async DevServer.renderToResponseImpl (file:///Users/daniilkonovalyukpanasyuk/enlaze/node_modules/next/dist/server/base-server.js:1556:32)
    at async DevServer.pipeImpl (file:///Users/daniilkonovalyukpanasyuk/enlaze/node_modules/next/dist/server/base-server.js:1043:25)
    at async NextNodeServer.handleCatchallRenderRequest (file:///Users/daniilkonovalyukpanasyuk/enlaze/node_modules/next/dist/server/next-server.js:338:17)
    at async DevServer.handleRequestImpl (file:///Users/daniilkonovalyukpanasyuk/enlaze/node_modules/next/dist/server/base-server.js:934:17)
    at async (file:///Users/daniilkonovalyukpanasyuk/enlaze/node_modules/next/dist/server/dev/next-dev-server.js:394:20)
    at async Span.traceAsyncFn (file:///Users/daniilkonovalyukpanasyuk/enlaze/node_modules/next/dist/trace/trace.js:164:20)
    at async DevServer.handleRequest (file:///Users/daniilkonovalyukpanasyuk/enlaze/node_modules/next/dist/server/dev/next-dev-server.js:390:24)
    at async invokeRender (file:///Users/daniilkonovalyukpanasyuk/enlaze/node_modules/next/dist/server/lib/router-server.js:253:21)
    at async handleRequest (file:///Users/daniilkonovalyukpanasyuk/enlaze/node_modules/next/dist/server/lib/router-server.js:452:24)
    at async requestHandlerImpl (file:///Users/daniilkonovalyukpanasyuk/enlaze/node_modules/next/dist/server/lib/router-server.js:501:13)
    at async Server.requestListener (file:///Users/daniilkonovalyukpanasyuk/enlaze/node_modules/next/dist/server/lib/start-server.js:225:13)
[    9889ms] [LOG] [HMR] connected @ webpack-internal:///(pages-dir-browser)/./node_modules/@sentry/core/build/esm/instrument/console.js:53
[   10191ms] [ERROR] Failed to load resource: the server responded with a status of 404 (Not Found) @ http://localhost:3000/favicon.ico:0
[   10192ms] [LOG] [Fast Refresh] rebuilding @ webpack-internal:///(pages-dir-browser)/./node_modules/@sentry/core/build/esm/instrument/console.js:53
[   10202ms] [WARNING] [Fast Refresh] performing full reload because your application had an unrecoverable error @ webpack-internal:///(pages-dir-browser)/./node_modules/@sentry/core/build/esm/instrument/console.js:53
[   10241ms] [LOG] [Fast Refresh] rebuilding @ webpack-internal:///(pages-dir-browser)/./node_modules/@sentry/core/build/esm/instrument/console.js:53
[   10248ms] [WARNING] [Fast Refresh] performing full reload because your application had an unrecoverable error @ webpack-internal:///(pages-dir-browser)/./node_modules/@sentry/core/build/esm/instrument/console.js:53
[   10954ms] [ERROR] Creating a worker from 'blob:http://localhost:3000/f69258d1-a076-466d-9427-d65d1c0618ee' violates the following Content Security Policy directive: "script-src 'self' 'unsafe-inline' 'unsafe-eval' https://cdnjs.cloudflare.com https://*.sentry.io https://*.posthog.com". Note that 'worker-src' was not explicitly set, so 'script-src' is used as a fallback. The action has been blocked. @ webpack-internal:///(app-pages-browser)/./node_modules/@sentry/replay/build/npm/esm/index.js:5672
[   10960ms] [LOG] [Client Instrumentation Hook] Slow execution detected: 50ms (Note: Code download overhead is not included in this measurement) @ webpack-internal:///(app-pages-browser)/./node_modules/@sentry/core/build/esm/instrument/console.js:53
[   10988ms] [INFO] %cDownload the React DevTools for a better development experience: https://react.dev/link/react-devtools font-weight:bold @ webpack-internal:///(app-pages-browser)/./node_modules/@sentry/core/build/esm/instrument/console.js:53
[   11028ms] [LOG] [HMR] connected @ webpack-internal:///(app-pages-browser)/./node_modules/@sentry/core/build/esm/instrument/console.js:53
[   11048ms] [INFO] [analytics] NEXT_PUBLIC_POSTHOG_KEY not set — analytics disabled @ webpack-internal:///(app-pages-browser)/./node_modules/@sentry/core/build/esm/instrument/console.js:53
[   11129ms] [LOG] [Fast Refresh] rebuilding @ webpack-internal:///(app-pages-browser)/./node_modules/@sentry/core/build/esm/instrument/console.js:53
[   11277ms] [LOG] [Fast Refresh] done in 149ms @ webpack-internal:///(app-pages-browser)/./node_modules/@sentry/core/build/esm/instrument/console.js:53
[   11279ms] [LOG] [Fast Refresh] rebuilding @ webpack-internal:///(app-pages-browser)/./node_modules/@sentry/core/build/esm/instrument/console.js:53
[   11353ms] [LOG] [Fast Refresh] done in 73ms @ webpack-internal:///(app-pages-browser)/./node_modules/@sentry/core/build/esm/instrument/console.js:53
[   11391ms] [LOG] [Fast Refresh] rebuilding @ webpack-internal:///(app-pages-browser)/./node_modules/@sentry/core/build/esm/instrument/console.js:53
[   11394ms] [LOG] [Fast Refresh] done in 3ms @ webpack-internal:///(app-pages-browser)/./node_modules/@sentry/core/build/esm/instrument/console.js:53
[   11521ms] [LOG] [Fast Refresh] rebuilding @ webpack-internal:///(app-pages-browser)/./node_modules/@sentry/core/build/esm/instrument/console.js:53
[   11526ms] [LOG] [Fast Refresh] done in 4ms @ webpack-internal:///(app-pages-browser)/./node_modules/@sentry/core/build/esm/instrument/console.js:53
[   11648ms] [LOG] [Fast Refresh] rebuilding @ webpack-internal:///(app-pages-browser)/./node_modules/@sentry/core/build/esm/instrument/console.js:53
[   11673ms] [LOG] [Fast Refresh] done in 25ms @ webpack-internal:///(app-pages-browser)/./node_modules/@sentry/core/build/esm/instrument/console.js:53
[   11781ms] [LOG] [Fast Refresh] rebuilding @ webpack-internal:///(app-pages-browser)/./node_modules/@sentry/core/build/esm/instrument/console.js:53
[   11790ms] [LOG] [Fast Refresh] done in 9ms @ webpack-internal:///(app-pages-browser)/./node_modules/@sentry/core/build/esm/instrument/console.js:53
[   11907ms] [LOG] [Fast Refresh] rebuilding @ webpack-internal:///(app-pages-browser)/./node_modules/@sentry/core/build/esm/instrument/console.js:53
[   11928ms] [LOG] [Fast Refresh] done in 22ms @ webpack-internal:///(app-pages-browser)/./node_modules/@sentry/core/build/esm/instrument/console.js:53
[   12020ms] [LOG] [Fast Refresh] rebuilding @ webpack-internal:///(app-pages-browser)/./node_modules/@sentry/core/build/esm/instrument/console.js:53
[   12029ms] [LOG] [Fast Refresh] done in 10ms @ webpack-internal:///(app-pages-browser)/./node_modules/@sentry/core/build/esm/instrument/console.js:53
[   12130ms] [LOG] [Fast Refresh] rebuilding @ webpack-internal:///(app-pages-browser)/./node_modules/@sentry/core/build/esm/instrument/console.js:53
[   12138ms] [LOG] [Fast Refresh] done in 9ms @ webpack-internal:///(app-pages-browser)/./node_modules/@sentry/core/build/esm/instrument/console.js:53
[   12248ms] [LOG] [Fast Refresh] rebuilding @ webpack-internal:///(app-pages-browser)/./node_modules/@sentry/core/build/esm/instrument/console.js:53
[   12258ms] [LOG] [Fast Refresh] done in 11ms @ webpack-internal:///(app-pages-browser)/./node_modules/@sentry/core/build/esm/instrument/console.js:53
[   12353ms] [LOG] [Fast Refresh] rebuilding @ webpack-internal:///(app-pages-browser)/./node_modules/@sentry/core/build/esm/instrument/console.js:53
[   12361ms] [LOG] [Fast Refresh] done in 8ms @ webpack-internal:///(app-pages-browser)/./node_modules/@sentry/core/build/esm/instrument/console.js:53
[   12469ms] [LOG] [Fast Refresh] rebuilding @ webpack-internal:///(app-pages-browser)/./node_modules/@sentry/core/build/esm/instrument/console.js:53
[   12478ms] [LOG] [Fast Refresh] done in 10ms @ webpack-internal:///(app-pages-browser)/./node_modules/@sentry/core/build/esm/instrument/console.js:53
[   12574ms] [LOG] [Fast Refresh] rebuilding @ webpack-internal:///(app-pages-browser)/./node_modules/@sentry/core/build/esm/instrument/console.js:53
[   12582ms] [LOG] [Fast Refresh] done in 8ms @ webpack-internal:///(app-pages-browser)/./node_modules/@sentry/core/build/esm/instrument/console.js:53
[   12697ms] [LOG] [Fast Refresh] rebuilding @ webpack-internal:///(app-pages-browser)/./node_modules/@sentry/core/build/esm/instrument/console.js:53
[   12747ms] [LOG] [Fast Refresh] done in 49ms @ webpack-internal:///(app-pages-browser)/./node_modules/@sentry/core/build/esm/instrument/console.js:53
[   12783ms] [LOG] [Fast Refresh] rebuilding @ webpack-internal:///(app-pages-browser)/./node_modules/@sentry/core/build/esm/instrument/console.js:53
[   12786ms] [LOG] [Fast Refresh] done in 3ms @ webpack-internal:///(app-pages-browser)/./node_modules/@sentry/core/build/esm/instrument/console.js:53
[   12918ms] [LOG] [Fast Refresh] rebuilding @ webpack-internal:///(app-pages-browser)/./node_modules/@sentry/core/build/esm/instrument/console.js:53
[   12931ms] [LOG] [Fast Refresh] done in 14ms @ webpack-internal:///(app-pages-browser)/./node_modules/@sentry/core/build/esm/instrument/console.js:53
[   13130ms] [LOG] [Fast Refresh] rebuilding @ webpack-internal:///(app-pages-browser)/./node_modules/@sentry/core/build/esm/instrument/console.js:53
[   13182ms] [LOG] [Fast Refresh] done in 53ms @ webpack-internal:///(app-pages-browser)/./node_modules/@sentry/core/build/esm/instrument/console.js:53
[   13264ms] [LOG] [Fast Refresh] rebuilding @ webpack-internal:///(app-pages-browser)/./node_modules/@sentry/core/build/esm/instrument/console.js:53
[   13315ms] [LOG] [Fast Refresh] done in 51ms @ webpack-internal:///(app-pages-browser)/./node_modules/@sentry/core/build/esm/instrument/console.js:53
[   13353ms] [LOG] [Fast Refresh] rebuilding @ webpack-internal:///(app-pages-browser)/./node_modules/@sentry/core/build/esm/instrument/console.js:53
[   13356ms] [LOG] [Fast Refresh] done in 3ms @ webpack-internal:///(app-pages-browser)/./node_modules/@sentry/core/build/esm/instrument/console.js:53
[   13466ms] [LOG] [Fast Refresh] rebuilding @ webpack-internal:///(app-pages-browser)/./node_modules/@sentry/core/build/esm/instrument/console.js:53
[   13469ms] [LOG] [Fast Refresh] done in 4ms @ webpack-internal:///(app-pages-browser)/./node_modules/@sentry/core/build/esm/instrument/console.js:53
[   13582ms] [LOG] [Fast Refresh] rebuilding @ webpack-internal:///(app-pages-browser)/./node_modules/@sentry/core/build/esm/instrument/console.js:53
[   13585ms] [LOG] [Fast Refresh] done in 3ms @ webpack-internal:///(app-pages-browser)/./node_modules/@sentry/core/build/esm/instrument/console.js:53
[   13697ms] [LOG] [Fast Refresh] rebuilding @ webpack-internal:///(app-pages-browser)/./node_modules/@sentry/core/build/esm/instrument/console.js:53
[   13701ms] [LOG] [Fast Refresh] done in 4ms @ webpack-internal:///(app-pages-browser)/./node_modules/@sentry/core/build/esm/instrument/console.js:53
[   13825ms] [LOG] [Fast Refresh] rebuilding @ webpack-internal:///(app-pages-browser)/./node_modules/@sentry/core/build/esm/instrument/console.js:53
[   13834ms] [LOG] [Fast Refresh] done in 9ms @ webpack-internal:///(app-pages-browser)/./node_modules/@sentry/core/build/esm/instrument/console.js:53
[   13950ms] [LOG] [Fast Refresh] rebuilding @ webpack-internal:///(app-pages-browser)/./node_modules/@sentry/core/build/esm/instrument/console.js:53
[   14000ms] [LOG] [Fast Refresh] done in 50ms @ webpack-internal:///(app-pages-browser)/./node_modules/@sentry/core/build/esm/instrument/console.js:53
[   14058ms] [LOG] [Fast Refresh] rebuilding @ webpack-internal:///(app-pages-browser)/./node_modules/@sentry/core/build/esm/instrument/console.js:53
[   14065ms] [LOG] [Fast Refresh] done in 7ms @ webpack-internal:///(app-pages-browser)/./node_modules/@sentry/core/build/esm/instrument/console.js:53
[   14176ms] [LOG] [Fast Refresh] rebuilding @ webpack-internal:///(app-pages-browser)/./node_modules/@sentry/core/build/esm/instrument/console.js:53
[   14224ms] [LOG] [Fast Refresh] done in 49ms @ webpack-internal:///(app-pages-browser)/./node_modules/@sentry/core/build/esm/instrument/console.js:53
[   14279ms] [LOG] [Fast Refresh] rebuilding @ webpack-internal:///(app-pages-browser)/./node_modules/@sentry/core/build/esm/instrument/console.js:53
[   14288ms] [LOG] [Fast Refresh] done in 9ms @ webpack-internal:///(app-pages-browser)/./node_modules/@sentry/core/build/esm/instrument/console.js:53
[   14388ms] [LOG] [Fast Refresh] rebuilding @ webpack-internal:///(app-pages-browser)/./node_modules/@sentry/core/build/esm/instrument/console.js:53
[   14395ms] [LOG] [Fast Refresh] done in 7ms @ webpack-internal:///(app-pages-browser)/./node_modules/@sentry/core/build/esm/instrument/console.js:53
[   14503ms] [LOG] [Fast Refresh] rebuilding @ webpack-internal:///(app-pages-browser)/./node_modules/@sentry/core/build/esm/instrument/console.js:53
[   14511ms] [LOG] [Fast Refresh] done in 7ms @ webpack-internal:///(app-pages-browser)/./node_modules/@sentry/core/build/esm/instrument/console.js:53
[   14601ms] [LOG] [Fast Refresh] rebuilding @ webpack-internal:///(app-pages-browser)/./node_modules/@sentry/core/build/esm/instrument/console.js:53
[   14616ms] [LOG] [Fast Refresh] done in 15ms @ webpack-internal:///(app-pages-browser)/./node_modules/@sentry/core/build/esm/instrument/console.js:53
[   14935ms] [LOG] [Fast Refresh] rebuilding @ webpack-internal:///(app-pages-browser)/./node_modules/@sentry/core/build/esm/instrument/console.js:53
[   14949ms] [LOG] [Fast Refresh] done in 13ms @ webpack-internal:///(app-pages-browser)/./node_modules/@sentry/core/build/esm/instrument/console.js:53
[   14956ms] [LOG] [Fast Refresh] rebuilding @ webpack-internal:///(app-pages-browser)/./node_modules/@sentry/core/build/esm/instrument/console.js:53
[   14986ms] [LOG] [Fast Refresh] done in 29ms @ webpack-internal:///(app-pages-browser)/./node_modules/@sentry/core/build/esm/instrument/console.js:53
[   14999ms] [ERROR] Failed to load resource: the server responded with a status of 500 (Internal Server Error) @ http://localhost:3000/dashboard/facturacion?tab=recibidas&_rsc=myjpi:0
[   15004ms] [LOG] [Fast Refresh] rebuilding @ webpack-internal:///(app-pages-browser)/./node_modules/@sentry/core/build/esm/instrument/console.js:53
[   15406ms] [LOG] [Fast Refresh] done in 402ms @ webpack-internal:///(app-pages-browser)/./node_modules/@sentry/core/build/esm/instrument/console.js:53
[   15454ms] [LOG] [Fast Refresh] rebuilding @ webpack-internal:///(app-pages-browser)/./node_modules/@sentry/core/build/esm/instrument/console.js:53
[   15470ms] [LOG] [Fast Refresh] done in 16ms @ webpack-internal:///(app-pages-browser)/./node_modules/@sentry/core/build/esm/instrument/console.js:53
[   15748ms] [ERROR] Failed to load resource: the server responded with a status of 500 (Internal Server Error) @ http://localhost:3000/dashboard/facturacion?tab=recibidas:0
[   15805ms] [INFO] %cDownload the React DevTools for a better development experience: https://react.dev/link/react-devtools font-weight:bold @ webpack-internal:///(pages-dir-browser)/./node_modules/react-dom/cjs/react-dom-client.development.js:28004
[   15839ms] [ERROR] Creating a worker from 'blob:http://localhost:3000/2f827a40-17a0-44e9-aa68-687784415ba3' violates the following Content Security Policy directive: "script-src 'self' 'unsafe-inline' 'unsafe-eval' https://cdnjs.cloudflare.com https://*.sentry.io https://*.posthog.com". Note that 'worker-src' was not explicitly set, so 'script-src' is used as a fallback. The action has been blocked. @ webpack-internal:///(pages-dir-browser)/./node_modules/@sentry/replay/build/npm/esm/index.js:5672
[   15850ms] SyntaxError: Unexpected end of JSON input
    at JSON.parse (<anonymous>)
    at loadManifest (file:///Users/daniilkonovalyukpanasyuk/enlaze/node_modules/next/dist/server/load-manifest.external.js:54:25)
    at loadManifestFromRelativePath (file:///Users/daniilkonovalyukpanasyuk/enlaze/node_modules/next/dist/server/load-manifest.external.js:111:12)
    at AppPageRouteModule.loadManifests (file:///Users/daniilkonovalyukpanasyuk/enlaze/node_modules/next/dist/compiled/next-server/app-page.runtime.dev.js:71:33979)
    at AppPageRouteModule.prepare (file:///Users/daniilkonovalyukpanasyuk/enlaze/node_modules/next/dist/compiled/next-server/app-page.runtime.dev.js:71:41329)
    at process.processTicksAndRejections (node:internal/process/task_queues:104:5)
    at async Module.handler (webpack-internal:///(rsc)/./node_modules/next/dist/build/webpack/loaders/next-app-loader/index.js?name=app%2Fdashboard%2Ffacturacion%2Fpage&page=%2Fdashboard%2Ffacturacion%2Fpage&appPaths=%2Fdashboard%2Ffacturacion%2Fpage&allNormalizedAppPaths=&pagePath=private-next-app-dir%2Fdashboard%2Ffacturacion%2Fpage.tsx&appDir=%2FUsers%2Fdaniilkonovalyukpanasyuk%2Fenlaze%2Fapp&pageExtensions=tsx&pageExtensions=ts&pageExtensions=jsx&pageExtensions=js&rootDir=%2FUsers%2Fdaniilkonovalyukpanasyuk%2Fenlaze&isDev=true&tsconfigPath=&basePath=&assetPrefix=&nextConfigOutput=&preferredRegion=&middlewareConfig=e30%3D&isGlobalNotFoundEnabled=!:253:27)
    at async DevServer.renderToResponseWithComponentsImpl (file:///Users/daniilkonovalyukpanasyuk/enlaze/node_modules/next/dist/server/base-server.js:1454:9)
    at async DevServer.renderPageComponent (file:///Users/daniilkonovalyukpanasyuk/enlaze/node_modules/next/dist/server/base-server.js:1506:24)
    at async DevServer.renderToResponseImpl (file:///Users/daniilkonovalyukpanasyuk/enlaze/node_modules/next/dist/server/base-server.js:1556:32)
    at async DevServer.pipeImpl (file:///Users/daniilkonovalyukpanasyuk/enlaze/node_modules/next/dist/server/base-server.js:1043:25)
    at async NextNodeServer.handleCatchallRenderRequest (file:///Users/daniilkonovalyukpanasyuk/enlaze/node_modules/next/dist/server/next-server.js:338:17)
    at async DevServer.handleRequestImpl (file:///Users/daniilkonovalyukpanasyuk/enlaze/node_modules/next/dist/server/base-server.js:934:17)
    at async (file:///Users/daniilkonovalyukpanasyuk/enlaze/node_modules/next/dist/server/dev/next-dev-server.js:394:20)
    at async Span.traceAsyncFn (file:///Users/daniilkonovalyukpanasyuk/enlaze/node_modules/next/dist/trace/trace.js:164:20)
    at async DevServer.handleRequest (file:///Users/daniilkonovalyukpanasyuk/enlaze/node_modules/next/dist/server/dev/next-dev-server.js:390:24)
    at async invokeRender (file:///Users/daniilkonovalyukpanasyuk/enlaze/node_modules/next/dist/server/lib/router-server.js:253:21)
    at async handleRequest (file:///Users/daniilkonovalyukpanasyuk/enlaze/node_modules/next/dist/server/lib/router-server.js:452:24)
    at async requestHandlerImpl (file:///Users/daniilkonovalyukpanasyuk/enlaze/node_modules/next/dist/server/lib/router-server.js:501:13)
    at async Server.requestListener (file:///Users/daniilkonovalyukpanasyuk/enlaze/node_modules/next/dist/server/lib/start-server.js:225:13)
[   15850ms] [LOG] [HMR] connected @ webpack-internal:///(pages-dir-browser)/./node_modules/@sentry/core/build/esm/instrument/console.js:53
[   16036ms] [WARNING] [Fast Refresh] performing full reload because your application had an unrecoverable error @ webpack-internal:///(pages-dir-browser)/./node_modules/@sentry/core/build/esm/instrument/console.js:53
[   16092ms] [LOG] [Fast Refresh] rebuilding @ webpack-internal:///(pages-dir-browser)/./node_modules/@sentry/core/build/esm/instrument/console.js:53
[   16099ms] [WARNING] [Fast Refresh] performing full reload because your application had an unrecoverable error @ webpack-internal:///(pages-dir-browser)/./node_modules/@sentry/core/build/esm/instrument/console.js:53
[   16447ms] [WARNING] [Fast Refresh] performing full reload because your application had an unrecoverable error @ webpack-internal:///(pages-dir-browser)/./node_modules/@sentry/core/build/esm/instrument/console.js:53
[   16485ms] [LOG] [Fast Refresh] rebuilding @ webpack-internal:///(pages-dir-browser)/./node_modules/@sentry/core/build/esm/instrument/console.js:53
[   17254ms] [ERROR] Creating a worker from 'blob:http://localhost:3000/19f9c6a9-b061-4b5e-ab0b-f9dfd0642627' violates the following Content Security Policy directive: "script-src 'self' 'unsafe-inline' 'unsafe-eval' https://cdnjs.cloudflare.com https://*.sentry.io https://*.posthog.com". Note that 'worker-src' was not explicitly set, so 'script-src' is used as a fallback. The action has been blocked. @ webpack-internal:///(app-pages-browser)/./node_modules/@sentry/replay/build/npm/esm/index.js:5672
[   17259ms] [LOG] [Client Instrumentation Hook] Slow execution detected: 45ms (Note: Code download overhead is not included in this measurement) @ webpack-internal:///(app-pages-browser)/./node_modules/@sentry/core/build/esm/instrument/console.js:53
[   17285ms] [INFO] %cDownload the React DevTools for a better development experience: https://react.dev/link/react-devtools font-weight:bold @ webpack-internal:///(app-pages-browser)/./node_modules/@sentry/core/build/esm/instrument/console.js:53
[   17322ms] [LOG] [HMR] connected @ webpack-internal:///(app-pages-browser)/./node_modules/@sentry/core/build/esm/instrument/console.js:53
[   17343ms] [INFO] [analytics] NEXT_PUBLIC_POSTHOG_KEY not set — analytics disabled @ webpack-internal:///(app-pages-browser)/./node_modules/@sentry/core/build/esm/instrument/console.js:53
[   17371ms] [LOG] [Fast Refresh] rebuilding @ webpack-internal:///(app-pages-browser)/./node_modules/@sentry/core/build/esm/instrument/console.js:53
[   17378ms] [LOG] [Fast Refresh] done in 8ms @ webpack-internal:///(app-pages-browser)/./node_modules/@sentry/core/build/esm/instrument/console.js:53
[   17523ms] [LOG] [Fast Refresh] rebuilding @ webpack-internal:///(app-pages-browser)/./node_modules/@sentry/core/build/esm/instrument/console.js:53
[   17580ms] [LOG] [Fast Refresh] done in 57ms @ webpack-internal:///(app-pages-browser)/./node_modules/@sentry/core/build/esm/instrument/console.js:53
[   17646ms] [LOG] [Fast Refresh] rebuilding @ webpack-internal:///(app-pages-browser)/./node_modules/@sentry/core/build/esm/instrument/console.js:53
[   17660ms] [LOG] [Fast Refresh] done in 13ms @ webpack-internal:///(app-pages-browser)/./node_modules/@sentry/core/build/esm/instrument/console.js:53
[   17765ms] [LOG] [Fast Refresh] rebuilding @ webpack-internal:///(app-pages-browser)/./node_modules/@sentry/core/build/esm/instrument/console.js:53
[   17776ms] [LOG] [Fast Refresh] done in 12ms @ webpack-internal:///(app-pages-browser)/./node_modules/@sentry/core/build/esm/instrument/console.js:53
[   17873ms] [LOG] [Fast Refresh] rebuilding @ webpack-internal:///(app-pages-browser)/./node_modules/@sentry/core/build/esm/instrument/console.js:53
[   17886ms] [LOG] [Fast Refresh] done in 14ms @ webpack-internal:///(app-pages-browser)/./node_modules/@sentry/core/build/esm/instrument/console.js:53
[   17995ms] [LOG] [Fast Refresh] rebuilding @ webpack-internal:///(app-pages-browser)/./node_modules/@sentry/core/build/esm/instrument/console.js:53
[   18011ms] [LOG] [Fast Refresh] done in 16ms @ webpack-internal:///(app-pages-browser)/./node_modules/@sentry/core/build/esm/instrument/console.js:53
[   18136ms] [LOG] [Fast Refresh] rebuilding @ webpack-internal:///(app-pages-browser)/./node_modules/@sentry/core/build/esm/instrument/console.js:53
[   18150ms] [LOG] [Fast Refresh] done in 14ms @ webpack-internal:///(app-pages-browser)/./node_modules/@sentry/core/build/esm/instrument/console.js:53
[   18276ms] [LOG] [Fast Refresh] rebuilding @ webpack-internal:///(app-pages-browser)/./node_modules/@sentry/core/build/esm/instrument/console.js:53
[   18352ms] [LOG] [Fast Refresh] done in 76ms @ webpack-internal:///(app-pages-browser)/./node_modules/@sentry/core/build/esm/instrument/console.js:53
[   18497ms] [LOG] [Fast Refresh] rebuilding @ webpack-internal:///(app-pages-browser)/./node_modules/@sentry/core/build/esm/instrument/console.js:53
[   18548ms] [LOG] [Fast Refresh] done in 50ms @ webpack-internal:///(app-pages-browser)/./node_modules/@sentry/core/build/esm/instrument/console.js:53
[   18615ms] [LOG] [Fast Refresh] rebuilding @ webpack-internal:///(app-pages-browser)/./node_modules/@sentry/core/build/esm/instrument/console.js:53
[   18630ms] [LOG] [Fast Refresh] done in 15ms @ webpack-internal:///(app-pages-browser)/./node_modules/@sentry/core/build/esm/instrument/console.js:53
[   18721ms] [LOG] [Fast Refresh] rebuilding @ webpack-internal:///(app-pages-browser)/./node_modules/@sentry/core/build/esm/instrument/console.js:53
[   18730ms] [LOG] [Fast Refresh] done in 9ms @ webpack-internal:///(app-pages-browser)/./node_modules/@sentry/core/build/esm/instrument/console.js:53
[   18843ms] [LOG] [Fast Refresh] rebuilding @ webpack-internal:///(app-pages-browser)/./node_modules/@sentry/core/build/esm/instrument/console.js:53
[   18861ms] [LOG] [Fast Refresh] done in 18ms @ webpack-internal:///(app-pages-browser)/./node_modules/@sentry/core/build/esm/instrument/console.js:53
[   18960ms] [LOG] [Fast Refresh] rebuilding @ webpack-internal:///(app-pages-browser)/./node_modules/@sentry/core/build/esm/instrument/console.js:53
[   18968ms] [LOG] [Fast Refresh] done in 8ms @ webpack-internal:///(app-pages-browser)/./node_modules/@sentry/core/build/esm/instrument/console.js:53
[   19060ms] [LOG] [Fast Refresh] rebuilding @ webpack-internal:///(app-pages-browser)/./node_modules/@sentry/core/build/esm/instrument/console.js:53
[   19068ms] [LOG] [Fast Refresh] done in 9ms @ webpack-internal:///(app-pages-browser)/./node_modules/@sentry/core/build/esm/instrument/console.js:53
[   19184ms] [LOG] [Fast Refresh] rebuilding @ webpack-internal:///(app-pages-browser)/./node_modules/@sentry/core/build/esm/instrument/console.js:53
[   19235ms] [LOG] [Fast Refresh] done in 52ms @ webpack-internal:///(app-pages-browser)/./node_modules/@sentry/core/build/esm/instrument/console.js:53
[   19274ms] [LOG] [Fast Refresh] rebuilding @ webpack-internal:///(app-pages-browser)/./node_modules/@sentry/core/build/esm/instrument/console.js:53
[   19278ms] [LOG] [Fast Refresh] done in 3ms @ webpack-internal:///(app-pages-browser)/./node_modules/@sentry/core/build/esm/instrument/console.js:53
[   19400ms] [LOG] [Fast Refresh] rebuilding @ webpack-internal:///(app-pages-browser)/./node_modules/@sentry/core/build/esm/instrument/console.js:53
[   19407ms] [LOG] [Fast Refresh] done in 7ms @ webpack-internal:///(app-pages-browser)/./node_modules/@sentry/core/build/esm/instrument/console.js:53
[   19501ms] [LOG] [Fast Refresh] rebuilding @ webpack-internal:///(app-pages-browser)/./node_modules/@sentry/core/build/esm/instrument/console.js:53
[   19509ms] [LOG] [Fast Refresh] done in 8ms @ webpack-internal:///(app-pages-browser)/./node_modules/@sentry/core/build/esm/instrument/console.js:53
[   19609ms] [LOG] [Fast Refresh] rebuilding @ webpack-internal:///(app-pages-browser)/./node_modules/@sentry/core/build/esm/instrument/console.js:53
[   19619ms] [LOG] [Fast Refresh] done in 9ms @ webpack-internal:///(app-pages-browser)/./node_modules/@sentry/core/build/esm/instrument/console.js:53
[   19715ms] [LOG] [Fast Refresh] rebuilding @ webpack-internal:///(app-pages-browser)/./node_modules/@sentry/core/build/esm/instrument/console.js:53
[   19723ms] [LOG] [Fast Refresh] done in 9ms @ webpack-internal:///(app-pages-browser)/./node_modules/@sentry/core/build/esm/instrument/console.js:53
[   19828ms] [LOG] [Fast Refresh] rebuilding @ webpack-internal:///(app-pages-browser)/./node_modules/@sentry/core/build/esm/instrument/console.js:53
[   19842ms] [LOG] [Fast Refresh] done in 13ms @ webpack-internal:///(app-pages-browser)/./node_modules/@sentry/core/build/esm/instrument/console.js:53
[   19932ms] [LOG] [Fast Refresh] rebuilding @ webpack-internal:///(app-pages-browser)/./node_modules/@sentry/core/build/esm/instrument/console.js:53
[   19940ms] [LOG] [Fast Refresh] done in 8ms @ webpack-internal:///(app-pages-browser)/./node_modules/@sentry/core/build/esm/instrument/console.js:53
[   20039ms] [LOG] [Fast Refresh] rebuilding @ webpack-internal:///(app-pages-browser)/./node_modules/@sentry/core/build/esm/instrument/console.js:53
[   20048ms] [LOG] [Fast Refresh] done in 9ms @ webpack-internal:///(app-pages-browser)/./node_modules/@sentry/core/build/esm/instrument/console.js:53
[   20142ms] [LOG] [Fast Refresh] rebuilding @ webpack-internal:///(app-pages-browser)/./node_modules/@sentry/core/build/esm/instrument/console.js:53
[   20151ms] [LOG] [Fast Refresh] done in 8ms @ webpack-internal:///(app-pages-browser)/./node_modules/@sentry/core/build/esm/instrument/console.js:53
[   20263ms] [LOG] [Fast Refresh] rebuilding @ webpack-internal:///(app-pages-browser)/./node_modules/@sentry/core/build/esm/instrument/console.js:53
[   20333ms] [LOG] [Fast Refresh] done in 71ms @ webpack-internal:///(app-pages-browser)/./node_modules/@sentry/core/build/esm/instrument/console.js:53
[   20475ms] [LOG] [Fast Refresh] rebuilding @ webpack-internal:///(app-pages-browser)/./node_modules/@sentry/core/build/esm/instrument/console.js:53
[   20490ms] [LOG] [Fast Refresh] done in 15ms @ webpack-internal:///(app-pages-browser)/./node_modules/@sentry/core/build/esm/instrument/console.js:53
[   20597ms] [LOG] [Fast Refresh] rebuilding @ webpack-internal:///(app-pages-browser)/./node_modules/@sentry/core/build/esm/instrument/console.js:53
[   20606ms] [LOG] [Fast Refresh] done in 9ms @ webpack-internal:///(app-pages-browser)/./node_modules/@sentry/core/build/esm/instrument/console.js:53
[   20707ms] [LOG] [Fast Refresh] rebuilding @ webpack-internal:///(app-pages-browser)/./node_modules/@sentry/core/build/esm/instrument/console.js:53
[   20724ms] [LOG] [Fast Refresh] done in 16ms @ webpack-internal:///(app-pages-browser)/./node_modules/@sentry/core/build/esm/instrument/console.js:53
[   20832ms] [LOG] [Fast Refresh] rebuilding @ webpack-internal:///(app-pages-browser)/./node_modules/@sentry/core/build/esm/instrument/console.js:53
[   20881ms] [LOG] [Fast Refresh] done in 50ms @ webpack-internal:///(app-pages-browser)/./node_modules/@sentry/core/build/esm/instrument/console.js:53
[   20942ms] [LOG] [Fast Refresh] rebuilding @ webpack-internal:///(app-pages-browser)/./node_modules/@sentry/core/build/esm/instrument/console.js:53
[   20949ms] [LOG] [Fast Refresh] done in 7ms @ webpack-internal:///(app-pages-browser)/./node_modules/@sentry/core/build/esm/instrument/console.js:53
[   21061ms] [LOG] [Fast Refresh] rebuilding @ webpack-internal:///(app-pages-browser)/./node_modules/@sentry/core/build/esm/instrument/console.js:53
[   21073ms] [LOG] [Fast Refresh] done in 13ms @ webpack-internal:///(app-pages-browser)/./node_modules/@sentry/core/build/esm/instrument/console.js:53
[   21164ms] [LOG] [Fast Refresh] rebuilding @ webpack-internal:///(app-pages-browser)/./node_modules/@sentry/core/build/esm/instrument/console.js:53
[   21172ms] [LOG] [Fast Refresh] done in 9ms @ webpack-internal:///(app-pages-browser)/./node_modules/@sentry/core/build/esm/instrument/console.js:53
[   21287ms] [LOG] [Fast Refresh] rebuilding @ webpack-internal:///(app-pages-browser)/./node_modules/@sentry/core/build/esm/instrument/console.js:53
[   21339ms] [LOG] [Fast Refresh] done in 51ms @ webpack-internal:///(app-pages-browser)/./node_modules/@sentry/core/build/esm/instrument/console.js:53
[   21391ms] [LOG] [Fast Refresh] rebuilding @ webpack-internal:///(app-pages-browser)/./node_modules/@sentry/core/build/esm/instrument/console.js:53
[   21399ms] [LOG] [Fast Refresh] done in 9ms @ webpack-internal:///(app-pages-browser)/./node_modules/@sentry/core/build/esm/instrument/console.js:53
[   21504ms] [LOG] [Fast Refresh] rebuilding @ webpack-internal:///(app-pages-browser)/./node_modules/@sentry/core/build/esm/instrument/console.js:53
[   21524ms] [LOG] [Fast Refresh] done in 20ms @ webpack-internal:///(app-pages-browser)/./node_modules/@sentry/core/build/esm/instrument/console.js:53
[   21635ms] [LOG] [Fast Refresh] rebuilding @ webpack-internal:///(app-pages-browser)/./node_modules/@sentry/core/build/esm/instrument/console.js:53
[   21683ms] [LOG] [Fast Refresh] done in 48ms @ webpack-internal:///(app-pages-browser)/./node_modules/@sentry/core/build/esm/instrument/console.js:53
[   21722ms] [LOG] [Fast Refresh] rebuilding @ webpack-internal:///(app-pages-browser)/./node_modules/@sentry/core/build/esm/instrument/console.js:53
[   21725ms] [LOG] [Fast Refresh] done in 3ms @ webpack-internal:///(app-pages-browser)/./node_modules/@sentry/core/build/esm/instrument/console.js:53
[   21832ms] [LOG] [Fast Refresh] rebuilding @ webpack-internal:///(app-pages-browser)/./node_modules/@sentry/core/build/esm/instrument/console.js:53
[   21835ms] [LOG] [Fast Refresh] done in 2ms @ webpack-internal:///(app-pages-browser)/./node_modules/@sentry/core/build/esm/instrument/console.js:53
[   21943ms] [LOG] [Fast Refresh] rebuilding @ webpack-internal:///(app-pages-browser)/./node_modules/@sentry/core/build/esm/instrument/console.js:53
[   21946ms] [LOG] [Fast Refresh] done in 3ms @ webpack-internal:///(app-pages-browser)/./node_modules/@sentry/core/build/esm/instrument/console.js:53
[   22053ms] [LOG] [Fast Refresh] rebuilding @ webpack-internal:///(app-pages-browser)/./node_modules/@sentry/core/build/esm/instrument/console.js:53
[   22056ms] [LOG] [Fast Refresh] done in 4ms @ webpack-internal:///(app-pages-browser)/./node_modules/@sentry/core/build/esm/instrument/console.js:53
[   22171ms] [LOG] [Fast Refresh] rebuilding @ webpack-internal:///(app-pages-browser)/./node_modules/@sentry/core/build/esm/instrument/console.js:53
[   22174ms] [LOG] [Fast Refresh] done in 4ms @ webpack-internal:///(app-pages-browser)/./node_modules/@sentry/core/build/esm/instrument/console.js:53
[   22284ms] [LOG] [Fast Refresh] rebuilding @ webpack-internal:///(app-pages-browser)/./node_modules/@sentry/core/build/esm/instrument/console.js:53
[   22288ms] [LOG] [Fast Refresh] done in 4ms @ webpack-internal:///(app-pages-browser)/./node_modules/@sentry/core/build/esm/instrument/console.js:53
[   22498ms] [LOG] [Fast Refresh] rebuilding @ webpack-internal:///(app-pages-browser)/./node_modules/@sentry/core/build/esm/instrument/console.js:53
[   22510ms] [LOG] [Fast Refresh] done in 13ms @ webpack-internal:///(app-pages-browser)/./node_modules/@sentry/core/build/esm/instrument/console.js:53
[   22624ms] [LOG] [Fast Refresh] rebuilding @ webpack-internal:///(app-pages-browser)/./node_modules/@sentry/core/build/esm/instrument/console.js:53
[   22680ms] [LOG] [Fast Refresh] done in 57ms @ webpack-internal:///(app-pages-browser)/./node_modules/@sentry/core/build/esm/instrument/console.js:53
[   22746ms] [LOG] [Fast Refresh] rebuilding @ webpack-internal:///(app-pages-browser)/./node_modules/@sentry/core/build/esm/instrument/console.js:53
[   22796ms] [LOG] [Fast Refresh] done in 49ms @ webpack-internal:///(app-pages-browser)/./node_modules/@sentry/core/build/esm/instrument/console.js:53
[   22844ms] [LOG] [Fast Refresh] rebuilding @ webpack-internal:///(app-pages-browser)/./node_modules/@sentry/core/build/esm/instrument/console.js:53
[   22866ms] [LOG] [Fast Refresh] done in 23ms @ webpack-internal:///(app-pages-browser)/./node_modules/@sentry/core/build/esm/instrument/console.js:53
[   23182ms] [LOG] [Fast Refresh] rebuilding @ webpack-internal:///(app-pages-browser)/./node_modules/@sentry/core/build/esm/instrument/console.js:53
[   23196ms] [LOG] [Fast Refresh] done in 14ms @ webpack-internal:///(app-pages-browser)/./node_modules/@sentry/core/build/esm/instrument/console.js:53
[   23201ms] [LOG] [Fast Refresh] rebuilding @ webpack-internal:///(app-pages-browser)/./node_modules/@sentry/core/build/esm/instrument/console.js:53
[   23232ms] [LOG] [Fast Refresh] done in 31ms @ webpack-internal:///(app-pages-browser)/./node_modules/@sentry/core/build/esm/instrument/console.js:53
[   23248ms] [ERROR] Failed to load resource: the server responded with a status of 500 (Internal Server Error) @ http://localhost:3000/dashboard/facturacion?tab=recibidas&_rsc=myjpi:0
[   23252ms] [LOG] [Fast Refresh] rebuilding @ webpack-internal:///(app-pages-browser)/./node_modules/@sentry/core/build/esm/instrument/console.js:53
[   23420ms] [LOG] [Fast Refresh] done in 168ms @ webpack-internal:///(app-pages-browser)/./node_modules/@sentry/core/build/esm/instrument/console.js:53
[   23459ms] [LOG] [Fast Refresh] rebuilding @ webpack-internal:///(app-pages-browser)/./node_modules/@sentry/core/build/esm/instrument/console.js:53
[   24072ms] [ERROR] Creating a worker from 'blob:http://localhost:3000/de31f582-4643-4efc-9ebe-e94fc1e23629' violates the following Content Security Policy directive: "script-src 'self' 'unsafe-inline' 'unsafe-eval' https://cdnjs.cloudflare.com https://*.sentry.io https://*.posthog.com". Note that 'worker-src' was not explicitly set, so 'script-src' is used as a fallback. The action has been blocked. @ webpack-internal:///(app-pages-browser)/./node_modules/@sentry/replay/build/npm/esm/index.js:5672
[   24078ms] [LOG] [Client Instrumentation Hook] Slow execution detected: 46ms (Note: Code download overhead is not included in this measurement) @ webpack-internal:///(app-pages-browser)/./node_modules/@sentry/core/build/esm/instrument/console.js:53
[   24104ms] [INFO] %cDownload the React DevTools for a better development experience: https://react.dev/link/react-devtools font-weight:bold @ webpack-internal:///(app-pages-browser)/./node_modules/@sentry/core/build/esm/instrument/console.js:53
[   24142ms] [LOG] [HMR] connected @ webpack-internal:///(app-pages-browser)/./node_modules/@sentry/core/build/esm/instrument/console.js:53
[   24162ms] [INFO] [analytics] NEXT_PUBLIC_POSTHOG_KEY not set — analytics disabled @ webpack-internal:///(app-pages-browser)/./node_modules/@sentry/core/build/esm/instrument/console.js:53
[   24190ms] [LOG] [Fast Refresh] rebuilding @ webpack-internal:///(app-pages-browser)/./node_modules/@sentry/core/build/esm/instrument/console.js:53
[   24334ms] [LOG] [Fast Refresh] done in 143ms @ webpack-internal:///(app-pages-browser)/./node_modules/@sentry/core/build/esm/instrument/console.js:53
[   24336ms] [LOG] [Fast Refresh] rebuilding @ webpack-internal:///(app-pages-browser)/./node_modules/@sentry/core/build/esm/instrument/console.js:53
[   24361ms] [LOG] [Fast Refresh] done in 26ms @ webpack-internal:///(app-pages-browser)/./node_modules/@sentry/core/build/esm/instrument/console.js:53
[   24448ms] [LOG] [Fast Refresh] rebuilding @ webpack-internal:///(app-pages-browser)/./node_modules/@sentry/core/build/esm/instrument/console.js:53
[   24451ms] [LOG] [Fast Refresh] done in 3ms @ webpack-internal:///(app-pages-browser)/./node_modules/@sentry/core/build/esm/instrument/console.js:53
[   24567ms] [LOG] [Fast Refresh] rebuilding @ webpack-internal:///(app-pages-browser)/./node_modules/@sentry/core/build/esm/instrument/console.js:53
[   24570ms] [LOG] [Fast Refresh] done in 3ms @ webpack-internal:///(app-pages-browser)/./node_modules/@sentry/core/build/esm/instrument/console.js:53
[   24686ms] [LOG] [Fast Refresh] rebuilding @ webpack-internal:///(app-pages-browser)/./node_modules/@sentry/core/build/esm/instrument/console.js:53
[   24689ms] [LOG] [Fast Refresh] done in 3ms @ webpack-internal:///(app-pages-browser)/./node_modules/@sentry/core/build/esm/instrument/console.js:53
[   24824ms] [LOG] [Fast Refresh] rebuilding @ webpack-internal:///(app-pages-browser)/./node_modules/@sentry/core/build/esm/instrument/console.js:53
[   24835ms] [LOG] [Fast Refresh] done in 10ms @ webpack-internal:///(app-pages-browser)/./node_modules/@sentry/core/build/esm/instrument/console.js:53
[   24951ms] [LOG] [Fast Refresh] rebuilding @ webpack-internal:///(app-pages-browser)/./node_modules/@sentry/core/build/esm/instrument/console.js:53
[   24974ms] [LOG] [Fast Refresh] done in 23ms @ webpack-internal:///(app-pages-browser)/./node_modules/@sentry/core/build/esm/instrument/console.js:53
[   25185ms] [LOG] [Fast Refresh] rebuilding @ webpack-internal:///(app-pages-browser)/./node_modules/@sentry/core/build/esm/instrument/console.js:53
[   25207ms] [LOG] [Fast Refresh] done in 22ms @ webpack-internal:///(app-pages-browser)/./node_modules/@sentry/core/build/esm/instrument/console.js:53
[   25385ms] [LOG] [Fast Refresh] rebuilding @ webpack-internal:///(app-pages-browser)/./node_modules/@sentry/core/build/esm/instrument/console.js:53
[   25399ms] [LOG] [Fast Refresh] done in 14ms @ webpack-internal:///(app-pages-browser)/./node_modules/@sentry/core/build/esm/instrument/console.js:53
[   25737ms] [LOG] [Fast Refresh] rebuilding @ webpack-internal:///(app-pages-browser)/./node_modules/@sentry/core/build/esm/instrument/console.js:53
[   25750ms] [LOG] [Fast Refresh] done in 12ms @ webpack-internal:///(app-pages-browser)/./node_modules/@sentry/core/build/esm/instrument/console.js:53
[   25757ms] [LOG] [Fast Refresh] rebuilding @ webpack-internal:///(app-pages-browser)/./node_modules/@sentry/core/build/esm/instrument/console.js:53
[   25788ms] [LOG] [Fast Refresh] done in 31ms @ webpack-internal:///(app-pages-browser)/./node_modules/@sentry/core/build/esm/instrument/console.js:53
[   25802ms] [ERROR] Failed to load resource: the server responded with a status of 500 (Internal Server Error) @ http://localhost:3000/dashboard/facturacion?tab=recibidas&_rsc=myjpi:0
[   25806ms] [LOG] [Fast Refresh] rebuilding @ webpack-internal:///(app-pages-browser)/./node_modules/@sentry/core/build/esm/instrument/console.js:53
[   26513ms] [ERROR] Creating a worker from 'blob:http://localhost:3000/645e9934-e12c-4461-8fee-f5a5023b86a8' violates the following Content Security Policy directive: "script-src 'self' 'unsafe-inline' 'unsafe-eval' https://cdnjs.cloudflare.com https://*.sentry.io https://*.posthog.com". Note that 'worker-src' was not explicitly set, so 'script-src' is used as a fallback. The action has been blocked. @ webpack-internal:///(app-pages-browser)/./node_modules/@sentry/replay/build/npm/esm/index.js:5672
[   26519ms] [LOG] [Client Instrumentation Hook] Slow execution detected: 47ms (Note: Code download overhead is not included in this measurement) @ webpack-internal:///(app-pages-browser)/./node_modules/@sentry/core/build/esm/instrument/console.js:53
[   26546ms] [INFO] %cDownload the React DevTools for a better development experience: https://react.dev/link/react-devtools font-weight:bold @ webpack-internal:///(app-pages-browser)/./node_modules/@sentry/core/build/esm/instrument/console.js:53
[   26585ms] [LOG] [HMR] connected @ webpack-internal:///(app-pages-browser)/./node_modules/@sentry/core/build/esm/instrument/console.js:53
[   26614ms] [INFO] [analytics] NEXT_PUBLIC_POSTHOG_KEY not set — analytics disabled @ webpack-internal:///(app-pages-browser)/./node_modules/@sentry/core/build/esm/instrument/console.js:53
[   26627ms] [LOG] [Fast Refresh] rebuilding @ webpack-internal:///(app-pages-browser)/./node_modules/@sentry/core/build/esm/instrument/console.js:53
[   26690ms] [LOG] [Fast Refresh] done in 62ms @ webpack-internal:///(app-pages-browser)/./node_modules/@sentry/core/build/esm/instrument/console.js:53
[   26780ms] [LOG] [Fast Refresh] rebuilding @ webpack-internal:///(app-pages-browser)/./node_modules/@sentry/core/build/esm/instrument/console.js:53
[   26838ms] [LOG] [Fast Refresh] done in 58ms @ webpack-internal:///(app-pages-browser)/./node_modules/@sentry/core/build/esm/instrument/console.js:53
[   26908ms] [LOG] [Fast Refresh] rebuilding @ webpack-internal:///(app-pages-browser)/./node_modules/@sentry/core/build/esm/instrument/console.js:53
[   26918ms] [LOG] [Fast Refresh] done in 10ms @ webpack-internal:///(app-pages-browser)/./node_modules/@sentry/core/build/esm/instrument/console.js:53
[   27038ms] [LOG] [Fast Refresh] rebuilding @ webpack-internal:///(app-pages-browser)/./node_modules/@sentry/core/build/esm/instrument/console.js:53
[   27048ms] [LOG] [Fast Refresh] done in 11ms @ webpack-internal:///(app-pages-browser)/./node_modules/@sentry/core/build/esm/instrument/console.js:53
[   27148ms] [LOG] [Fast Refresh] rebuilding @ webpack-internal:///(app-pages-browser)/./node_modules/@sentry/core/build/esm/instrument/console.js:53
[   27166ms] [LOG] [Fast Refresh] done in 17ms @ webpack-internal:///(app-pages-browser)/./node_modules/@sentry/core/build/esm/instrument/console.js:53
[   27274ms] [LOG] [Fast Refresh] rebuilding @ webpack-internal:///(app-pages-browser)/./node_modules/@sentry/core/build/esm/instrument/console.js:53
[   27291ms] [LOG] [Fast Refresh] done in 16ms @ webpack-internal:///(app-pages-browser)/./node_modules/@sentry/core/build/esm/instrument/console.js:53
[   27378ms] [LOG] [Fast Refresh] rebuilding @ webpack-internal:///(app-pages-browser)/./node_modules/@sentry/core/build/esm/instrument/console.js:53
[   27391ms] [LOG] [Fast Refresh] done in 14ms @ webpack-internal:///(app-pages-browser)/./node_modules/@sentry/core/build/esm/instrument/console.js:53
[   27486ms] [LOG] [Fast Refresh] rebuilding @ webpack-internal:///(app-pages-browser)/./node_modules/@sentry/core/build/esm/instrument/console.js:53
[   27495ms] [LOG] [Fast Refresh] done in 10ms @ webpack-internal:///(app-pages-browser)/./node_modules/@sentry/core/build/esm/instrument/console.js:53
[   27608ms] [LOG] [Fast Refresh] rebuilding @ webpack-internal:///(app-pages-browser)/./node_modules/@sentry/core/build/esm/instrument/console.js:53
[   27656ms] [LOG] [Fast Refresh] done in 49ms @ webpack-internal:///(app-pages-browser)/./node_modules/@sentry/core/build/esm/instrument/console.js:53
[   27723ms] [LOG] [Fast Refresh] rebuilding @ webpack-internal:///(app-pages-browser)/./node_modules/@sentry/core/build/esm/instrument/console.js:53
[   27736ms] [LOG] [Fast Refresh] done in 12ms @ webpack-internal:///(app-pages-browser)/./node_modules/@sentry/core/build/esm/instrument/console.js:53
[   27934ms] [LOG] [Fast Refresh] rebuilding @ webpack-internal:///(app-pages-browser)/./node_modules/@sentry/core/build/esm/instrument/console.js:53
[   27948ms] [LOG] [Fast Refresh] done in 14ms @ webpack-internal:///(app-pages-browser)/./node_modules/@sentry/core/build/esm/instrument/console.js:53
[   28046ms] [LOG] [Fast Refresh] rebuilding @ webpack-internal:///(app-pages-browser)/./node_modules/@sentry/core/build/esm/instrument/console.js:53
[   28054ms] [LOG] [Fast Refresh] done in 9ms @ webpack-internal:///(app-pages-browser)/./node_modules/@sentry/core/build/esm/instrument/console.js:53
[   28167ms] [LOG] [Fast Refresh] rebuilding @ webpack-internal:///(app-pages-browser)/./node_modules/@sentry/core/build/esm/instrument/console.js:53
[   28175ms] [LOG] [Fast Refresh] done in 9ms @ webpack-internal:///(app-pages-browser)/./node_modules/@sentry/core/build/esm/instrument/console.js:53
[   28358ms] [LOG] [Fast Refresh] rebuilding @ webpack-internal:///(app-pages-browser)/./node_modules/@sentry/core/build/esm/instrument/console.js:53
[   28371ms] [LOG] [Fast Refresh] done in 14ms @ webpack-internal:///(app-pages-browser)/./node_modules/@sentry/core/build/esm/instrument/console.js:53
[   28691ms] [LOG] [Fast Refresh] rebuilding @ webpack-internal:///(app-pages-browser)/./node_modules/@sentry/core/build/esm/instrument/console.js:53
[   28704ms] [LOG] [Fast Refresh] done in 13ms @ webpack-internal:///(app-pages-browser)/./node_modules/@sentry/core/build/esm/instrument/console.js:53
[   28707ms] [LOG] [Fast Refresh] rebuilding @ webpack-internal:///(app-pages-browser)/./node_modules/@sentry/core/build/esm/instrument/console.js:53
[   28739ms] [LOG] [Fast Refresh] done in 32ms @ webpack-internal:///(app-pages-browser)/./node_modules/@sentry/core/build/esm/instrument/console.js:53
[   28752ms] [ERROR] Failed to load resource: the server responded with a status of 500 (Internal Server Error) @ http://localhost:3000/dashboard/facturacion?tab=recibidas&_rsc=myjpi:0
[   28758ms] [LOG] [Fast Refresh] rebuilding @ webpack-internal:///(app-pages-browser)/./node_modules/@sentry/core/build/esm/instrument/console.js:53
[   29085ms] Invalid or unexpected token
[   29531ms] [ERROR] Creating a worker from 'blob:http://localhost:3000/63e3be9a-92d1-47ab-8df4-76027021e274' violates the following Content Security Policy directive: "script-src 'self' 'unsafe-inline' 'unsafe-eval' https://cdnjs.cloudflare.com https://*.sentry.io https://*.posthog.com". Note that 'worker-src' was not explicitly set, so 'script-src' is used as a fallback. The action has been blocked. @ webpack-internal:///(app-pages-browser)/./node_modules/@sentry/replay/build/npm/esm/index.js:5672
[   29536ms] [LOG] [Client Instrumentation Hook] Slow execution detected: 45ms (Note: Code download overhead is not included in this measurement) @ webpack-internal:///(app-pages-browser)/./node_modules/@sentry/core/build/esm/instrument/console.js:53
[   29562ms] [INFO] %cDownload the React DevTools for a better development experience: https://react.dev/link/react-devtools font-weight:bold @ webpack-internal:///(app-pages-browser)/./node_modules/@sentry/core/build/esm/instrument/console.js:53
[   29595ms] [LOG] [HMR] connected @ webpack-internal:///(app-pages-browser)/./node_modules/@sentry/core/build/esm/instrument/console.js:53
[   29636ms] [ERROR] Can't perform a React state update on a component that hasn't mounted yet. This indicates that you have a side-effect in your render function that asynchronously tries to update the component. Move this work to useEffect instead. @ webpack-internal:///(app-pages-browser)/./node_modules/@sentry/core/build/esm/instrument/console.js:53
[   29640ms] [LOG] [Fast Refresh] rebuilding @ webpack-internal:///(app-pages-browser)/./node_modules/@sentry/core/build/esm/instrument/console.js:53
[   29783ms] [LOG] [Fast Refresh] done in 143ms @ webpack-internal:///(app-pages-browser)/./node_modules/@sentry/core/build/esm/instrument/console.js:53
[   29788ms] [LOG] [Fast Refresh] rebuilding @ webpack-internal:///(app-pages-browser)/./node_modules/@sentry/core/build/esm/instrument/console.js:53
[   29798ms] [LOG] [Fast Refresh] done in 11ms @ webpack-internal:///(app-pages-browser)/./node_modules/@sentry/core/build/esm/instrument/console.js:53
[   29925ms] [LOG] [Fast Refresh] rebuilding @ webpack-internal:///(app-pages-browser)/./node_modules/@sentry/core/build/esm/instrument/console.js:53
[   29978ms] [LOG] [Fast Refresh] done in 53ms @ webpack-internal:///(app-pages-browser)/./node_modules/@sentry/core/build/esm/instrument/console.js:53
[   30033ms] [LOG] [Fast Refresh] rebuilding @ webpack-internal:///(app-pages-browser)/./node_modules/@sentry/core/build/esm/instrument/console.js:53
[   30042ms] [LOG] [Fast Refresh] done in 8ms @ webpack-internal:///(app-pages-browser)/./node_modules/@sentry/core/build/esm/instrument/console.js:53
[   30153ms] [LOG] [Fast Refresh] rebuilding @ webpack-internal:///(app-pages-browser)/./node_modules/@sentry/core/build/esm/instrument/console.js:53
[   30160ms] [LOG] [Fast Refresh] done in 7ms @ webpack-internal:///(app-pages-browser)/./node_modules/@sentry/core/build/esm/instrument/console.js:53
[   30266ms] [LOG] [Fast Refresh] rebuilding @ webpack-internal:///(app-pages-browser)/./node_modules/@sentry/core/build/esm/instrument/console.js:53
[   30321ms] [LOG] [Fast Refresh] done in 55ms @ webpack-internal:///(app-pages-browser)/./node_modules/@sentry/core/build/esm/instrument/console.js:53
[   30391ms] [LOG] [Fast Refresh] rebuilding @ webpack-internal:///(app-pages-browser)/./node_modules/@sentry/core/build/esm/instrument/console.js:53
[   30424ms] [LOG] [Fast Refresh] done in 32ms @ webpack-internal:///(app-pages-browser)/./node_modules/@sentry/core/build/esm/instrument/console.js:53
[   30640ms] [LOG] [Fast Refresh] rebuilding @ webpack-internal:///(app-pages-browser)/./node_modules/@sentry/core/build/esm/instrument/console.js:53
[   30661ms] [LOG] [Fast Refresh] done in 21ms @ webpack-internal:///(app-pages-browser)/./node_modules/@sentry/core/build/esm/instrument/console.js:53
[   30780ms] [LOG] [Fast Refresh] rebuilding @ webpack-internal:///(app-pages-browser)/./node_modules/@sentry/core/build/esm/instrument/console.js:53
[   30788ms] [LOG] [Fast Refresh] done in 8ms @ webpack-internal:///(app-pages-browser)/./node_modules/@sentry/core/build/esm/instrument/console.js:53
[   30906ms] [LOG] [Fast Refresh] rebuilding @ webpack-internal:///(app-pages-browser)/./node_modules/@sentry/core/build/esm/instrument/console.js:53
[   30917ms] [LOG] [Fast Refresh] done in 10ms @ webpack-internal:///(app-pages-browser)/./node_modules/@sentry/core/build/esm/instrument/console.js:53
[   31036ms] [LOG] [Fast Refresh] rebuilding @ webpack-internal:///(app-pages-browser)/./node_modules/@sentry/core/build/esm/instrument/console.js:53
[   31050ms] [LOG] [Fast Refresh] done in 14ms @ webpack-internal:///(app-pages-browser)/./node_modules/@sentry/core/build/esm/instrument/console.js:53
[   31150ms] [LOG] [Fast Refresh] rebuilding @ webpack-internal:///(app-pages-browser)/./node_modules/@sentry/core/build/esm/instrument/console.js:53
[   31210ms] [LOG] [Fast Refresh] done in 60ms @ webpack-internal:///(app-pages-browser)/./node_modules/@sentry/core/build/esm/instrument/console.js:53
[   31271ms] [LOG] [Fast Refresh] rebuilding @ webpack-internal:///(app-pages-browser)/./node_modules/@sentry/core/build/esm/instrument/console.js:53
[   31279ms] [LOG] [Fast Refresh] done in 7ms @ webpack-internal:///(app-pages-browser)/./node_modules/@sentry/core/build/esm/instrument/console.js:53
[   31389ms] [LOG] [Fast Refresh] rebuilding @ webpack-internal:///(app-pages-browser)/./node_modules/@sentry/core/build/esm/instrument/console.js:53
[   31398ms] [LOG] [Fast Refresh] done in 9ms @ webpack-internal:///(app-pages-browser)/./node_modules/@sentry/core/build/esm/instrument/console.js:53
[   31509ms] [LOG] [Fast Refresh] rebuilding @ webpack-internal:///(app-pages-browser)/./node_modules/@sentry/core/build/esm/instrument/console.js:53
[   31518ms] [LOG] [Fast Refresh] done in 8ms @ webpack-internal:///(app-pages-browser)/./node_modules/@sentry/core/build/esm/instrument/console.js:53
[   31620ms] [LOG] [Fast Refresh] rebuilding @ webpack-internal:///(app-pages-browser)/./node_modules/@sentry/core/build/esm/instrument/console.js:53
[   31635ms] [LOG] [Fast Refresh] done in 14ms @ webpack-internal:///(app-pages-browser)/./node_modules/@sentry/core/build/esm/instrument/console.js:53
[   31738ms] [LOG] [Fast Refresh] rebuilding @ webpack-internal:///(app-pages-browser)/./node_modules/@sentry/core/build/esm/instrument/console.js:53
[   31746ms] [LOG] [Fast Refresh] done in 8ms @ webpack-internal:///(app-pages-browser)/./node_modules/@sentry/core/build/esm/instrument/console.js:53
[   31858ms] [LOG] [Fast Refresh] rebuilding @ webpack-internal:///(app-pages-browser)/./node_modules/@sentry/core/build/esm/instrument/console.js:53
[   31870ms] [LOG] [Fast Refresh] done in 11ms @ webpack-internal:///(app-pages-browser)/./node_modules/@sentry/core/build/esm/instrument/console.js:53
[   31971ms] [LOG] [Fast Refresh] rebuilding @ webpack-internal:///(app-pages-browser)/./node_modules/@sentry/core/build/esm/instrument/console.js:53
[   31980ms] [LOG] [Fast Refresh] done in 9ms @ webpack-internal:///(app-pages-browser)/./node_modules/@sentry/core/build/esm/instrument/console.js:53
[   32082ms] [LOG] [Fast Refresh] rebuilding @ webpack-internal:///(app-pages-browser)/./node_modules/@sentry/core/build/esm/instrument/console.js:53
[   32090ms] [LOG] [Fast Refresh] done in 8ms @ webpack-internal:///(app-pages-browser)/./node_modules/@sentry/core/build/esm/instrument/console.js:53
[   32204ms] [LOG] [Fast Refresh] rebuilding @ webpack-internal:///(app-pages-browser)/./node_modules/@sentry/core/build/esm/instrument/console.js:53
[   32211ms] [LOG] [Fast Refresh] done in 8ms @ webpack-internal:///(app-pages-browser)/./node_modules/@sentry/core/build/esm/instrument/console.js:53
[   32319ms] [LOG] [Fast Refresh] rebuilding @ webpack-internal:///(app-pages-browser)/./node_modules/@sentry/core/build/esm/instrument/console.js:53
[   32334ms] [LOG] [Fast Refresh] done in 14ms @ webpack-internal:///(app-pages-browser)/./node_modules/@sentry/core/build/esm/instrument/console.js:53
[   32433ms] [LOG] [Fast Refresh] rebuilding @ webpack-internal:///(app-pages-browser)/./node_modules/@sentry/core/build/esm/instrument/console.js:53
[   32442ms] [LOG] [Fast Refresh] done in 10ms @ webpack-internal:///(app-pages-browser)/./node_modules/@sentry/core/build/esm/instrument/console.js:53
[   32575ms] [LOG] [Fast Refresh] rebuilding @ webpack-internal:///(app-pages-browser)/./node_modules/@sentry/core/build/esm/instrument/console.js:53
[   32603ms] [LOG] [Fast Refresh] done in 29ms @ webpack-internal:///(app-pages-browser)/./node_modules/@sentry/core/build/esm/instrument/console.js:53
[   32770ms] [LOG] [Fast Refresh] rebuilding @ webpack-internal:///(app-pages-browser)/./node_modules/@sentry/core/build/esm/instrument/console.js:53
[   32856ms] [LOG] [Fast Refresh] done in 86ms @ webpack-internal:///(app-pages-browser)/./node_modules/@sentry/core/build/esm/instrument/console.js:53
[   32971ms] [LOG] [Fast Refresh] rebuilding @ webpack-internal:///(app-pages-browser)/./node_modules/@sentry/core/build/esm/instrument/console.js:53
[   32976ms] [LOG] [Fast Refresh] done in 5ms @ webpack-internal:///(app-pages-browser)/./node_modules/@sentry/core/build/esm/instrument/console.js:53
[   33093ms] [LOG] [Fast Refresh] rebuilding @ webpack-internal:///(app-pages-browser)/./node_modules/@sentry/core/build/esm/instrument/console.js:53
[   33106ms] [LOG] [Fast Refresh] done in 12ms @ webpack-internal:///(app-pages-browser)/./node_modules/@sentry/core/build/esm/instrument/console.js:53
[   33215ms] [LOG] [Fast Refresh] rebuilding @ webpack-internal:///(app-pages-browser)/./node_modules/@sentry/core/build/esm/instrument/console.js:53
[   33270ms] [LOG] [Fast Refresh] done in 55ms @ webpack-internal:///(app-pages-browser)/./node_modules/@sentry/core/build/esm/instrument/console.js:53
[   33340ms] [LOG] [Fast Refresh] rebuilding @ webpack-internal:///(app-pages-browser)/./node_modules/@sentry/core/build/esm/instrument/console.js:53
[   33357ms] [LOG] [Fast Refresh] done in 16ms @ webpack-internal:///(app-pages-browser)/./node_modules/@sentry/core/build/esm/instrument/console.js:53
[   33453ms] [LOG] [Fast Refresh] rebuilding @ webpack-internal:///(app-pages-browser)/./node_modules/@sentry/core/build/esm/instrument/console.js:53
[   33463ms] [LOG] [Fast Refresh] done in 9ms @ webpack-internal:///(app-pages-browser)/./node_modules/@sentry/core/build/esm/instrument/console.js:53
[   33571ms] [LOG] [Fast Refresh] rebuilding @ webpack-internal:///(app-pages-browser)/./node_modules/@sentry/core/build/esm/instrument/console.js:53
[   33582ms] [LOG] [Fast Refresh] done in 10ms @ webpack-internal:///(app-pages-browser)/./node_modules/@sentry/core/build/esm/instrument/console.js:53
[   33690ms] [LOG] [Fast Refresh] rebuilding @ webpack-internal:///(app-pages-browser)/./node_modules/@sentry/core/build/esm/instrument/console.js:53
[   33708ms] [LOG] [Fast Refresh] done in 17ms @ webpack-internal:///(app-pages-browser)/./node_modules/@sentry/core/build/esm/instrument/console.js:53
[   33808ms] [LOG] [Fast Refresh] rebuilding @ webpack-internal:///(app-pages-browser)/./node_modules/@sentry/core/build/esm/instrument/console.js:53
[   33820ms] [LOG] [Fast Refresh] done in 12ms @ webpack-internal:///(app-pages-browser)/./node_modules/@sentry/core/build/esm/instrument/console.js:53
[   33922ms] [LOG] [Fast Refresh] rebuilding @ webpack-internal:///(app-pages-browser)/./node_modules/@sentry/core/build/esm/instrument/console.js:53
[   33931ms] [LOG] [Fast Refresh] done in 9ms @ webpack-internal:///(app-pages-browser)/./node_modules/@sentry/core/build/esm/instrument/console.js:53
[   34039ms] [LOG] [Fast Refresh] rebuilding @ webpack-internal:///(app-pages-browser)/./node_modules/@sentry/core/build/esm/instrument/console.js:53
[   34097ms] [LOG] [Fast Refresh] done in 58ms @ webpack-internal:///(app-pages-browser)/./node_modules/@sentry/core/build/esm/instrument/console.js:53
[   34154ms] [LOG] [Fast Refresh] rebuilding @ webpack-internal:///(app-pages-browser)/./node_modules/@sentry/core/build/esm/instrument/console.js:53
[   34163ms] [LOG] [Fast Refresh] done in 10ms @ webpack-internal:///(app-pages-browser)/./node_modules/@sentry/core/build/esm/instrument/console.js:53
[   34273ms] [LOG] [Fast Refresh] rebuilding @ webpack-internal:///(app-pages-browser)/./node_modules/@sentry/core/build/esm/instrument/console.js:53
[   34284ms] [LOG] [Fast Refresh] done in 10ms @ webpack-internal:///(app-pages-browser)/./node_modules/@sentry/core/build/esm/instrument/console.js:53
[   34391ms] [LOG] [Fast Refresh] rebuilding @ webpack-internal:///(app-pages-browser)/./node_modules/@sentry/core/build/esm/instrument/console.js:53
[   34446ms] [LOG] [Fast Refresh] done in 55ms @ webpack-internal:///(app-pages-browser)/./node_modules/@sentry/core/build/esm/instrument/console.js:53
[   34513ms] [LOG] [Fast Refresh] rebuilding @ webpack-internal:///(app-pages-browser)/./node_modules/@sentry/core/build/esm/instrument/console.js:53
[   34521ms] [LOG] [Fast Refresh] done in 9ms @ webpack-internal:///(app-pages-browser)/./node_modules/@sentry/core/build/esm/instrument/console.js:53
[   34634ms] [LOG] [Fast Refresh] rebuilding @ webpack-internal:///(app-pages-browser)/./node_modules/@sentry/core/build/esm/instrument/console.js:53
[   34639ms] [LOG] [Fast Refresh] done in 5ms @ webpack-internal:///(app-pages-browser)/./node_modules/@sentry/core/build/esm/instrument/console.js:53
[   34754ms] [LOG] [Fast Refresh] rebuilding @ webpack-internal:///(app-pages-browser)/./node_modules/@sentry/core/build/esm/instrument/console.js:53
[   34767ms] [LOG] [Fast Refresh] done in 13ms @ webpack-internal:///(app-pages-browser)/./node_modules/@sentry/core/build/esm/instrument/console.js:53
[   34946ms] [LOG] [Fast Refresh] rebuilding @ webpack-internal:///(app-pages-browser)/./node_modules/@sentry/core/build/esm/instrument/console.js:53
[   35014ms] [LOG] [Fast Refresh] done in 69ms @ webpack-internal:///(app-pages-browser)/./node_modules/@sentry/core/build/esm/instrument/console.js:53
[   35131ms] [LOG] [Fast Refresh] rebuilding @ webpack-internal:///(app-pages-browser)/./node_modules/@sentry/core/build/esm/instrument/console.js:53
[   35138ms] [LOG] [Fast Refresh] done in 7ms @ webpack-internal:///(app-pages-browser)/./node_modules/@sentry/core/build/esm/instrument/console.js:53
[   35254ms] [LOG] [Fast Refresh] rebuilding @ webpack-internal:///(app-pages-browser)/./node_modules/@sentry/core/build/esm/instrument/console.js:53
[   35267ms] [LOG] [Fast Refresh] done in 12ms @ webpack-internal:///(app-pages-browser)/./node_modules/@sentry/core/build/esm/instrument/console.js:53
[   35374ms] [LOG] [Fast Refresh] rebuilding @ webpack-internal:///(app-pages-browser)/./node_modules/@sentry/core/build/esm/instrument/console.js:53
[   35378ms] [LOG] [Fast Refresh] done in 5ms @ webpack-internal:///(app-pages-browser)/./node_modules/@sentry/core/build/esm/instrument/console.js:53
[   35498ms] [LOG] [Fast Refresh] rebuilding @ webpack-internal:///(app-pages-browser)/./node_modules/@sentry/core/build/esm/instrument/console.js:53
[   35506ms] [LOG] [Fast Refresh] done in 9ms @ webpack-internal:///(app-pages-browser)/./node_modules/@sentry/core/build/esm/instrument/console.js:53
[   35611ms] [LOG] [Fast Refresh] rebuilding @ webpack-internal:///(app-pages-browser)/./node_modules/@sentry/core/build/esm/instrument/console.js:53
[   35622ms] [LOG] [Fast Refresh] done in 11ms @ webpack-internal:///(app-pages-browser)/./node_modules/@sentry/core/build/esm/instrument/console.js:53
[   35728ms] [LOG] [Fast Refresh] rebuilding @ webpack-internal:///(app-pages-browser)/./node_modules/@sentry/core/build/esm/instrument/console.js:53
[   35749ms] [LOG] [Fast Refresh] done in 21ms @ webpack-internal:///(app-pages-browser)/./node_modules/@sentry/core/build/esm/instrument/console.js:53
[   35848ms] [LOG] [Fast Refresh] rebuilding @ webpack-internal:///(app-pages-browser)/./node_modules/@sentry/core/build/esm/instrument/console.js:53
[   35857ms] [LOG] [Fast Refresh] done in 10ms @ webpack-internal:///(app-pages-browser)/./node_modules/@sentry/core/build/esm/instrument/console.js:53
[   35958ms] [LOG] [Fast Refresh] rebuilding @ webpack-internal:///(app-pages-browser)/./node_modules/@sentry/core/build/esm/instrument/console.js:53
[   35966ms] [LOG] [Fast Refresh] done in 8ms @ webpack-internal:///(app-pages-browser)/./node_modules/@sentry/core/build/esm/instrument/console.js:53
[   36078ms] [LOG] [Fast Refresh] rebuilding @ webpack-internal:///(app-pages-browser)/./node_modules/@sentry/core/build/esm/instrument/console.js:53
[   36085ms] [LOG] [Fast Refresh] done in 7ms @ webpack-internal:///(app-pages-browser)/./node_modules/@sentry/core/build/esm/instrument/console.js:53
[   36195ms] [LOG] [Fast Refresh] rebuilding @ webpack-internal:///(app-pages-browser)/./node_modules/@sentry/core/build/esm/instrument/console.js:53
[   36215ms] [LOG] [Fast Refresh] done in 21ms @ webpack-internal:///(app-pages-browser)/./node_modules/@sentry/core/build/esm/instrument/console.js:53
[   36318ms] [LOG] [Fast Refresh] rebuilding @ webpack-internal:///(app-pages-browser)/./node_modules/@sentry/core/build/esm/instrument/console.js:53
[   36325ms] [LOG] [Fast Refresh] done in 6ms @ webpack-internal:///(app-pages-browser)/./node_modules/@sentry/core/build/esm/instrument/console.js:53
[   36436ms] [LOG] [Fast Refresh] rebuilding @ webpack-internal:///(app-pages-browser)/./node_modules/@sentry/core/build/esm/instrument/console.js:53
[   36444ms] [LOG] [Fast Refresh] done in 7ms @ webpack-internal:///(app-pages-browser)/./node_modules/@sentry/core/build/esm/instrument/console.js:53
[   36540ms] [LOG] [Fast Refresh] rebuilding @ webpack-internal:///(app-pages-browser)/./node_modules/@sentry/core/build/esm/instrument/console.js:53
[   36563ms] [LOG] [Fast Refresh] done in 23ms @ webpack-internal:///(app-pages-browser)/./node_modules/@sentry/core/build/esm/instrument/console.js:53
[   36908ms] [LOG] [Fast Refresh] rebuilding @ webpack-internal:///(app-pages-browser)/./node_modules/@sentry/core/build/esm/instrument/console.js:53
[   36920ms] [LOG] [Fast Refresh] rebuilding @ webpack-internal:///(app-pages-browser)/./node_modules/@sentry/core/build/esm/instrument/console.js:53
[   36928ms] [LOG] [Fast Refresh] done in 8ms @ webpack-internal:///(app-pages-browser)/./node_modules/@sentry/core/build/esm/instrument/console.js:53
[   36966ms] [LOG] [Fast Refresh] done in 46ms @ webpack-internal:///(app-pages-browser)/./node_modules/@sentry/core/build/esm/instrument/console.js:53
[   36980ms] [LOG] [Fast Refresh] rebuilding @ webpack-internal:///(app-pages-browser)/./node_modules/@sentry/core/build/esm/instrument/console.js:53
[   36981ms] [ERROR] Failed to load resource: the server responded with a status of 500 (Internal Server Error) @ http://localhost:3000/dashboard/facturacion?tab=recibidas&_rsc=myjpi:0
[   37916ms] [ERROR] Creating a worker from 'blob:http://localhost:3000/6e3c7187-4c10-479e-8964-644f1321dda3' violates the following Content Security Policy directive: "script-src 'self' 'unsafe-inline' 'unsafe-eval' https://cdnjs.cloudflare.com https://*.sentry.io https://*.posthog.com". Note that 'worker-src' was not explicitly set, so 'script-src' is used as a fallback. The action has been blocked. @ webpack-internal:///(app-pages-browser)/./node_modules/@sentry/replay/build/npm/esm/index.js:5672
[   37922ms] [LOG] [Client Instrumentation Hook] Slow execution detected: 47ms (Note: Code download overhead is not included in this measurement) @ webpack-internal:///(app-pages-browser)/./node_modules/@sentry/core/build/esm/instrument/console.js:53
[   37949ms] [INFO] %cDownload the React DevTools for a better development experience: https://react.dev/link/react-devtools font-weight:bold @ webpack-internal:///(app-pages-browser)/./node_modules/@sentry/core/build/esm/instrument/console.js:53
[   37989ms] [LOG] [HMR] connected @ webpack-internal:///(app-pages-browser)/./node_modules/@sentry/core/build/esm/instrument/console.js:53
[   38009ms] [INFO] [analytics] NEXT_PUBLIC_POSTHOG_KEY not set — analytics disabled @ webpack-internal:///(app-pages-browser)/./node_modules/@sentry/core/build/esm/instrument/console.js:53
[   38042ms] [LOG] [Fast Refresh] rebuilding @ webpack-internal:///(app-pages-browser)/./node_modules/@sentry/core/build/esm/instrument/console.js:53
[   38110ms] [LOG] [Fast Refresh] done in 68ms @ webpack-internal:///(app-pages-browser)/./node_modules/@sentry/core/build/esm/instrument/console.js:53
[   38207ms] [LOG] [Fast Refresh] rebuilding @ webpack-internal:///(app-pages-browser)/./node_modules/@sentry/core/build/esm/instrument/console.js:53
[   38227ms] [LOG] [Fast Refresh] done in 19ms @ webpack-internal:///(app-pages-browser)/./node_modules/@sentry/core/build/esm/instrument/console.js:53
[   38322ms] [LOG] [Fast Refresh] rebuilding @ webpack-internal:///(app-pages-browser)/./node_modules/@sentry/core/build/esm/instrument/console.js:53
[   38327ms] [LOG] [Fast Refresh] done in 4ms @ webpack-internal:///(app-pages-browser)/./node_modules/@sentry/core/build/esm/instrument/console.js:53
[   38443ms] [LOG] [Fast Refresh] rebuilding @ webpack-internal:///(app-pages-browser)/./node_modules/@sentry/core/build/esm/instrument/console.js:53
[   38452ms] [LOG] [Fast Refresh] done in 8ms @ webpack-internal:///(app-pages-browser)/./node_modules/@sentry/core/build/esm/instrument/console.js:53
[   38576ms] [LOG] [Fast Refresh] rebuilding @ webpack-internal:///(app-pages-browser)/./node_modules/@sentry/core/build/esm/instrument/console.js:53
[   38579ms] [LOG] [Fast Refresh] done in 3ms @ webpack-internal:///(app-pages-browser)/./node_modules/@sentry/core/build/esm/instrument/console.js:53
[   38726ms] [LOG] [Fast Refresh] rebuilding @ webpack-internal:///(app-pages-browser)/./node_modules/@sentry/core/build/esm/instrument/console.js:53
[   38739ms] [LOG] [Fast Refresh] done in 13ms @ webpack-internal:///(app-pages-browser)/./node_modules/@sentry/core/build/esm/instrument/console.js:53
[   38833ms] [LOG] [Fast Refresh] rebuilding @ webpack-internal:///(app-pages-browser)/./node_modules/@sentry/core/build/esm/instrument/console.js:53
[   38843ms] [LOG] [Fast Refresh] done in 9ms @ webpack-internal:///(app-pages-browser)/./node_modules/@sentry/core/build/esm/instrument/console.js:53
[   38946ms] [LOG] [Fast Refresh] rebuilding @ webpack-internal:///(app-pages-browser)/./node_modules/@sentry/core/build/esm/instrument/console.js:53
[   38963ms] [LOG] [Fast Refresh] done in 17ms @ webpack-internal:///(app-pages-browser)/./node_modules/@sentry/core/build/esm/instrument/console.js:53
[   39051ms] [LOG] [Fast Refresh] rebuilding @ webpack-internal:///(app-pages-browser)/./node_modules/@sentry/core/build/esm/instrument/console.js:53
[   39060ms] [LOG] [Fast Refresh] done in 10ms @ webpack-internal:///(app-pages-browser)/./node_modules/@sentry/core/build/esm/instrument/console.js:53
[   39171ms] [LOG] [Fast Refresh] rebuilding @ webpack-internal:///(app-pages-browser)/./node_modules/@sentry/core/build/esm/instrument/console.js:53
[   39220ms] [LOG] [Fast Refresh] done in 49ms @ webpack-internal:///(app-pages-browser)/./node_modules/@sentry/core/build/esm/instrument/console.js:53
[   39273ms] [LOG] [Fast Refresh] rebuilding @ webpack-internal:///(app-pages-browser)/./node_modules/@sentry/core/build/esm/instrument/console.js:53
[   39282ms] [LOG] [Fast Refresh] done in 9ms @ webpack-internal:///(app-pages-browser)/./node_modules/@sentry/core/build/esm/instrument/console.js:53
[   39379ms] [LOG] [Fast Refresh] rebuilding @ webpack-internal:///(app-pages-browser)/./node_modules/@sentry/core/build/esm/instrument/console.js:53
[   39386ms] [LOG] [Fast Refresh] done in 7ms @ webpack-internal:///(app-pages-browser)/./node_modules/@sentry/core/build/esm/instrument/console.js:53
[   39490ms] [LOG] [Fast Refresh] rebuilding @ webpack-internal:///(app-pages-browser)/./node_modules/@sentry/core/build/esm/instrument/console.js:53
[   39499ms] [LOG] [Fast Refresh] done in 9ms @ webpack-internal:///(app-pages-browser)/./node_modules/@sentry/core/build/esm/instrument/console.js:53
[   39743ms] [LOG] [Fast Refresh] rebuilding @ webpack-internal:///(app-pages-browser)/./node_modules/@sentry/core/build/esm/instrument/console.js:53
[   39766ms] [LOG] [Fast Refresh] done in 22ms @ webpack-internal:///(app-pages-browser)/./node_modules/@sentry/core/build/esm/instrument/console.js:53
[   40167ms] [LOG] [Fast Refresh] rebuilding @ webpack-internal:///(app-pages-browser)/./node_modules/@sentry/core/build/esm/instrument/console.js:53
[   40178ms] [LOG] [Fast Refresh] rebuilding @ webpack-internal:///(app-pages-browser)/./node_modules/@sentry/core/build/esm/instrument/console.js:53
[   40184ms] [LOG] [Fast Refresh] done in 7ms @ webpack-internal:///(app-pages-browser)/./node_modules/@sentry/core/build/esm/instrument/console.js:53
[   40222ms] [LOG] [Fast Refresh] done in 44ms @ webpack-internal:///(app-pages-browser)/./node_modules/@sentry/core/build/esm/instrument/console.js:53
[   40235ms] [LOG] [Fast Refresh] rebuilding @ webpack-internal:///(app-pages-browser)/./node_modules/@sentry/core/build/esm/instrument/console.js:53
[   40235ms] [ERROR] Failed to load resource: the server responded with a status of 500 (Internal Server Error) @ http://localhost:3000/dashboard/facturacion?tab=recibidas&_rsc=myjpi:0
[   40531ms] [LOG] [Fast Refresh] done in 296ms @ webpack-internal:///(app-pages-browser)/./node_modules/@sentry/core/build/esm/instrument/console.js:53
[   40572ms] [LOG] [Fast Refresh] rebuilding @ webpack-internal:///(app-pages-browser)/./node_modules/@sentry/core/build/esm/instrument/console.js:53
[   40589ms] [LOG] [Fast Refresh] done in 17ms @ webpack-internal:///(app-pages-browser)/./node_modules/@sentry/core/build/esm/instrument/console.js:53
[   40844ms] [ERROR] Failed to load resource: the server responded with a status of 500 (Internal Server Error) @ http://localhost:3000/dashboard/facturacion?tab=recibidas:0
[   40931ms] [INFO] %cDownload the React DevTools for a better development experience: https://react.dev/link/react-devtools font-weight:bold @ webpack-internal:///(pages-dir-browser)/./node_modules/react-dom/cjs/react-dom-client.development.js:28004
[   40965ms] [ERROR] Creating a worker from 'blob:http://localhost:3000/b49f1689-a5cf-40ba-b270-203fa49e4c4e' violates the following Content Security Policy directive: "script-src 'self' 'unsafe-inline' 'unsafe-eval' https://cdnjs.cloudflare.com https://*.sentry.io https://*.posthog.com". Note that 'worker-src' was not explicitly set, so 'script-src' is used as a fallback. The action has been blocked. @ webpack-internal:///(pages-dir-browser)/./node_modules/@sentry/replay/build/npm/esm/index.js:5672
[   40969ms] SyntaxError: Unexpected end of JSON input
    at JSON.parse (<anonymous>)
    at loadManifest (file:///Users/daniilkonovalyukpanasyuk/enlaze/node_modules/next/dist/server/load-manifest.external.js:54:25)
    at loadManifestFromRelativePath (file:///Users/daniilkonovalyukpanasyuk/enlaze/node_modules/next/dist/server/load-manifest.external.js:111:12)
    at AppPageRouteModule.loadManifests (file:///Users/daniilkonovalyukpanasyuk/enlaze/node_modules/next/dist/compiled/next-server/app-page.runtime.dev.js:71:33979)
    at AppPageRouteModule.prepare (file:///Users/daniilkonovalyukpanasyuk/enlaze/node_modules/next/dist/compiled/next-server/app-page.runtime.dev.js:71:41329)
    at process.processTicksAndRejections (node:internal/process/task_queues:104:5)
    at async Module.handler (webpack-internal:///(rsc)/./node_modules/next/dist/build/webpack/loaders/next-app-loader/index.js?name=app%2Fdashboard%2Ffacturacion%2Fpage&page=%2Fdashboard%2Ffacturacion%2Fpage&appPaths=%2Fdashboard%2Ffacturacion%2Fpage&allNormalizedAppPaths=&pagePath=private-next-app-dir%2Fdashboard%2Ffacturacion%2Fpage.tsx&appDir=%2FUsers%2Fdaniilkonovalyukpanasyuk%2Fenlaze%2Fapp&pageExtensions=tsx&pageExtensions=ts&pageExtensions=jsx&pageExtensions=js&rootDir=%2FUsers%2Fdaniilkonovalyukpanasyuk%2Fenlaze&isDev=true&tsconfigPath=&basePath=&assetPrefix=&nextConfigOutput=&preferredRegion=&middlewareConfig=e30%3D&isGlobalNotFoundEnabled=!:253:27)
    at async DevServer.renderToResponseWithComponentsImpl (file:///Users/daniilkonovalyukpanasyuk/enlaze/node_modules/next/dist/server/base-server.js:1454:9)
    at async DevServer.renderPageComponent (file:///Users/daniilkonovalyukpanasyuk/enlaze/node_modules/next/dist/server/base-server.js:1506:24)
    at async DevServer.renderToResponseImpl (file:///Users/daniilkonovalyukpanasyuk/enlaze/node_modules/next/dist/server/base-server.js:1556:32)
    at async DevServer.pipeImpl (file:///Users/daniilkonovalyukpanasyuk/enlaze/node_modules/next/dist/server/base-server.js:1043:25)
    at async NextNodeServer.handleCatchallRenderRequest (file:///Users/daniilkonovalyukpanasyuk/enlaze/node_modules/next/dist/server/next-server.js:338:17)
    at async DevServer.handleRequestImpl (file:///Users/daniilkonovalyukpanasyuk/enlaze/node_modules/next/dist/server/base-server.js:934:17)
    at async (file:///Users/daniilkonovalyukpanasyuk/enlaze/node_modules/next/dist/server/dev/next-dev-server.js:394:20)
    at async Span.traceAsyncFn (file:///Users/daniilkonovalyukpanasyuk/enlaze/node_modules/next/dist/trace/trace.js:164:20)
    at async DevServer.handleRequest (file:///Users/daniilkonovalyukpanasyuk/enlaze/node_modules/next/dist/server/dev/next-dev-server.js:390:24)
    at async invokeRender (file:///Users/daniilkonovalyukpanasyuk/enlaze/node_modules/next/dist/server/lib/router-server.js:253:21)
    at async handleRequest (file:///Users/daniilkonovalyukpanasyuk/enlaze/node_modules/next/dist/server/lib/router-server.js:452:24)
    at async requestHandlerImpl (file:///Users/daniilkonovalyukpanasyuk/enlaze/node_modules/next/dist/server/lib/router-server.js:501:13)
    at async Server.requestListener (file:///Users/daniilkonovalyukpanasyuk/enlaze/node_modules/next/dist/server/lib/start-server.js:225:13)
[   41034ms] [LOG] [HMR] connected @ webpack-internal:///(pages-dir-browser)/./node_modules/@sentry/core/build/esm/instrument/console.js:53
[   41240ms] [WARNING] [Fast Refresh] performing full reload because your application had an unrecoverable error @ webpack-internal:///(pages-dir-browser)/./node_modules/@sentry/core/build/esm/instrument/console.js:53
[   41294ms] [LOG] [Fast Refresh] rebuilding @ webpack-internal:///(pages-dir-browser)/./node_modules/@sentry/core/build/esm/instrument/console.js:53
[   41546ms] [WARNING] [Fast Refresh] performing full reload because your application had an unrecoverable error @ webpack-internal:///(pages-dir-browser)/./node_modules/@sentry/core/build/esm/instrument/console.js:53
[   41572ms] [LOG] [Fast Refresh] rebuilding @ webpack-internal:///(pages-dir-browser)/./node_modules/@sentry/core/build/esm/instrument/console.js:53
[   41831ms] [WARNING] [Fast Refresh] performing full reload because your application had an unrecoverable error @ webpack-internal:///(pages-dir-browser)/./node_modules/@sentry/core/build/esm/instrument/console.js:53
[   41841ms] [LOG] [Fast Refresh] rebuilding @ webpack-internal:///(pages-dir-browser)/./node_modules/@sentry/core/build/esm/instrument/console.js:53
[   42598ms] [ERROR] Creating a worker from 'blob:http://localhost:3000/13a0e837-b72e-413f-8f2e-a24d35ed44a7' violates the following Content Security Policy directive: "script-src 'self' 'unsafe-inline' 'unsafe-eval' https://cdnjs.cloudflare.com https://*.sentry.io https://*.posthog.com". Note that 'worker-src' was not explicitly set, so 'script-src' is used as a fallback. The action has been blocked. @ webpack-internal:///(app-pages-browser)/./node_modules/@sentry/replay/build/npm/esm/index.js:5672
[   42604ms] [LOG] [Client Instrumentation Hook] Slow execution detected: 50ms (Note: Code download overhead is not included in this measurement) @ webpack-internal:///(app-pages-browser)/./node_modules/@sentry/core/build/esm/instrument/console.js:53
[   42632ms] [INFO] %cDownload the React DevTools for a better development experience: https://react.dev/link/react-devtools font-weight:bold @ webpack-internal:///(app-pages-browser)/./node_modules/@sentry/core/build/esm/instrument/console.js:53
[   42672ms] [LOG] [HMR] connected @ webpack-internal:///(app-pages-browser)/./node_modules/@sentry/core/build/esm/instrument/console.js:53
[   42695ms] [INFO] [analytics] NEXT_PUBLIC_POSTHOG_KEY not set — analytics disabled @ webpack-internal:///(app-pages-browser)/./node_modules/@sentry/core/build/esm/instrument/console.js:53
[   42738ms] [LOG] [Fast Refresh] rebuilding @ webpack-internal:///(app-pages-browser)/./node_modules/@sentry/core/build/esm/instrument/console.js:53
[   42823ms] [LOG] [Fast Refresh] done in 85ms @ webpack-internal:///(app-pages-browser)/./node_modules/@sentry/core/build/esm/instrument/console.js:53
[   42900ms] [LOG] [Fast Refresh] rebuilding @ webpack-internal:///(app-pages-browser)/./node_modules/@sentry/core/build/esm/instrument/console.js:53
[   42965ms] [LOG] [Fast Refresh] done in 65ms @ webpack-internal:///(app-pages-browser)/./node_modules/@sentry/core/build/esm/instrument/console.js:53
[   43025ms] [LOG] [Fast Refresh] rebuilding @ webpack-internal:///(app-pages-browser)/./node_modules/@sentry/core/build/esm/instrument/console.js:53
[   43030ms] [LOG] [Fast Refresh] done in 6ms @ webpack-internal:///(app-pages-browser)/./node_modules/@sentry/core/build/esm/instrument/console.js:53
[   43146ms] [LOG] [Fast Refresh] rebuilding @ webpack-internal:///(app-pages-browser)/./node_modules/@sentry/core/build/esm/instrument/console.js:53
[   43151ms] [LOG] [Fast Refresh] done in 5ms @ webpack-internal:///(app-pages-browser)/./node_modules/@sentry/core/build/esm/instrument/console.js:53
[   43266ms] [LOG] [Fast Refresh] rebuilding @ webpack-internal:///(app-pages-browser)/./node_modules/@sentry/core/build/esm/instrument/console.js:53
[   43299ms] [LOG] [Fast Refresh] done in 33ms @ webpack-internal:///(app-pages-browser)/./node_modules/@sentry/core/build/esm/instrument/console.js:53
[   43403ms] [LOG] [Fast Refresh] rebuilding @ webpack-internal:///(app-pages-browser)/./node_modules/@sentry/core/build/esm/instrument/console.js:53
[   43414ms] [LOG] [Fast Refresh] done in 11ms @ webpack-internal:///(app-pages-browser)/./node_modules/@sentry/core/build/esm/instrument/console.js:53
[   43520ms] [LOG] [Fast Refresh] rebuilding @ webpack-internal:///(app-pages-browser)/./node_modules/@sentry/core/build/esm/instrument/console.js:53
[   43537ms] [LOG] [Fast Refresh] done in 17ms @ webpack-internal:///(app-pages-browser)/./node_modules/@sentry/core/build/esm/instrument/console.js:53
[   43627ms] [LOG] [Fast Refresh] rebuilding @ webpack-internal:///(app-pages-browser)/./node_modules/@sentry/core/build/esm/instrument/console.js:53
[   43634ms] [LOG] [Fast Refresh] done in 7ms @ webpack-internal:///(app-pages-browser)/./node_modules/@sentry/core/build/esm/instrument/console.js:53
[   43748ms] [LOG] [Fast Refresh] rebuilding @ webpack-internal:///(app-pages-browser)/./node_modules/@sentry/core/build/esm/instrument/console.js:53
[   43798ms] [LOG] [Fast Refresh] done in 50ms @ webpack-internal:///(app-pages-browser)/./node_modules/@sentry/core/build/esm/instrument/console.js:53
[   43834ms] [LOG] [Fast Refresh] rebuilding @ webpack-internal:///(app-pages-browser)/./node_modules/@sentry/core/build/esm/instrument/console.js:53
[   43837ms] [LOG] [Fast Refresh] done in 4ms @ webpack-internal:///(app-pages-browser)/./node_modules/@sentry/core/build/esm/instrument/console.js:53
[   43947ms] [LOG] [Fast Refresh] rebuilding @ webpack-internal:///(app-pages-browser)/./node_modules/@sentry/core/build/esm/instrument/console.js:53
[   43950ms] [LOG] [Fast Refresh] done in 3ms @ webpack-internal:///(app-pages-browser)/./node_modules/@sentry/core/build/esm/instrument/console.js:53
[   44072ms] [LOG] [Fast Refresh] rebuilding @ webpack-internal:///(app-pages-browser)/./node_modules/@sentry/core/build/esm/instrument/console.js:53
[   44078ms] [LOG] [Fast Refresh] done in 6ms @ webpack-internal:///(app-pages-browser)/./node_modules/@sentry/core/build/esm/instrument/console.js:53
[   44196ms] [LOG] [Fast Refresh] rebuilding @ webpack-internal:///(app-pages-browser)/./node_modules/@sentry/core/build/esm/instrument/console.js:53
[   44244ms] [LOG] [Fast Refresh] done in 48ms @ webpack-internal:///(app-pages-browser)/./node_modules/@sentry/core/build/esm/instrument/console.js:53
[   44299ms] [LOG] [Fast Refresh] rebuilding @ webpack-internal:///(app-pages-browser)/./node_modules/@sentry/core/build/esm/instrument/console.js:53
[   44307ms] [LOG] [Fast Refresh] done in 8ms @ webpack-internal:///(app-pages-browser)/./node_modules/@sentry/core/build/esm/instrument/console.js:53
[   44406ms] [LOG] [Fast Refresh] rebuilding @ webpack-internal:///(app-pages-browser)/./node_modules/@sentry/core/build/esm/instrument/console.js:53
[   44413ms] [LOG] [Fast Refresh] done in 8ms @ webpack-internal:///(app-pages-browser)/./node_modules/@sentry/core/build/esm/instrument/console.js:53
[   44526ms] [LOG] [Fast Refresh] rebuilding @ webpack-internal:///(app-pages-browser)/./node_modules/@sentry/core/build/esm/instrument/console.js:53
[   44540ms] [LOG] [Fast Refresh] done in 14ms @ webpack-internal:///(app-pages-browser)/./node_modules/@sentry/core/build/esm/instrument/console.js:53
[   44751ms] [LOG] [Fast Refresh] rebuilding @ webpack-internal:///(app-pages-browser)/./node_modules/@sentry/core/build/esm/instrument/console.js:53
[   44761ms] [LOG] [Fast Refresh] done in 10ms @ webpack-internal:///(app-pages-browser)/./node_modules/@sentry/core/build/esm/instrument/console.js:53
[   44871ms] [LOG] [Fast Refresh] rebuilding @ webpack-internal:///(app-pages-browser)/./node_modules/@sentry/core/build/esm/instrument/console.js:53
[   44886ms] [LOG] [Fast Refresh] done in 16ms @ webpack-internal:///(app-pages-browser)/./node_modules/@sentry/core/build/esm/instrument/console.js:53
[   44967ms] [LOG] [Fast Refresh] rebuilding @ webpack-internal:///(app-pages-browser)/./node_modules/@sentry/core/build/esm/instrument/console.js:53
[   44971ms] [LOG] [Fast Refresh] done in 3ms @ webpack-internal:///(app-pages-browser)/./node_modules/@sentry/core/build/esm/instrument/console.js:53
[   45080ms] [LOG] [Fast Refresh] rebuilding @ webpack-internal:///(app-pages-browser)/./node_modules/@sentry/core/build/esm/instrument/console.js:53
[   45084ms] [LOG] [Fast Refresh] done in 4ms @ webpack-internal:///(app-pages-browser)/./node_modules/@sentry/core/build/esm/instrument/console.js:53
[   45196ms] [LOG] [Fast Refresh] rebuilding @ webpack-internal:///(app-pages-browser)/./node_modules/@sentry/core/build/esm/instrument/console.js:53
[   45200ms] [LOG] [Fast Refresh] done in 5ms @ webpack-internal:///(app-pages-browser)/./node_modules/@sentry/core/build/esm/instrument/console.js:53
[   45306ms] [LOG] [Fast Refresh] rebuilding @ webpack-internal:///(app-pages-browser)/./node_modules/@sentry/core/build/esm/instrument/console.js:53
[   45310ms] [LOG] [Fast Refresh] done in 4ms @ webpack-internal:///(app-pages-browser)/./node_modules/@sentry/core/build/esm/instrument/console.js:53
[   45419ms] [LOG] [Fast Refresh] rebuilding @ webpack-internal:///(app-pages-browser)/./node_modules/@sentry/core/build/esm/instrument/console.js:53
[   45423ms] [LOG] [Fast Refresh] done in 3ms @ webpack-internal:///(app-pages-browser)/./node_modules/@sentry/core/build/esm/instrument/console.js:53
[   45537ms] [LOG] [Fast Refresh] rebuilding @ webpack-internal:///(app-pages-browser)/./node_modules/@sentry/core/build/esm/instrument/console.js:53
[   45540ms] [LOG] [Fast Refresh] done in 4ms @ webpack-internal:///(app-pages-browser)/./node_modules/@sentry/core/build/esm/instrument/console.js:53
[   45653ms] [LOG] [Fast Refresh] rebuilding @ webpack-internal:///(app-pages-browser)/./node_modules/@sentry/core/build/esm/instrument/console.js:53
[   45656ms] [LOG] [Fast Refresh] done in 3ms @ webpack-internal:///(app-pages-browser)/./node_modules/@sentry/core/build/esm/instrument/console.js:53
[   45769ms] [LOG] [Fast Refresh] rebuilding @ webpack-internal:///(app-pages-browser)/./node_modules/@sentry/core/build/esm/instrument/console.js:53
[   45772ms] [LOG] [Fast Refresh] done in 4ms @ webpack-internal:///(app-pages-browser)/./node_modules/@sentry/core/build/esm/instrument/console.js:53
[   45883ms] [LOG] [Fast Refresh] rebuilding @ webpack-internal:///(app-pages-browser)/./node_modules/@sentry/core/build/esm/instrument/console.js:53
[   45886ms] [LOG] [Fast Refresh] done in 3ms @ webpack-internal:///(app-pages-browser)/./node_modules/@sentry/core/build/esm/instrument/console.js:53
[   45997ms] [LOG] [Fast Refresh] rebuilding @ webpack-internal:///(app-pages-browser)/./node_modules/@sentry/core/build/esm/instrument/console.js:53
[   46000ms] [LOG] [Fast Refresh] done in 4ms @ webpack-internal:///(app-pages-browser)/./node_modules/@sentry/core/build/esm/instrument/console.js:53
[   46117ms] [LOG] [Fast Refresh] rebuilding @ webpack-internal:///(app-pages-browser)/./node_modules/@sentry/core/build/esm/instrument/console.js:53
[   46121ms] [LOG] [Fast Refresh] done in 5ms @ webpack-internal:///(app-pages-browser)/./node_modules/@sentry/core/build/esm/instrument/console.js:53
[   46233ms] [LOG] [Fast Refresh] rebuilding @ webpack-internal:///(app-pages-browser)/./node_modules/@sentry/core/build/esm/instrument/console.js:53
[   46237ms] [LOG] [Fast Refresh] done in 4ms @ webpack-internal:///(app-pages-browser)/./node_modules/@sentry/core/build/esm/instrument/console.js:53
[   46346ms] [LOG] [Fast Refresh] rebuilding @ webpack-internal:///(app-pages-browser)/./node_modules/@sentry/core/build/esm/instrument/console.js:53
[   46349ms] [LOG] [Fast Refresh] done in 4ms @ webpack-internal:///(app-pages-browser)/./node_modules/@sentry/core/build/esm/instrument/console.js:53
[   46459ms] [LOG] [Fast Refresh] rebuilding @ webpack-internal:///(app-pages-browser)/./node_modules/@sentry/core/build/esm/instrument/console.js:53
[   46462ms] [LOG] [Fast Refresh] done in 3ms @ webpack-internal:///(app-pages-browser)/./node_modules/@sentry/core/build/esm/instrument/console.js:53
[   46577ms] [LOG] [Fast Refresh] rebuilding @ webpack-internal:///(app-pages-browser)/./node_modules/@sentry/core/build/esm/instrument/console.js:53
[   46582ms] [LOG] [Fast Refresh] done in 4ms @ webpack-internal:///(app-pages-browser)/./node_modules/@sentry/core/build/esm/instrument/console.js:53
[   46834ms] [LOG] [Fast Refresh] rebuilding @ webpack-internal:///(app-pages-browser)/./node_modules/@sentry/core/build/esm/instrument/console.js:53
[   46889ms] [LOG] [Fast Refresh] done in 55ms @ webpack-internal:///(app-pages-browser)/./node_modules/@sentry/core/build/esm/instrument/console.js:53
[   46964ms] [LOG] [Fast Refresh] rebuilding @ webpack-internal:///(app-pages-browser)/./node_modules/@sentry/core/build/esm/instrument/console.js:53
[   46975ms] [LOG] [Fast Refresh] done in 11ms @ webpack-internal:///(app-pages-browser)/./node_modules/@sentry/core/build/esm/instrument/console.js:53
[   47071ms] [LOG] [Fast Refresh] rebuilding @ webpack-internal:///(app-pages-browser)/./node_modules/@sentry/core/build/esm/instrument/console.js:53
[   47080ms] [LOG] [Fast Refresh] done in 8ms @ webpack-internal:///(app-pages-browser)/./node_modules/@sentry/core/build/esm/instrument/console.js:53
[   47196ms] [LOG] [Fast Refresh] rebuilding @ webpack-internal:///(app-pages-browser)/./node_modules/@sentry/core/build/esm/instrument/console.js:53
[   47243ms] [LOG] [Fast Refresh] done in 46ms @ webpack-internal:///(app-pages-browser)/./node_modules/@sentry/core/build/esm/instrument/console.js:53
[   47283ms] [LOG] [Fast Refresh] rebuilding @ webpack-internal:///(app-pages-browser)/./node_modules/@sentry/core/build/esm/instrument/console.js:53
[   47286ms] [LOG] [Fast Refresh] done in 3ms @ webpack-internal:///(app-pages-browser)/./node_modules/@sentry/core/build/esm/instrument/console.js:53
[   47402ms] [LOG] [Fast Refresh] rebuilding @ webpack-internal:///(app-pages-browser)/./node_modules/@sentry/core/build/esm/instrument/console.js:53
[   47406ms] [LOG] [Fast Refresh] done in 3ms @ webpack-internal:///(app-pages-browser)/./node_modules/@sentry/core/build/esm/instrument/console.js:53
[   47511ms] [LOG] [Fast Refresh] rebuilding @ webpack-internal:///(app-pages-browser)/./node_modules/@sentry/core/build/esm/instrument/console.js:53
[   47515ms] [LOG] [Fast Refresh] done in 3ms @ webpack-internal:///(app-pages-browser)/./node_modules/@sentry/core/build/esm/instrument/console.js:53
[   47623ms] [LOG] [Fast Refresh] rebuilding @ webpack-internal:///(app-pages-browser)/./node_modules/@sentry/core/build/esm/instrument/console.js:53
[   47627ms] [LOG] [Fast Refresh] done in 3ms @ webpack-internal:///(app-pages-browser)/./node_modules/@sentry/core/build/esm/instrument/console.js:53
[   47735ms] [LOG] [Fast Refresh] rebuilding @ webpack-internal:///(app-pages-browser)/./node_modules/@sentry/core/build/esm/instrument/console.js:53
[   47739ms] [LOG] [Fast Refresh] done in 4ms @ webpack-internal:///(app-pages-browser)/./node_modules/@sentry/core/build/esm/instrument/console.js:53
[   47855ms] [LOG] [Fast Refresh] rebuilding @ webpack-internal:///(app-pages-browser)/./node_modules/@sentry/core/build/esm/instrument/console.js:53
[   47868ms] [LOG] [Fast Refresh] done in 14ms @ webpack-internal:///(app-pages-browser)/./node_modules/@sentry/core/build/esm/instrument/console.js:53
[   47961ms] [LOG] [Fast Refresh] rebuilding @ webpack-internal:///(app-pages-browser)/./node_modules/@sentry/core/build/esm/instrument/console.js:53
[   47965ms] [LOG] [Fast Refresh] done in 3ms @ webpack-internal:///(app-pages-browser)/./node_modules/@sentry/core/build/esm/instrument/console.js:53
[   48114ms] [LOG] [Fast Refresh] rebuilding @ webpack-internal:///(app-pages-browser)/./node_modules/@sentry/core/build/esm/instrument/console.js:53
[   48126ms] [LOG] [Fast Refresh] done in 12ms @ webpack-internal:///(app-pages-browser)/./node_modules/@sentry/core/build/esm/instrument/console.js:53
[   48235ms] [LOG] [Fast Refresh] rebuilding @ webpack-internal:///(app-pages-browser)/./node_modules/@sentry/core/build/esm/instrument/console.js:53
[   48286ms] [LOG] [Fast Refresh] done in 50ms @ webpack-internal:///(app-pages-browser)/./node_modules/@sentry/core/build/esm/instrument/console.js:53
[   48339ms] [LOG] [Fast Refresh] rebuilding @ webpack-internal:///(app-pages-browser)/./node_modules/@sentry/core/build/esm/instrument/console.js:53
[   48347ms] [LOG] [Fast Refresh] done in 8ms @ webpack-internal:///(app-pages-browser)/./node_modules/@sentry/core/build/esm/instrument/console.js:53
[   48451ms] [LOG] [Fast Refresh] rebuilding @ webpack-internal:///(app-pages-browser)/./node_modules/@sentry/core/build/esm/instrument/console.js:53
[   48464ms] [LOG] [Fast Refresh] done in 14ms @ webpack-internal:///(app-pages-browser)/./node_modules/@sentry/core/build/esm/instrument/console.js:53
[   48553ms] [LOG] [Fast Refresh] rebuilding @ webpack-internal:///(app-pages-browser)/./node_modules/@sentry/core/build/esm/instrument/console.js:53
[   48560ms] [LOG] [Fast Refresh] done in 7ms @ webpack-internal:///(app-pages-browser)/./node_modules/@sentry/core/build/esm/instrument/console.js:53
[   48668ms] [LOG] [Fast Refresh] rebuilding @ webpack-internal:///(app-pages-browser)/./node_modules/@sentry/core/build/esm/instrument/console.js:53
[   48683ms] [LOG] [Fast Refresh] done in 15ms @ webpack-internal:///(app-pages-browser)/./node_modules/@sentry/core/build/esm/instrument/console.js:53
[   48847ms] [LOG] [Fast Refresh] rebuilding @ webpack-internal:///(app-pages-browser)/./node_modules/@sentry/core/build/esm/instrument/console.js:53
[   48900ms] [ERROR] Failed to load resource: net::ERR_CONNECTION_REFUSED @ http://localhost:3000/dashboard/facturacion?tab=recibidas&_rsc=myjpi:0
[   48900ms] [ERROR] Failed to fetch RSC payload for http://localhost:3000/dashboard/facturacion?tab=recibidas. Falling back to browser navigation. TypeError: Failed to fetch (localhost:3000)
    at eval (webpack-internal:///(app-pages-browser)/./node_modules/@sentry/core/build/esm/instrument/fetch.js:58:28)
    at createFetch (webpack-internal:///(app-pages-browser)/./node_modules/next/dist/client/components/router-reducer/fetch-server-response.js:246:21)
    at fetchServerResponse (webpack-internal:///(app-pages-browser)/./node_modules/next/dist/client/components/router-reducer/fetch-server-response.js:92:27)
    at fetchMissingDynamicData (webpack-internal:///(app-pages-browser)/./node_modules/next/dist/client/components/router-reducer/ppr-navigations.js:1004:75)
    at spawnDynamicRequests (webpack-internal:///(app-pages-browser)/./node_modules/next/dist/client/components/router-reducer/ppr-navigations.js:812:35)
    at navigateToKnownRoute (webpack-internal:///(app-pages-browser)/./node_modules/next/dist/client/components/segment-cache/navigation.js:139:54)
    at refreshDynamicData (webpack-internal:///(app-pages-browser)/./node_modules/next/dist/client/components/router-reducer/reducers/refresh-reducer.js:67:49)
    at hmrRefreshReducer (webpack-internal:///(app-pages-browser)/./node_modules/next/dist/client/components/router-reducer/reducers/hmr-refresh-reducer.js:14:51)
    at clientReducer (webpack-internal:///(app-pages-browser)/./node_modules/next/dist/client/components/router-reducer/router-reducer.js:40:65)
    at Object.action (webpack-internal:///(app-pages-browser)/./node_modules/next/dist/client/components/app-router-instance.js:164:55)
    at runAction (webpack-internal:///(app-pages-browser)/./node_modules/next/dist/client/components/app-router-instance.js:69:38)
    at dispatchAction (webpack-internal:///(app-pages-browser)/./node_modules/next/dist/client/components/app-router-instance.js:132:9)
    at Object.dispatch (webpack-internal:///(app-pages-browser)/./node_modules/next/dist/client/components/app-router-instance.js:162:40)
    at eval (webpack-internal:///(app-pages-browser)/./node_modules/next/dist/client/components/use-action-queue.js:98:29)
    at startTransition (webpack-internal:///(app-pages-browser)/./node_modules/next/dist/compiled/react-dom/cjs/react-dom-client.development.js:9152:27)
    at nextDispatch (webpack-internal:///(app-pages-browser)/./node_modules/next/dist/client/components/use-action-queue.js:97:13)
    at dispatchAppRouterAction (webpack-internal:///(app-pages-browser)/./node_modules/next/dist/client/components/use-action-queue.js:56:5)
    at eval (webpack-internal:///(app-pages-browser)/./node_modules/next/dist/client/components/app-router-instance.js:329:61)
    at startTransition (webpack-internal:///(app-pages-browser)/./node_modules/next/dist/compiled/react/cjs/react.development.js:556:27)
    at Object.hmrRefresh (webpack-internal:///(app-pages-browser)/./node_modules/next/dist/client/components/app-router-instance.js:328:40)
    at eval (webpack-internal:///(app-pages-browser)/./node_modules/next/dist/client/dev/hot-reloader/app/hot-reloader-app.js:300:64)
    at startTransition (webpack-internal:///(app-pages-browser)/./node_modules/next/dist/compiled/react/cjs/react.development.js:556:27)
    at processMessage (webpack-internal:///(app-pages-browser)/./node_modules/next/dist/client/dev/hot-reloader/app/hot-reloader-app.js:299:44)
    at WebSocket.handleMessage (webpack-internal:///(app-pages-browser)/./node_modules/next/dist/client/dev/hot-reloader/app/web-socket.js:95:52) @ webpack-internal:///(app-pages-browser)/./node_modules/@sentry/core/build/esm/instrument/console.js:53
[   48901ms] [ERROR] Failed to load resource: net::ERR_CONNECTION_REFUSED @ http://localhost:3000/_next/static/webpack/c9a836e247f4200d.webpack.hot-update.json:0
[   48901ms] [WARNING] [Fast Refresh] performing full reload

Fast Refresh will perform a full reload when you edit a file that's imported by modules outside of the React rendering tree.
You might have a file which exports a React component but also exports a value that is imported by a non-React component file.
Consider migrating the non-React component export to a separate file and importing it into both files.

It is also possible the parent component of the component you edited is a class component, which disables Fast Refresh.
Fast Refresh requires at least one parent function component in your React tree. @ webpack-internal:///(app-pages-browser)/./node_modules/@sentry/core/build/esm/instrument/console.js:53
[   48905ms] [ERROR] WebSocket is already in CLOSING or CLOSED state. @ webpack-internal:///(app-pages-browser)/./node_modules/next/dist/next-devtools/userspace/app/forward-logs.js:226
