[    2099ms] [ERROR] Creating a worker from 'blob:http://localhost:3000/5ed88c7e-c0d7-49ad-b250-0efe1a104b11' violates the following Content Security Policy directive: "script-src 'self' 'unsafe-inline' 'unsafe-eval' https://cdnjs.cloudflare.com https://*.sentry.io https://*.posthog.com". Note that 'worker-src' was not explicitly set, so 'script-src' is used as a fallback. The action has been blocked. @ webpack-internal:///(app-pages-browser)/./node_modules/@sentry/replay/build/npm/esm/index.js:5672
[    2105ms] [LOG] [Client Instrumentation Hook] Slow execution detected: 49ms (Note: Code download overhead is not included in this measurement) @ webpack-internal:///(app-pages-browser)/./node_modules/@sentry/core/build/esm/instrument/console.js:53
[    2131ms] [INFO] %cDownload the React DevTools for a better development experience: https://react.dev/link/react-devtools font-weight:bold @ webpack-internal:///(app-pages-browser)/./node_modules/@sentry/core/build/esm/instrument/console.js:53
[    2174ms] [LOG] [HMR] connected @ webpack-internal:///(app-pages-browser)/./node_modules/@sentry/core/build/esm/instrument/console.js:53
[    2199ms] [INFO] [analytics] NEXT_PUBLIC_POSTHOG_KEY not set — analytics disabled @ webpack-internal:///(app-pages-browser)/./node_modules/@sentry/core/build/esm/instrument/console.js:53
[    2231ms] [LOG] [Fast Refresh] rebuilding @ webpack-internal:///(app-pages-browser)/./node_modules/@sentry/core/build/esm/instrument/console.js:53
[    2240ms] [LOG] [Fast Refresh] done in 8ms @ webpack-internal:///(app-pages-browser)/./node_modules/@sentry/core/build/esm/instrument/console.js:53
[    2353ms] [LOG] [Fast Refresh] rebuilding @ webpack-internal:///(app-pages-browser)/./node_modules/@sentry/core/build/esm/instrument/console.js:53
[    2362ms] [LOG] [Fast Refresh] done in 10ms @ webpack-internal:///(app-pages-browser)/./node_modules/@sentry/core/build/esm/instrument/console.js:53
[    2536ms] [LOG] [Fast Refresh] rebuilding @ webpack-internal:///(app-pages-browser)/./node_modules/@sentry/core/build/esm/instrument/console.js:53
[    2594ms] [LOG] [Fast Refresh] done in 58ms @ webpack-internal:///(app-pages-browser)/./node_modules/@sentry/core/build/esm/instrument/console.js:53
[    2632ms] [LOG] [Fast Refresh] rebuilding @ webpack-internal:///(app-pages-browser)/./node_modules/@sentry/core/build/esm/instrument/console.js:53
[    2637ms] [LOG] [Fast Refresh] done in 5ms @ webpack-internal:///(app-pages-browser)/./node_modules/@sentry/core/build/esm/instrument/console.js:53
[    2723ms] [LOG] [Fast Refresh] rebuilding @ webpack-internal:///(app-pages-browser)/./node_modules/@sentry/core/build/esm/instrument/console.js:53
[    2727ms] [LOG] [Fast Refresh] done in 3ms @ webpack-internal:///(app-pages-browser)/./node_modules/@sentry/core/build/esm/instrument/console.js:53
[    2812ms] [LOG] [Fast Refresh] rebuilding @ webpack-internal:///(app-pages-browser)/./node_modules/@sentry/core/build/esm/instrument/console.js:53
[    2923ms] [LOG] [Fast Refresh] done in 110ms @ webpack-internal:///(app-pages-browser)/./node_modules/@sentry/core/build/esm/instrument/console.js:53
[    2924ms] [LOG] [Fast Refresh] rebuilding @ webpack-internal:///(app-pages-browser)/./node_modules/@sentry/core/build/esm/instrument/console.js:53
[    3235ms] [LOG] [Fast Refresh] rebuilding @ webpack-internal:///(app-pages-browser)/./node_modules/@sentry/core/build/esm/instrument/console.js:53
[    3235ms] [LOG] [Fast Refresh] done in 0ms @ webpack-internal:///(app-pages-browser)/./node_modules/@sentry/core/build/esm/instrument/console.js:53
[    3280ms] [LOG] [Fast Refresh] rebuilding @ webpack-internal:///(app-pages-browser)/./node_modules/@sentry/core/build/esm/instrument/console.js:53
[    3281ms] [LOG] [Fast Refresh] done in 2ms @ webpack-internal:///(app-pages-browser)/./node_modules/@sentry/core/build/esm/instrument/console.js:53
[    3306ms] [ERROR] Failed to load resource: the server responded with a status of 500 (Internal Server Error) @ http://localhost:3000/dashboard/clientes?_rsc=15j7z:0
[    3308ms] [LOG] [Fast Refresh] rebuilding @ webpack-internal:///(app-pages-browser)/./node_modules/@sentry/core/build/esm/instrument/console.js:53
[    3480ms] [LOG] [Fast Refresh] done in 172ms @ webpack-internal:///(app-pages-browser)/./node_modules/@sentry/core/build/esm/instrument/console.js:53
[    3527ms] [LOG] [Fast Refresh] rebuilding @ webpack-internal:///(app-pages-browser)/./node_modules/@sentry/core/build/esm/instrument/console.js:53
[    3541ms] [LOG] [Fast Refresh] done in 14ms @ webpack-internal:///(app-pages-browser)/./node_modules/@sentry/core/build/esm/instrument/console.js:53
[    3891ms] Invalid or unexpected token
[    4343ms] [ERROR] Creating a worker from 'blob:http://localhost:3000/5de1b0cd-b8bb-4ae6-befb-788d16294c3e' violates the following Content Security Policy directive: "script-src 'self' 'unsafe-inline' 'unsafe-eval' https://cdnjs.cloudflare.com https://*.sentry.io https://*.posthog.com". Note that 'worker-src' was not explicitly set, so 'script-src' is used as a fallback. The action has been blocked. @ webpack-internal:///(app-pages-browser)/./node_modules/@sentry/replay/build/npm/esm/index.js:5672
[    4349ms] [LOG] [Client Instrumentation Hook] Slow execution detected: 48ms (Note: Code download overhead is not included in this measurement) @ webpack-internal:///(app-pages-browser)/./node_modules/@sentry/core/build/esm/instrument/console.js:53
[    4375ms] [INFO] %cDownload the React DevTools for a better development experience: https://react.dev/link/react-devtools font-weight:bold @ webpack-internal:///(app-pages-browser)/./node_modules/@sentry/core/build/esm/instrument/console.js:53
[    4410ms] [LOG] [HMR] connected @ webpack-internal:///(app-pages-browser)/./node_modules/@sentry/core/build/esm/instrument/console.js:53
[    4454ms] [ERROR] Can't perform a React state update on a component that hasn't mounted yet. This indicates that you have a side-effect in your render function that asynchronously tries to update the component. Move this work to useEffect instead. @ webpack-internal:///(app-pages-browser)/./node_modules/@sentry/core/build/esm/instrument/console.js:53
[    4457ms] [LOG] [Fast Refresh] rebuilding @ webpack-internal:///(app-pages-browser)/./node_modules/@sentry/core/build/esm/instrument/console.js:53
[    4538ms] [LOG] [Fast Refresh] done in 81ms @ webpack-internal:///(app-pages-browser)/./node_modules/@sentry/core/build/esm/instrument/console.js:53
[    4582ms] [LOG] [Fast Refresh] rebuilding @ webpack-internal:///(app-pages-browser)/./node_modules/@sentry/core/build/esm/instrument/console.js:53
[    4587ms] [LOG] [Fast Refresh] done in 5ms @ webpack-internal:///(app-pages-browser)/./node_modules/@sentry/core/build/esm/instrument/console.js:53
[    4699ms] [LOG] [Fast Refresh] rebuilding @ webpack-internal:///(app-pages-browser)/./node_modules/@sentry/core/build/esm/instrument/console.js:53
[    4709ms] [LOG] [Fast Refresh] done in 10ms @ webpack-internal:///(app-pages-browser)/./node_modules/@sentry/core/build/esm/instrument/console.js:53
[    4811ms] [LOG] [Fast Refresh] rebuilding @ webpack-internal:///(app-pages-browser)/./node_modules/@sentry/core/build/esm/instrument/console.js:53
[    4865ms] [LOG] [Fast Refresh] done in 53ms @ webpack-internal:///(app-pages-browser)/./node_modules/@sentry/core/build/esm/instrument/console.js:53
[    4950ms] [LOG] [Fast Refresh] rebuilding @ webpack-internal:///(app-pages-browser)/./node_modules/@sentry/core/build/esm/instrument/console.js:53
[    4963ms] [LOG] [Fast Refresh] done in 13ms @ webpack-internal:///(app-pages-browser)/./node_modules/@sentry/core/build/esm/instrument/console.js:53
[    5075ms] [LOG] [Fast Refresh] rebuilding @ webpack-internal:///(app-pages-browser)/./node_modules/@sentry/core/build/esm/instrument/console.js:53
[    5082ms] [LOG] [Fast Refresh] done in 7ms @ webpack-internal:///(app-pages-browser)/./node_modules/@sentry/core/build/esm/instrument/console.js:53
[    5180ms] [LOG] [Fast Refresh] rebuilding @ webpack-internal:///(app-pages-browser)/./node_modules/@sentry/core/build/esm/instrument/console.js:53
[    5212ms] [LOG] [Fast Refresh] done in 32ms @ webpack-internal:///(app-pages-browser)/./node_modules/@sentry/core/build/esm/instrument/console.js:53
[    5487ms] [LOG] [Fast Refresh] rebuilding @ webpack-internal:///(app-pages-browser)/./node_modules/@sentry/core/build/esm/instrument/console.js:53
[    5498ms] [LOG] [Fast Refresh] rebuilding @ webpack-internal:///(app-pages-browser)/./node_modules/@sentry/core/build/esm/instrument/console.js:53
[    5501ms] [LOG] [Fast Refresh] done in 2ms @ webpack-internal:///(app-pages-browser)/./node_modules/@sentry/core/build/esm/instrument/console.js:53
[    5543ms] [LOG] [Fast Refresh] done in 44ms @ webpack-internal:///(app-pages-browser)/./node_modules/@sentry/core/build/esm/instrument/console.js:53
[    5557ms] [LOG] [Fast Refresh] rebuilding @ webpack-internal:///(app-pages-browser)/./node_modules/@sentry/core/build/esm/instrument/console.js:53
[    5557ms] [ERROR] Failed to load resource: the server responded with a status of 500 (Internal Server Error) @ http://localhost:3000/dashboard/clientes?_rsc=15j7z:0
[    6688ms] [ERROR] Creating a worker from 'blob:http://localhost:3000/c5034dd7-dfe3-4f77-ac3e-17fdaf3c680b' violates the following Content Security Policy directive: "script-src 'self' 'unsafe-inline' 'unsafe-eval' https://cdnjs.cloudflare.com https://*.sentry.io https://*.posthog.com". Note that 'worker-src' was not explicitly set, so 'script-src' is used as a fallback. The action has been blocked. @ webpack-internal:///(app-pages-browser)/./node_modules/@sentry/replay/build/npm/esm/index.js:5672
[    6694ms] [LOG] [Client Instrumentation Hook] Slow execution detected: 45ms (Note: Code download overhead is not included in this measurement) @ webpack-internal:///(app-pages-browser)/./node_modules/@sentry/core/build/esm/instrument/console.js:53
[    6720ms] [INFO] %cDownload the React DevTools for a better development experience: https://react.dev/link/react-devtools font-weight:bold @ webpack-internal:///(app-pages-browser)/./node_modules/@sentry/core/build/esm/instrument/console.js:53
[    6758ms] [LOG] [HMR] connected @ webpack-internal:///(app-pages-browser)/./node_modules/@sentry/core/build/esm/instrument/console.js:53
[    6779ms] [INFO] [analytics] NEXT_PUBLIC_POSTHOG_KEY not set — analytics disabled @ webpack-internal:///(app-pages-browser)/./node_modules/@sentry/core/build/esm/instrument/console.js:53
[    6821ms] [LOG] [Fast Refresh] rebuilding @ webpack-internal:///(app-pages-browser)/./node_modules/@sentry/core/build/esm/instrument/console.js:53
[    6886ms] [LOG] [Fast Refresh] done in 64ms @ webpack-internal:///(app-pages-browser)/./node_modules/@sentry/core/build/esm/instrument/console.js:53
[    7043ms] [LOG] [Fast Refresh] rebuilding @ webpack-internal:///(app-pages-browser)/./node_modules/@sentry/core/build/esm/instrument/console.js:53
[    7098ms] [LOG] [Fast Refresh] done in 55ms @ webpack-internal:///(app-pages-browser)/./node_modules/@sentry/core/build/esm/instrument/console.js:53
[    7154ms] [LOG] [Fast Refresh] rebuilding @ webpack-internal:///(app-pages-browser)/./node_modules/@sentry/core/build/esm/instrument/console.js:53
[    7167ms] [LOG] [Fast Refresh] done in 13ms @ webpack-internal:///(app-pages-browser)/./node_modules/@sentry/core/build/esm/instrument/console.js:53
[    7473ms] [LOG] [Fast Refresh] rebuilding @ webpack-internal:///(app-pages-browser)/./node_modules/@sentry/core/build/esm/instrument/console.js:53
[    7487ms] [LOG] [Fast Refresh] done in 14ms @ webpack-internal:///(app-pages-browser)/./node_modules/@sentry/core/build/esm/instrument/console.js:53
[    7524ms] [LOG] [Fast Refresh] rebuilding @ webpack-internal:///(app-pages-browser)/./node_modules/@sentry/core/build/esm/instrument/console.js:53
[    7526ms] [LOG] [Fast Refresh] done in 2ms @ webpack-internal:///(app-pages-browser)/./node_modules/@sentry/core/build/esm/instrument/console.js:53
[    7540ms] [ERROR] Failed to load resource: the server responded with a status of 500 (Internal Server Error) @ http://localhost:3000/dashboard/clientes?_rsc=15j7z:0
[    7587ms] [LOG] [Fast Refresh] rebuilding @ webpack-internal:///(app-pages-browser)/./node_modules/@sentry/core/build/esm/instrument/console.js:53
[    8262ms] [ERROR] Creating a worker from 'blob:http://localhost:3000/c99e1f6e-1ac4-4428-8a54-02de7def186c' violates the following Content Security Policy directive: "script-src 'self' 'unsafe-inline' 'unsafe-eval' https://cdnjs.cloudflare.com https://*.sentry.io https://*.posthog.com". Note that 'worker-src' was not explicitly set, so 'script-src' is used as a fallback. The action has been blocked. @ webpack-internal:///(app-pages-browser)/./node_modules/@sentry/replay/build/npm/esm/index.js:5672
[    8267ms] [LOG] [Client Instrumentation Hook] Slow execution detected: 45ms (Note: Code download overhead is not included in this measurement) @ webpack-internal:///(app-pages-browser)/./node_modules/@sentry/core/build/esm/instrument/console.js:53
[    8293ms] [INFO] %cDownload the React DevTools for a better development experience: https://react.dev/link/react-devtools font-weight:bold @ webpack-internal:///(app-pages-browser)/./node_modules/@sentry/core/build/esm/instrument/console.js:53
[    8331ms] [LOG] [HMR] connected @ webpack-internal:///(app-pages-browser)/./node_modules/@sentry/core/build/esm/instrument/console.js:53
[    8362ms] [INFO] [analytics] NEXT_PUBLIC_POSTHOG_KEY not set — analytics disabled @ webpack-internal:///(app-pages-browser)/./node_modules/@sentry/core/build/esm/instrument/console.js:53
[    8377ms] [LOG] [Fast Refresh] rebuilding @ webpack-internal:///(app-pages-browser)/./node_modules/@sentry/core/build/esm/instrument/console.js:53
[    8396ms] [LOG] [Fast Refresh] done in 19ms @ webpack-internal:///(app-pages-browser)/./node_modules/@sentry/core/build/esm/instrument/console.js:53
[    8534ms] [LOG] [Fast Refresh] rebuilding @ webpack-internal:///(app-pages-browser)/./node_modules/@sentry/core/build/esm/instrument/console.js:53
[    8592ms] [LOG] [Fast Refresh] done in 59ms @ webpack-internal:///(app-pages-browser)/./node_modules/@sentry/core/build/esm/instrument/console.js:53
[    8630ms] [LOG] [Fast Refresh] rebuilding @ webpack-internal:///(app-pages-browser)/./node_modules/@sentry/core/build/esm/instrument/console.js:53
[    8705ms] [LOG] [Fast Refresh] done in 76ms @ webpack-internal:///(app-pages-browser)/./node_modules/@sentry/core/build/esm/instrument/console.js:53
[    8753ms] [LOG] [Fast Refresh] rebuilding @ webpack-internal:///(app-pages-browser)/./node_modules/@sentry/core/build/esm/instrument/console.js:53
[    8780ms] [LOG] [Fast Refresh] done in 27ms @ webpack-internal:///(app-pages-browser)/./node_modules/@sentry/core/build/esm/instrument/console.js:53
[    8871ms] [LOG] [Fast Refresh] rebuilding @ webpack-internal:///(app-pages-browser)/./node_modules/@sentry/core/build/esm/instrument/console.js:53
[    8875ms] [LOG] [Fast Refresh] done in 4ms @ webpack-internal:///(app-pages-browser)/./node_modules/@sentry/core/build/esm/instrument/console.js:53
[    8992ms] [LOG] [Fast Refresh] rebuilding @ webpack-internal:///(app-pages-browser)/./node_modules/@sentry/core/build/esm/instrument/console.js:53
[    9017ms] [LOG] [Fast Refresh] done in 26ms @ webpack-internal:///(app-pages-browser)/./node_modules/@sentry/core/build/esm/instrument/console.js:53
[    9193ms] [LOG] [Fast Refresh] rebuilding @ webpack-internal:///(app-pages-browser)/./node_modules/@sentry/core/build/esm/instrument/console.js:53
[    9206ms] [LOG] [Fast Refresh] done in 12ms @ webpack-internal:///(app-pages-browser)/./node_modules/@sentry/core/build/esm/instrument/console.js:53
[    9505ms] [LOG] [Fast Refresh] rebuilding @ webpack-internal:///(app-pages-browser)/./node_modules/@sentry/core/build/esm/instrument/console.js:53
[    9525ms] [LOG] [Fast Refresh] done in 20ms @ webpack-internal:///(app-pages-browser)/./node_modules/@sentry/core/build/esm/instrument/console.js:53
[    9582ms] [LOG] [Fast Refresh] rebuilding @ webpack-internal:///(app-pages-browser)/./node_modules/@sentry/core/build/esm/instrument/console.js:53
[    9625ms] [LOG] [Fast Refresh] done in 42ms @ webpack-internal:///(app-pages-browser)/./node_modules/@sentry/core/build/esm/instrument/console.js:53
[    9643ms] [ERROR] Failed to load resource: the server responded with a status of 500 (Internal Server Error) @ http://localhost:3000/dashboard/clientes?_rsc=15j7z:0
[    9656ms] [LOG] [Fast Refresh] rebuilding @ webpack-internal:///(app-pages-browser)/./node_modules/@sentry/core/build/esm/instrument/console.js:53
[    9995ms] [LOG] [Fast Refresh] done in 338ms @ webpack-internal:///(app-pages-browser)/./node_modules/@sentry/core/build/esm/instrument/console.js:53
[   10045ms] [LOG] [Fast Refresh] rebuilding @ webpack-internal:///(app-pages-browser)/./node_modules/@sentry/core/build/esm/instrument/console.js:53
[   10049ms] [LOG] [Fast Refresh] done in 4ms @ webpack-internal:///(app-pages-browser)/./node_modules/@sentry/core/build/esm/instrument/console.js:53
[   10317ms] [ERROR] Failed to load resource: the server responded with a status of 500 (Internal Server Error) @ http://localhost:3000/dashboard/clientes?_rsc=15j7z:0
[   10335ms] [ERROR] Failed to load resource: the server responded with a status of 500 (Internal Server Error) @ http://localhost:3000/dashboard/clientes:0
[   10372ms] [INFO] %cDownload the React DevTools for a better development experience: https://react.dev/link/react-devtools font-weight:bold @ webpack-internal:///(pages-dir-browser)/./node_modules/react-dom/cjs/react-dom-client.development.js:28004
[   10405ms] [ERROR] Creating a worker from 'blob:http://localhost:3000/ec360361-b1e7-44cf-bc56-e109c532b40e' violates the following Content Security Policy directive: "script-src 'self' 'unsafe-inline' 'unsafe-eval' https://cdnjs.cloudflare.com https://*.sentry.io https://*.posthog.com". Note that 'worker-src' was not explicitly set, so 'script-src' is used as a fallback. The action has been blocked. @ webpack-internal:///(pages-dir-browser)/./node_modules/@sentry/replay/build/npm/esm/index.js:5672
[   10416ms] SyntaxError: Unexpected end of JSON input
    at JSON.parse (<anonymous>)
    at loadManifest (file:///Users/daniilkonovalyukpanasyuk/enlaze/node_modules/next/dist/server/load-manifest.external.js:54:25)
    at loadManifestFromRelativePath (file:///Users/daniilkonovalyukpanasyuk/enlaze/node_modules/next/dist/server/load-manifest.external.js:111:12)
    at AppPageRouteModule.loadManifests (file:///Users/daniilkonovalyukpanasyuk/enlaze/node_modules/next/dist/compiled/next-server/app-page.runtime.dev.js:71:33979)
    at AppPageRouteModule.prepare (file:///Users/daniilkonovalyukpanasyuk/enlaze/node_modules/next/dist/compiled/next-server/app-page.runtime.dev.js:71:41329)
    at process.processTicksAndRejections (node:internal/process/task_queues:104:5)
    at async Module.handler (webpack-internal:///(rsc)/./node_modules/next/dist/build/webpack/loaders/next-app-loader/index.js?name=app%2Fdashboard%2Fclientes%2Fpage&page=%2Fdashboard%2Fclientes%2Fpage&appPaths=%2Fdashboard%2Fclientes%2Fpage&allNormalizedAppPaths=&pagePath=private-next-app-dir%2Fdashboard%2Fclientes%2Fpage.tsx&appDir=%2FUsers%2Fdaniilkonovalyukpanasyuk%2Fenlaze%2Fapp&pageExtensions=tsx&pageExtensions=ts&pageExtensions=jsx&pageExtensions=js&rootDir=%2FUsers%2Fdaniilkonovalyukpanasyuk%2Fenlaze&isDev=true&tsconfigPath=&basePath=&assetPrefix=&nextConfigOutput=&preferredRegion=&middlewareConfig=e30%3D&isGlobalNotFoundEnabled=!:253:27)
    at async DevServer.renderToResponseWithComponentsImpl (file:///Users/daniilkonovalyukpanasyuk/enlaze/node_modules/next/dist/server/base-server.js:1454:9)
    at async DevServer.renderPageComponent (file:///Users/daniilkonovalyukpanasyuk/enlaze/node_modules/next/dist/server/base-server.js:1506:24)
    at async DevServer.renderToResponseImpl (file:///Users/daniilkonovalyukpanasyuk/enlaze/node_modules/next/dist/server/base-server.js:1556:32)
    at async DevServer.pipeImpl (file:///Users/daniilkonovalyukpanasyuk/enlaze/node_modules/next/dist/server/base-server.js:1043:25)
    at async NextNodeServer.handleCatchallRenderRequest (file:///Users/daniilkonovalyukpanasyuk/enlaze/node_modules/next/dist/server/next-server.js:338:17)
    at async DevServer.handleRequestImpl (file:///Users/daniilkonovalyukpanasyuk/enlaze/node_modules/next/dist/server/base-server.js:934:17)
    at async (file:///Users/daniilkonovalyukpanasyuk/enlaze/node_modules/next/dist/server/dev/next-dev-server.js:394:20)
    at async Span.traceAsyncFn (file:///Users/daniilkonovalyukpanasyuk/enlaze/node_modules/next/dist/trace/trace.js:164:20)
    at async DevServer.handleRequest (file:///Users/daniilkonovalyukpanasyuk/enlaze/node_modules/next/dist/server/dev/next-dev-server.js:390:24)
    at async invokeRender (file:///Users/daniilkonovalyukpanasyuk/enlaze/node_modules/next/dist/server/lib/router-server.js:253:21)
    at async handleRequest (file:///Users/daniilkonovalyukpanasyuk/enlaze/node_modules/next/dist/server/lib/router-server.js:452:24)
    at async requestHandlerImpl (file:///Users/daniilkonovalyukpanasyuk/enlaze/node_modules/next/dist/server/lib/router-server.js:501:13)
    at async Server.requestListener (file:///Users/daniilkonovalyukpanasyuk/enlaze/node_modules/next/dist/server/lib/start-server.js:225:13)
[   10470ms] [LOG] [HMR] connected @ webpack-internal:///(pages-dir-browser)/./node_modules/@sentry/core/build/esm/instrument/console.js:53
[   10557ms] [LOG] [Fast Refresh] rebuilding @ webpack-internal:///(pages-dir-browser)/./node_modules/@sentry/core/build/esm/instrument/console.js:53
[   10661ms] [LOG] [Fast Refresh] rebuilding @ webpack-internal:///(pages-dir-browser)/./node_modules/@sentry/core/build/esm/instrument/console.js:53
[   10666ms] [WARNING] [Fast Refresh] performing full reload because your application had an unrecoverable error @ webpack-internal:///(pages-dir-browser)/./node_modules/@sentry/core/build/esm/instrument/console.js:53
[   10923ms] [LOG] [Fast Refresh] rebuilding @ webpack-internal:///(pages-dir-browser)/./node_modules/@sentry/core/build/esm/instrument/console.js:53
[   10936ms] [WARNING] [Fast Refresh] performing full reload because your application had an unrecoverable error @ webpack-internal:///(pages-dir-browser)/./node_modules/@sentry/core/build/esm/instrument/console.js:53
[   10982ms] [LOG] [Fast Refresh] rebuilding @ webpack-internal:///(pages-dir-browser)/./node_modules/@sentry/core/build/esm/instrument/console.js:53
[   10989ms] [ERROR] Failed to load resource: the server responded with a status of 500 (Internal Server Error) @ http://localhost:3000/dashboard/clientes:0
[   11016ms] [INFO] %cDownload the React DevTools for a better development experience: https://react.dev/link/react-devtools font-weight:bold @ webpack-internal:///(pages-dir-browser)/./node_modules/react-dom/cjs/react-dom-client.development.js:28004
[   11049ms] [ERROR] Creating a worker from 'blob:http://localhost:3000/68f58c42-33b1-4e3e-9213-0aa64d122299' violates the following Content Security Policy directive: "script-src 'self' 'unsafe-inline' 'unsafe-eval' https://cdnjs.cloudflare.com https://*.sentry.io https://*.posthog.com". Note that 'worker-src' was not explicitly set, so 'script-src' is used as a fallback. The action has been blocked. @ webpack-internal:///(pages-dir-browser)/./node_modules/@sentry/replay/build/npm/esm/index.js:5672
[   11064ms] SyntaxError: Unexpected end of JSON input
    at JSON.parse (<anonymous>)
    at loadManifest (file:///Users/daniilkonovalyukpanasyuk/enlaze/node_modules/next/dist/server/load-manifest.external.js:54:25)
    at DevServer.getNextFontManifest (file:///Users/daniilkonovalyukpanasyuk/enlaze/node_modules/next/dist/server/next-server.js:867:55)
    at DevServer.findPageComponents (file:///Users/daniilkonovalyukpanasyuk/enlaze/node_modules/next/dist/server/dev/next-dev-server.js:703:39)
    at process.processTicksAndRejections (node:internal/process/task_queues:104:5)
    at async DevServer.renderPageComponent (file:///Users/daniilkonovalyukpanasyuk/enlaze/node_modules/next/dist/server/base-server.js:1492:24)
    at async DevServer.renderToResponseImpl (file:///Users/daniilkonovalyukpanasyuk/enlaze/node_modules/next/dist/server/base-server.js:1556:32)
    at async DevServer.pipeImpl (file:///Users/daniilkonovalyukpanasyuk/enlaze/node_modules/next/dist/server/base-server.js:1043:25)
    at async NextNodeServer.handleCatchallRenderRequest (file:///Users/daniilkonovalyukpanasyuk/enlaze/node_modules/next/dist/server/next-server.js:338:17)
    at async DevServer.handleRequestImpl (file:///Users/daniilkonovalyukpanasyuk/enlaze/node_modules/next/dist/server/base-server.js:934:17)
    at async (file:///Users/daniilkonovalyukpanasyuk/enlaze/node_modules/next/dist/server/dev/next-dev-server.js:394:20)
    at async Span.traceAsyncFn (file:///Users/daniilkonovalyukpanasyuk/enlaze/node_modules/next/dist/trace/trace.js:164:20)
    at async DevServer.handleRequest (file:///Users/daniilkonovalyukpanasyuk/enlaze/node_modules/next/dist/server/dev/next-dev-server.js:390:24)
    at async invokeRender (file:///Users/daniilkonovalyukpanasyuk/enlaze/node_modules/next/dist/server/lib/router-server.js:253:21)
    at async handleRequest (file:///Users/daniilkonovalyukpanasyuk/enlaze/node_modules/next/dist/server/lib/router-server.js:452:24)
    at async requestHandlerImpl (file:///Users/daniilkonovalyukpanasyuk/enlaze/node_modules/next/dist/server/lib/router-server.js:501:13)
    at async Server.requestListener (file:///Users/daniilkonovalyukpanasyuk/enlaze/node_modules/next/dist/server/lib/start-server.js:225:13)
[   11064ms] [LOG] [HMR] connected @ webpack-internal:///(pages-dir-browser)/./node_modules/@sentry/core/build/esm/instrument/console.js:53
[   11115ms] [LOG] [Fast Refresh] rebuilding @ webpack-internal:///(pages-dir-browser)/./node_modules/@sentry/core/build/esm/instrument/console.js:53
[   11298ms] [WARNING] [Fast Refresh] performing full reload because your application had an unrecoverable error @ webpack-internal:///(pages-dir-browser)/./node_modules/@sentry/core/build/esm/instrument/console.js:53
[   11389ms] [LOG] [Fast Refresh] rebuilding @ webpack-internal:///(pages-dir-browser)/./node_modules/@sentry/core/build/esm/instrument/console.js:53
[   11392ms] [LOG] [Fast Refresh] rebuilding @ webpack-internal:///(pages-dir-browser)/./node_modules/@sentry/core/build/esm/instrument/console.js:53
[   11439ms] [WARNING] [Fast Refresh] performing full reload because your application had an unrecoverable error @ webpack-internal:///(pages-dir-browser)/./node_modules/@sentry/core/build/esm/instrument/console.js:53
[   11488ms] [WARNING] [Fast Refresh] performing full reload because your application had an unrecoverable error @ webpack-internal:///(pages-dir-browser)/./node_modules/@sentry/core/build/esm/instrument/console.js:53
[   11741ms] [LOG] [Fast Refresh] rebuilding @ webpack-internal:///(pages-dir-browser)/./node_modules/@sentry/core/build/esm/instrument/console.js:53
[   11755ms] [WARNING] [Fast Refresh] performing full reload because your application had an unrecoverable error @ webpack-internal:///(pages-dir-browser)/./node_modules/@sentry/core/build/esm/instrument/console.js:53
[   11787ms] [LOG] [Fast Refresh] rebuilding @ webpack-internal:///(pages-dir-browser)/./node_modules/@sentry/core/build/esm/instrument/console.js:53
[   11836ms] [LOG] [Fast Refresh] rebuilding @ webpack-internal:///(pages-dir-browser)/./node_modules/@sentry/core/build/esm/instrument/console.js:53
[   11915ms] [LOG] [Fast Refresh] rebuilding @ webpack-internal:///(pages-dir-browser)/./node_modules/@sentry/core/build/esm/instrument/console.js:53
[   11919ms] [WARNING] [Fast Refresh] performing full reload because your application had an unrecoverable error @ webpack-internal:///(pages-dir-browser)/./node_modules/@sentry/core/build/esm/instrument/console.js:53
[   11967ms] [WARNING] [Fast Refresh] performing full reload because your application had an unrecoverable error @ webpack-internal:///(pages-dir-browser)/./node_modules/@sentry/core/build/esm/instrument/console.js:53
[   12156ms] [ERROR] Failed to load resource: the server responded with a status of 500 (Internal Server Error) @ http://localhost:3000/dashboard/clientes:0
[   12224ms] [INFO] %cDownload the React DevTools for a better development experience: https://react.dev/link/react-devtools font-weight:bold @ webpack-internal:///(pages-dir-browser)/./node_modules/react-dom/cjs/react-dom-client.development.js:28004
[   12257ms] [ERROR] Creating a worker from 'blob:http://localhost:3000/29f0ce9a-6aea-4ddd-b8b9-17b358574b17' violates the following Content Security Policy directive: "script-src 'self' 'unsafe-inline' 'unsafe-eval' https://cdnjs.cloudflare.com https://*.sentry.io https://*.posthog.com". Note that 'worker-src' was not explicitly set, so 'script-src' is used as a fallback. The action has been blocked. @ webpack-internal:///(pages-dir-browser)/./node_modules/@sentry/replay/build/npm/esm/index.js:5672
[   12260ms] SyntaxError: Unexpected end of JSON input
    at JSON.parse (<anonymous>)
    at loadManifest (file:///Users/daniilkonovalyukpanasyuk/enlaze/node_modules/next/dist/server/load-manifest.external.js:54:25)
    at DevServer.getNextFontManifest (file:///Users/daniilkonovalyukpanasyuk/enlaze/node_modules/next/dist/server/next-server.js:867:55)
    at DevServer.findPageComponents (file:///Users/daniilkonovalyukpanasyuk/enlaze/node_modules/next/dist/server/dev/next-dev-server.js:703:39)
    at process.processTicksAndRejections (node:internal/process/task_queues:104:5)
    at async DevServer.renderPageComponent (file:///Users/daniilkonovalyukpanasyuk/enlaze/node_modules/next/dist/server/base-server.js:1492:24)
    at async DevServer.renderToResponseImpl (file:///Users/daniilkonovalyukpanasyuk/enlaze/node_modules/next/dist/server/base-server.js:1556:32)
    at async DevServer.pipeImpl (file:///Users/daniilkonovalyukpanasyuk/enlaze/node_modules/next/dist/server/base-server.js:1043:25)
    at async NextNodeServer.handleCatchallRenderRequest (file:///Users/daniilkonovalyukpanasyuk/enlaze/node_modules/next/dist/server/next-server.js:338:17)
    at async DevServer.handleRequestImpl (file:///Users/daniilkonovalyukpanasyuk/enlaze/node_modules/next/dist/server/base-server.js:934:17)
    at async (file:///Users/daniilkonovalyukpanasyuk/enlaze/node_modules/next/dist/server/dev/next-dev-server.js:394:20)
    at async Span.traceAsyncFn (file:///Users/daniilkonovalyukpanasyuk/enlaze/node_modules/next/dist/trace/trace.js:164:20)
    at async DevServer.handleRequest (file:///Users/daniilkonovalyukpanasyuk/enlaze/node_modules/next/dist/server/dev/next-dev-server.js:390:24)
    at async invokeRender (file:///Users/daniilkonovalyukpanasyuk/enlaze/node_modules/next/dist/server/lib/router-server.js:253:21)
    at async handleRequest (file:///Users/daniilkonovalyukpanasyuk/enlaze/node_modules/next/dist/server/lib/router-server.js:452:24)
    at async requestHandlerImpl (file:///Users/daniilkonovalyukpanasyuk/enlaze/node_modules/next/dist/server/lib/router-server.js:501:13)
    at async Server.requestListener (file:///Users/daniilkonovalyukpanasyuk/enlaze/node_modules/next/dist/server/lib/start-server.js:225:13)
[   12267ms] [LOG] [HMR] connected @ webpack-internal:///(pages-dir-browser)/./node_modules/@sentry/core/build/esm/instrument/console.js:53
[   12544ms] [WARNING] [Fast Refresh] performing full reload because your application had an unrecoverable error @ webpack-internal:///(pages-dir-browser)/./node_modules/@sentry/core/build/esm/instrument/console.js:53
[   12581ms] [LOG] [Fast Refresh] rebuilding @ webpack-internal:///(pages-dir-browser)/./node_modules/@sentry/core/build/esm/instrument/console.js:53
[   12968ms] [WARNING] [Fast Refresh] performing full reload because your application had an unrecoverable error @ webpack-internal:///(pages-dir-browser)/./node_modules/@sentry/core/build/esm/instrument/console.js:53
[   13001ms] [LOG] [Fast Refresh] rebuilding @ webpack-internal:///(pages-dir-browser)/./node_modules/@sentry/core/build/esm/instrument/console.js:53
[   13194ms] [WARNING] [Fast Refresh] performing full reload because your application had an unrecoverable error @ webpack-internal:///(pages-dir-browser)/./node_modules/@sentry/core/build/esm/instrument/console.js:53
[   13252ms] [LOG] [Fast Refresh] rebuilding @ webpack-internal:///(pages-dir-browser)/./node_modules/@sentry/core/build/esm/instrument/console.js:53
[   13505ms] Invalid or unexpected token
[   14154ms] [ERROR] Creating a worker from 'blob:http://localhost:3000/d573aa02-e240-4503-8839-cd36f5e45ba0' violates the following Content Security Policy directive: "script-src 'self' 'unsafe-inline' 'unsafe-eval' https://cdnjs.cloudflare.com https://*.sentry.io https://*.posthog.com". Note that 'worker-src' was not explicitly set, so 'script-src' is used as a fallback. The action has been blocked. @ webpack-internal:///(app-pages-browser)/./node_modules/@sentry/replay/build/npm/esm/index.js:5672
[   14159ms] [LOG] [Client Instrumentation Hook] Slow execution detected: 46ms (Note: Code download overhead is not included in this measurement) @ webpack-internal:///(app-pages-browser)/./node_modules/@sentry/core/build/esm/instrument/console.js:53
[   14186ms] [INFO] %cDownload the React DevTools for a better development experience: https://react.dev/link/react-devtools font-weight:bold @ webpack-internal:///(app-pages-browser)/./node_modules/@sentry/core/build/esm/instrument/console.js:53
[   14237ms] [LOG] [HMR] connected @ webpack-internal:///(app-pages-browser)/./node_modules/@sentry/core/build/esm/instrument/console.js:53
[   14277ms] [ERROR] Can't perform a React state update on a component that hasn't mounted yet. This indicates that you have a side-effect in your render function that asynchronously tries to update the component. Move this work to useEffect instead. @ webpack-internal:///(app-pages-browser)/./node_modules/@sentry/core/build/esm/instrument/console.js:53
[   14281ms] [LOG] [Fast Refresh] rebuilding @ webpack-internal:///(app-pages-browser)/./node_modules/@sentry/core/build/esm/instrument/console.js:53
[   14476ms] [LOG] [Fast Refresh] done in 195ms @ webpack-internal:///(app-pages-browser)/./node_modules/@sentry/core/build/esm/instrument/console.js:53
[   14478ms] [LOG] [Fast Refresh] rebuilding @ webpack-internal:///(app-pages-browser)/./node_modules/@sentry/core/build/esm/instrument/console.js:53
[   14487ms] [LOG] [Fast Refresh] done in 8ms @ webpack-internal:///(app-pages-browser)/./node_modules/@sentry/core/build/esm/instrument/console.js:53
[   14592ms] [LOG] [Fast Refresh] rebuilding @ webpack-internal:///(app-pages-browser)/./node_modules/@sentry/core/build/esm/instrument/console.js:53
[   14601ms] [LOG] [Fast Refresh] done in 8ms @ webpack-internal:///(app-pages-browser)/./node_modules/@sentry/core/build/esm/instrument/console.js:53
[   14724ms] [LOG] [Fast Refresh] rebuilding @ webpack-internal:///(app-pages-browser)/./node_modules/@sentry/core/build/esm/instrument/console.js:53
[   14732ms] [LOG] [Fast Refresh] done in 9ms @ webpack-internal:///(app-pages-browser)/./node_modules/@sentry/core/build/esm/instrument/console.js:53
[   14844ms] [LOG] [Fast Refresh] rebuilding @ webpack-internal:///(app-pages-browser)/./node_modules/@sentry/core/build/esm/instrument/console.js:53
[   14849ms] [LOG] [Fast Refresh] done in 5ms @ webpack-internal:///(app-pages-browser)/./node_modules/@sentry/core/build/esm/instrument/console.js:53
[   14966ms] [LOG] [Fast Refresh] rebuilding @ webpack-internal:///(app-pages-browser)/./node_modules/@sentry/core/build/esm/instrument/console.js:53
[   14976ms] [LOG] [Fast Refresh] done in 10ms @ webpack-internal:///(app-pages-browser)/./node_modules/@sentry/core/build/esm/instrument/console.js:53
[   15104ms] [LOG] [Fast Refresh] rebuilding @ webpack-internal:///(app-pages-browser)/./node_modules/@sentry/core/build/esm/instrument/console.js:53
[   15111ms] [LOG] [Fast Refresh] done in 8ms @ webpack-internal:///(app-pages-browser)/./node_modules/@sentry/core/build/esm/instrument/console.js:53
[   15219ms] [LOG] [Fast Refresh] rebuilding @ webpack-internal:///(app-pages-browser)/./node_modules/@sentry/core/build/esm/instrument/console.js:53
[   15273ms] [LOG] [Fast Refresh] done in 54ms @ webpack-internal:///(app-pages-browser)/./node_modules/@sentry/core/build/esm/instrument/console.js:53
[   15336ms] [LOG] [Fast Refresh] rebuilding @ webpack-internal:///(app-pages-browser)/./node_modules/@sentry/core/build/esm/instrument/console.js:53
[   15346ms] [LOG] [Fast Refresh] done in 10ms @ webpack-internal:///(app-pages-browser)/./node_modules/@sentry/core/build/esm/instrument/console.js:53
[   15492ms] [LOG] [Fast Refresh] rebuilding @ webpack-internal:///(app-pages-browser)/./node_modules/@sentry/core/build/esm/instrument/console.js:53
[   15508ms] [LOG] [Fast Refresh] done in 16ms @ webpack-internal:///(app-pages-browser)/./node_modules/@sentry/core/build/esm/instrument/console.js:53
[   15703ms] [LOG] [Fast Refresh] rebuilding @ webpack-internal:///(app-pages-browser)/./node_modules/@sentry/core/build/esm/instrument/console.js:53
[   15715ms] [LOG] [Fast Refresh] done in 13ms @ webpack-internal:///(app-pages-browser)/./node_modules/@sentry/core/build/esm/instrument/console.js:53
[   15927ms] [LOG] [Fast Refresh] rebuilding @ webpack-internal:///(app-pages-browser)/./node_modules/@sentry/core/build/esm/instrument/console.js:53
[   15944ms] [LOG] [Fast Refresh] done in 18ms @ webpack-internal:///(app-pages-browser)/./node_modules/@sentry/core/build/esm/instrument/console.js:53
[   16052ms] [LOG] [Fast Refresh] rebuilding @ webpack-internal:///(app-pages-browser)/./node_modules/@sentry/core/build/esm/instrument/console.js:53
[   16066ms] [LOG] [Fast Refresh] done in 15ms @ webpack-internal:///(app-pages-browser)/./node_modules/@sentry/core/build/esm/instrument/console.js:53
[   16171ms] [LOG] [Fast Refresh] rebuilding @ webpack-internal:///(app-pages-browser)/./node_modules/@sentry/core/build/esm/instrument/console.js:53
[   16186ms] [LOG] [Fast Refresh] done in 14ms @ webpack-internal:///(app-pages-browser)/./node_modules/@sentry/core/build/esm/instrument/console.js:53
[   16286ms] [LOG] [Fast Refresh] rebuilding @ webpack-internal:///(app-pages-browser)/./node_modules/@sentry/core/build/esm/instrument/console.js:53
[   16305ms] [LOG] [Fast Refresh] done in 18ms @ webpack-internal:///(app-pages-browser)/./node_modules/@sentry/core/build/esm/instrument/console.js:53
[   16578ms] [LOG] [Fast Refresh] rebuilding @ webpack-internal:///(app-pages-browser)/./node_modules/@sentry/core/build/esm/instrument/console.js:53
[   16590ms] [LOG] [Fast Refresh] done in 12ms @ webpack-internal:///(app-pages-browser)/./node_modules/@sentry/core/build/esm/instrument/console.js:53
[   16622ms] [LOG] [Fast Refresh] rebuilding @ webpack-internal:///(app-pages-browser)/./node_modules/@sentry/core/build/esm/instrument/console.js:53
[   16624ms] [LOG] [Fast Refresh] done in 2ms @ webpack-internal:///(app-pages-browser)/./node_modules/@sentry/core/build/esm/instrument/console.js:53
[   16639ms] [ERROR] Failed to load resource: the server responded with a status of 500 (Internal Server Error) @ http://localhost:3000/dashboard/clientes?_rsc=15j7z:0
[   16697ms] [LOG] [Fast Refresh] rebuilding @ webpack-internal:///(app-pages-browser)/./node_modules/@sentry/core/build/esm/instrument/console.js:53
[   16840ms] [LOG] [Fast Refresh] done in 144ms @ webpack-internal:///(app-pages-browser)/./node_modules/@sentry/core/build/esm/instrument/console.js:53
[   16965ms] [LOG] [Fast Refresh] rebuilding @ webpack-internal:///(app-pages-browser)/./node_modules/@sentry/core/build/esm/instrument/console.js:53
[   17136ms] Invalid or unexpected token
[   17571ms] [ERROR] Creating a worker from 'blob:http://localhost:3000/b57b553d-6b2d-4c0c-b2a8-931a20435c69' violates the following Content Security Policy directive: "script-src 'self' 'unsafe-inline' 'unsafe-eval' https://cdnjs.cloudflare.com https://*.sentry.io https://*.posthog.com". Note that 'worker-src' was not explicitly set, so 'script-src' is used as a fallback. The action has been blocked. @ webpack-internal:///(app-pages-browser)/./node_modules/@sentry/replay/build/npm/esm/index.js:5672
[   17577ms] [LOG] [Client Instrumentation Hook] Slow execution detected: 46ms (Note: Code download overhead is not included in this measurement) @ webpack-internal:///(app-pages-browser)/./node_modules/@sentry/core/build/esm/instrument/console.js:53
[   17604ms] [INFO] %cDownload the React DevTools for a better development experience: https://react.dev/link/react-devtools font-weight:bold @ webpack-internal:///(app-pages-browser)/./node_modules/@sentry/core/build/esm/instrument/console.js:53
[   17646ms] [LOG] [HMR] connected @ webpack-internal:///(app-pages-browser)/./node_modules/@sentry/core/build/esm/instrument/console.js:53
[   17680ms] [ERROR] Can't perform a React state update on a component that hasn't mounted yet. This indicates that you have a side-effect in your render function that asynchronously tries to update the component. Move this work to useEffect instead. @ webpack-internal:///(app-pages-browser)/./node_modules/@sentry/core/build/esm/instrument/console.js:53
[   17683ms] [LOG] [Fast Refresh] rebuilding @ webpack-internal:///(app-pages-browser)/./node_modules/@sentry/core/build/esm/instrument/console.js:53
[   17806ms] [LOG] [Fast Refresh] done in 123ms @ webpack-internal:///(app-pages-browser)/./node_modules/@sentry/core/build/esm/instrument/console.js:53
[   17812ms] [LOG] [Fast Refresh] rebuilding @ webpack-internal:///(app-pages-browser)/./node_modules/@sentry/core/build/esm/instrument/console.js:53
[   17819ms] [LOG] [Fast Refresh] done in 7ms @ webpack-internal:///(app-pages-browser)/./node_modules/@sentry/core/build/esm/instrument/console.js:53
[   17938ms] [LOG] [Fast Refresh] rebuilding @ webpack-internal:///(app-pages-browser)/./node_modules/@sentry/core/build/esm/instrument/console.js:53
[   17949ms] [LOG] [Fast Refresh] done in 11ms @ webpack-internal:///(app-pages-browser)/./node_modules/@sentry/core/build/esm/instrument/console.js:53
[   18072ms] [LOG] [Fast Refresh] rebuilding @ webpack-internal:///(app-pages-browser)/./node_modules/@sentry/core/build/esm/instrument/console.js:53
[   18087ms] [LOG] [Fast Refresh] done in 15ms @ webpack-internal:///(app-pages-browser)/./node_modules/@sentry/core/build/esm/instrument/console.js:53
[   18189ms] [LOG] [Fast Refresh] rebuilding @ webpack-internal:///(app-pages-browser)/./node_modules/@sentry/core/build/esm/instrument/console.js:53
[   18203ms] [LOG] [Fast Refresh] done in 15ms @ webpack-internal:///(app-pages-browser)/./node_modules/@sentry/core/build/esm/instrument/console.js:53
[   18341ms] [LOG] [Fast Refresh] rebuilding @ webpack-internal:///(app-pages-browser)/./node_modules/@sentry/core/build/esm/instrument/console.js:53
[   18362ms] [LOG] [Fast Refresh] done in 20ms @ webpack-internal:///(app-pages-browser)/./node_modules/@sentry/core/build/esm/instrument/console.js:53
[   18583ms] [LOG] [Fast Refresh] rebuilding @ webpack-internal:///(app-pages-browser)/./node_modules/@sentry/core/build/esm/instrument/console.js:53
[   18593ms] [LOG] [Fast Refresh] done in 10ms @ webpack-internal:///(app-pages-browser)/./node_modules/@sentry/core/build/esm/instrument/console.js:53
[   18713ms] [LOG] [Fast Refresh] rebuilding @ webpack-internal:///(app-pages-browser)/./node_modules/@sentry/core/build/esm/instrument/console.js:53
[   18732ms] [LOG] [Fast Refresh] done in 18ms @ webpack-internal:///(app-pages-browser)/./node_modules/@sentry/core/build/esm/instrument/console.js:53
[   18837ms] [LOG] [Fast Refresh] rebuilding @ webpack-internal:///(app-pages-browser)/./node_modules/@sentry/core/build/esm/instrument/console.js:53
[   18847ms] [LOG] [Fast Refresh] done in 9ms @ webpack-internal:///(app-pages-browser)/./node_modules/@sentry/core/build/esm/instrument/console.js:53
[   18961ms] [LOG] [Fast Refresh] rebuilding @ webpack-internal:///(app-pages-browser)/./node_modules/@sentry/core/build/esm/instrument/console.js:53
[   18970ms] [LOG] [Fast Refresh] done in 9ms @ webpack-internal:///(app-pages-browser)/./node_modules/@sentry/core/build/esm/instrument/console.js:53
[   19084ms] [LOG] [Fast Refresh] rebuilding @ webpack-internal:///(app-pages-browser)/./node_modules/@sentry/core/build/esm/instrument/console.js:53
[   19093ms] [LOG] [Fast Refresh] done in 8ms @ webpack-internal:///(app-pages-browser)/./node_modules/@sentry/core/build/esm/instrument/console.js:53
[   19207ms] [LOG] [Fast Refresh] rebuilding @ webpack-internal:///(app-pages-browser)/./node_modules/@sentry/core/build/esm/instrument/console.js:53
[   19212ms] [LOG] [Fast Refresh] done in 6ms @ webpack-internal:///(app-pages-browser)/./node_modules/@sentry/core/build/esm/instrument/console.js:53
[   19322ms] [LOG] [Fast Refresh] rebuilding @ webpack-internal:///(app-pages-browser)/./node_modules/@sentry/core/build/esm/instrument/console.js:53
[   19337ms] [LOG] [Fast Refresh] done in 14ms @ webpack-internal:///(app-pages-browser)/./node_modules/@sentry/core/build/esm/instrument/console.js:53
[   19446ms] [LOG] [Fast Refresh] rebuilding @ webpack-internal:///(app-pages-browser)/./node_modules/@sentry/core/build/esm/instrument/console.js:53
[   19455ms] [LOG] [Fast Refresh] done in 8ms @ webpack-internal:///(app-pages-browser)/./node_modules/@sentry/core/build/esm/instrument/console.js:53
[   19554ms] [LOG] [Fast Refresh] rebuilding @ webpack-internal:///(app-pages-browser)/./node_modules/@sentry/core/build/esm/instrument/console.js:53
[   19567ms] [LOG] [Fast Refresh] done in 14ms @ webpack-internal:///(app-pages-browser)/./node_modules/@sentry/core/build/esm/instrument/console.js:53
[   19858ms] [LOG] [Fast Refresh] rebuilding @ webpack-internal:///(app-pages-browser)/./node_modules/@sentry/core/build/esm/instrument/console.js:53
[   19870ms] [LOG] [Fast Refresh] done in 12ms @ webpack-internal:///(app-pages-browser)/./node_modules/@sentry/core/build/esm/instrument/console.js:53
[   19906ms] [LOG] [Fast Refresh] rebuilding @ webpack-internal:///(app-pages-browser)/./node_modules/@sentry/core/build/esm/instrument/console.js:53
[   19907ms] [LOG] [Fast Refresh] done in 2ms @ webpack-internal:///(app-pages-browser)/./node_modules/@sentry/core/build/esm/instrument/console.js:53
[   19922ms] [ERROR] Failed to load resource: the server responded with a status of 500 (Internal Server Error) @ http://localhost:3000/dashboard/clientes?_rsc=15j7z:0
[   19979ms] [LOG] [Fast Refresh] rebuilding @ webpack-internal:///(app-pages-browser)/./node_modules/@sentry/core/build/esm/instrument/console.js:53
[   20295ms] Invalid or unexpected token
[   20812ms] [ERROR] Creating a worker from 'blob:http://localhost:3000/6609e3be-6c36-4091-9898-9e2019dbe644' violates the following Content Security Policy directive: "script-src 'self' 'unsafe-inline' 'unsafe-eval' https://cdnjs.cloudflare.com https://*.sentry.io https://*.posthog.com". Note that 'worker-src' was not explicitly set, so 'script-src' is used as a fallback. The action has been blocked. @ webpack-internal:///(app-pages-browser)/./node_modules/@sentry/replay/build/npm/esm/index.js:5672
[   20818ms] [LOG] [Client Instrumentation Hook] Slow execution detected: 50ms (Note: Code download overhead is not included in this measurement) @ webpack-internal:///(app-pages-browser)/./node_modules/@sentry/core/build/esm/instrument/console.js:53
[   20847ms] [INFO] %cDownload the React DevTools for a better development experience: https://react.dev/link/react-devtools font-weight:bold @ webpack-internal:///(app-pages-browser)/./node_modules/@sentry/core/build/esm/instrument/console.js:53
[   20891ms] [LOG] [HMR] connected @ webpack-internal:///(app-pages-browser)/./node_modules/@sentry/core/build/esm/instrument/console.js:53
[   20988ms] [ERROR] Can't perform a React state update on a component that hasn't mounted yet. This indicates that you have a side-effect in your render function that asynchronously tries to update the component. Move this work to useEffect instead. @ webpack-internal:///(app-pages-browser)/./node_modules/@sentry/core/build/esm/instrument/console.js:53
[   21002ms] [LOG] [Fast Refresh] rebuilding @ webpack-internal:///(app-pages-browser)/./node_modules/@sentry/core/build/esm/instrument/console.js:53
[   21109ms] [LOG] [Fast Refresh] done in 107ms @ webpack-internal:///(app-pages-browser)/./node_modules/@sentry/core/build/esm/instrument/console.js:53
[   21109ms] [LOG] [Fast Refresh] rebuilding @ webpack-internal:///(app-pages-browser)/./node_modules/@sentry/core/build/esm/instrument/console.js:53
[   21261ms] [LOG] [Fast Refresh] done in 151ms @ webpack-internal:///(app-pages-browser)/./node_modules/@sentry/core/build/esm/instrument/console.js:53
[   21262ms] [LOG] [Fast Refresh] rebuilding @ webpack-internal:///(app-pages-browser)/./node_modules/@sentry/core/build/esm/instrument/console.js:53
[   21286ms] [LOG] [Fast Refresh] done in 24ms @ webpack-internal:///(app-pages-browser)/./node_modules/@sentry/core/build/esm/instrument/console.js:53
[   21388ms] [LOG] [Fast Refresh] rebuilding @ webpack-internal:///(app-pages-browser)/./node_modules/@sentry/core/build/esm/instrument/console.js:53
[   21395ms] [LOG] [Fast Refresh] done in 6ms @ webpack-internal:///(app-pages-browser)/./node_modules/@sentry/core/build/esm/instrument/console.js:53
[   21512ms] [LOG] [Fast Refresh] rebuilding @ webpack-internal:///(app-pages-browser)/./node_modules/@sentry/core/build/esm/instrument/console.js:53
[   21520ms] [LOG] [Fast Refresh] done in 7ms @ webpack-internal:///(app-pages-browser)/./node_modules/@sentry/core/build/esm/instrument/console.js:53
[   21635ms] [LOG] [Fast Refresh] rebuilding @ webpack-internal:///(app-pages-browser)/./node_modules/@sentry/core/build/esm/instrument/console.js:53
[   21640ms] [LOG] [Fast Refresh] done in 6ms @ webpack-internal:///(app-pages-browser)/./node_modules/@sentry/core/build/esm/instrument/console.js:53
[   21758ms] [LOG] [Fast Refresh] rebuilding @ webpack-internal:///(app-pages-browser)/./node_modules/@sentry/core/build/esm/instrument/console.js:53
[   21769ms] [LOG] [Fast Refresh] done in 10ms @ webpack-internal:///(app-pages-browser)/./node_modules/@sentry/core/build/esm/instrument/console.js:53
[   21876ms] [LOG] [Fast Refresh] rebuilding @ webpack-internal:///(app-pages-browser)/./node_modules/@sentry/core/build/esm/instrument/console.js:53
[   21887ms] [LOG] [Fast Refresh] done in 10ms @ webpack-internal:///(app-pages-browser)/./node_modules/@sentry/core/build/esm/instrument/console.js:53
[   22002ms] [LOG] [Fast Refresh] rebuilding @ webpack-internal:///(app-pages-browser)/./node_modules/@sentry/core/build/esm/instrument/console.js:53
[   22020ms] [LOG] [Fast Refresh] done in 18ms @ webpack-internal:///(app-pages-browser)/./node_modules/@sentry/core/build/esm/instrument/console.js:53
[   22133ms] [LOG] [Fast Refresh] rebuilding @ webpack-internal:///(app-pages-browser)/./node_modules/@sentry/core/build/esm/instrument/console.js:53
[   22177ms] [LOG] [Fast Refresh] done in 44ms @ webpack-internal:///(app-pages-browser)/./node_modules/@sentry/core/build/esm/instrument/console.js:53
[   22245ms] [LOG] [Fast Refresh] rebuilding @ webpack-internal:///(app-pages-browser)/./node_modules/@sentry/core/build/esm/instrument/console.js:53
[   22261ms] [LOG] [Fast Refresh] done in 15ms @ webpack-internal:///(app-pages-browser)/./node_modules/@sentry/core/build/esm/instrument/console.js:53
[   22364ms] [LOG] [Fast Refresh] rebuilding @ webpack-internal:///(app-pages-browser)/./node_modules/@sentry/core/build/esm/instrument/console.js:53
[   22370ms] [LOG] [Fast Refresh] done in 7ms @ webpack-internal:///(app-pages-browser)/./node_modules/@sentry/core/build/esm/instrument/console.js:53
[   22484ms] [LOG] [Fast Refresh] rebuilding @ webpack-internal:///(app-pages-browser)/./node_modules/@sentry/core/build/esm/instrument/console.js:53
[   22493ms] [LOG] [Fast Refresh] done in 9ms @ webpack-internal:///(app-pages-browser)/./node_modules/@sentry/core/build/esm/instrument/console.js:53
[   22604ms] [LOG] [Fast Refresh] rebuilding @ webpack-internal:///(app-pages-browser)/./node_modules/@sentry/core/build/esm/instrument/console.js:53
[   22609ms] [LOG] [Fast Refresh] done in 6ms @ webpack-internal:///(app-pages-browser)/./node_modules/@sentry/core/build/esm/instrument/console.js:53
[   22722ms] [LOG] [Fast Refresh] rebuilding @ webpack-internal:///(app-pages-browser)/./node_modules/@sentry/core/build/esm/instrument/console.js:53
[   22731ms] [LOG] [Fast Refresh] done in 8ms @ webpack-internal:///(app-pages-browser)/./node_modules/@sentry/core/build/esm/instrument/console.js:53
[   22840ms] [LOG] [Fast Refresh] rebuilding @ webpack-internal:///(app-pages-browser)/./node_modules/@sentry/core/build/esm/instrument/console.js:53
[   22870ms] [LOG] [Fast Refresh] done in 30ms @ webpack-internal:///(app-pages-browser)/./node_modules/@sentry/core/build/esm/instrument/console.js:53
[   23040ms] [LOG] [Fast Refresh] rebuilding @ webpack-internal:///(app-pages-browser)/./node_modules/@sentry/core/build/esm/instrument/console.js:53
[   23050ms] [LOG] [Fast Refresh] done in 11ms @ webpack-internal:///(app-pages-browser)/./node_modules/@sentry/core/build/esm/instrument/console.js:53
[   23239ms] [LOG] [Fast Refresh] rebuilding @ webpack-internal:///(app-pages-browser)/./node_modules/@sentry/core/build/esm/instrument/console.js:53
[   23247ms] [LOG] [Fast Refresh] done in 8ms @ webpack-internal:///(app-pages-browser)/./node_modules/@sentry/core/build/esm/instrument/console.js:53
[   23359ms] [LOG] [Fast Refresh] rebuilding @ webpack-internal:///(app-pages-browser)/./node_modules/@sentry/core/build/esm/instrument/console.js:53
[   23368ms] [LOG] [Fast Refresh] done in 9ms @ webpack-internal:///(app-pages-browser)/./node_modules/@sentry/core/build/esm/instrument/console.js:53
[   23477ms] [LOG] [Fast Refresh] rebuilding @ webpack-internal:///(app-pages-browser)/./node_modules/@sentry/core/build/esm/instrument/console.js:53
[   23485ms] [LOG] [Fast Refresh] done in 9ms @ webpack-internal:///(app-pages-browser)/./node_modules/@sentry/core/build/esm/instrument/console.js:53
[   23602ms] [LOG] [Fast Refresh] rebuilding @ webpack-internal:///(app-pages-browser)/./node_modules/@sentry/core/build/esm/instrument/console.js:53
[   23610ms] [LOG] [Fast Refresh] done in 9ms @ webpack-internal:///(app-pages-browser)/./node_modules/@sentry/core/build/esm/instrument/console.js:53
[   23724ms] [LOG] [Fast Refresh] rebuilding @ webpack-internal:///(app-pages-browser)/./node_modules/@sentry/core/build/esm/instrument/console.js:53
[   23748ms] [LOG] [Fast Refresh] done in 25ms @ webpack-internal:///(app-pages-browser)/./node_modules/@sentry/core/build/esm/instrument/console.js:53
[   24016ms] [LOG] [Fast Refresh] rebuilding @ webpack-internal:///(app-pages-browser)/./node_modules/@sentry/core/build/esm/instrument/console.js:53
[   24032ms] [LOG] [Fast Refresh] done in 17ms @ webpack-internal:///(app-pages-browser)/./node_modules/@sentry/core/build/esm/instrument/console.js:53
[   24067ms] [LOG] [Fast Refresh] rebuilding @ webpack-internal:///(app-pages-browser)/./node_modules/@sentry/core/build/esm/instrument/console.js:53
[   24069ms] [LOG] [Fast Refresh] done in 1ms @ webpack-internal:///(app-pages-browser)/./node_modules/@sentry/core/build/esm/instrument/console.js:53
[   24097ms] [ERROR] Failed to load resource: the server responded with a status of 500 (Internal Server Error) @ http://localhost:3000/dashboard/clientes?_rsc=15j7z:0
[   24146ms] [LOG] [Fast Refresh] rebuilding @ webpack-internal:///(app-pages-browser)/./node_modules/@sentry/core/build/esm/instrument/console.js:53
[   24294ms] [LOG] [Fast Refresh] done in 147ms @ webpack-internal:///(app-pages-browser)/./node_modules/@sentry/core/build/esm/instrument/console.js:53
[   24420ms] [LOG] [Fast Refresh] rebuilding @ webpack-internal:///(app-pages-browser)/./node_modules/@sentry/core/build/esm/instrument/console.js:53
[   24613ms] Invalid or unexpected token
[   25069ms] [ERROR] Creating a worker from 'blob:http://localhost:3000/8aba9c2a-04f5-4e7a-bb0d-0648c5c3f077' violates the following Content Security Policy directive: "script-src 'self' 'unsafe-inline' 'unsafe-eval' https://cdnjs.cloudflare.com https://*.sentry.io https://*.posthog.com". Note that 'worker-src' was not explicitly set, so 'script-src' is used as a fallback. The action has been blocked. @ webpack-internal:///(app-pages-browser)/./node_modules/@sentry/replay/build/npm/esm/index.js:5672
[   25074ms] [LOG] [Client Instrumentation Hook] Slow execution detected: 47ms (Note: Code download overhead is not included in this measurement) @ webpack-internal:///(app-pages-browser)/./node_modules/@sentry/core/build/esm/instrument/console.js:53
[   25101ms] [INFO] %cDownload the React DevTools for a better development experience: https://react.dev/link/react-devtools font-weight:bold @ webpack-internal:///(app-pages-browser)/./node_modules/@sentry/core/build/esm/instrument/console.js:53
[   25139ms] [LOG] [HMR] connected @ webpack-internal:///(app-pages-browser)/./node_modules/@sentry/core/build/esm/instrument/console.js:53
[   25199ms] [ERROR] Can't perform a React state update on a component that hasn't mounted yet. This indicates that you have a side-effect in your render function that asynchronously tries to update the component. Move this work to useEffect instead. @ webpack-internal:///(app-pages-browser)/./node_modules/@sentry/core/build/esm/instrument/console.js:53
[   25203ms] [LOG] [Fast Refresh] rebuilding @ webpack-internal:///(app-pages-browser)/./node_modules/@sentry/core/build/esm/instrument/console.js:53
[   25319ms] [LOG] [Fast Refresh] done in 116ms @ webpack-internal:///(app-pages-browser)/./node_modules/@sentry/core/build/esm/instrument/console.js:53
[   25319ms] [LOG] [Fast Refresh] rebuilding @ webpack-internal:///(app-pages-browser)/./node_modules/@sentry/core/build/esm/instrument/console.js:53
[   25423ms] [LOG] [Fast Refresh] done in 103ms @ webpack-internal:///(app-pages-browser)/./node_modules/@sentry/core/build/esm/instrument/console.js:53
[   25642ms] [LOG] [Fast Refresh] rebuilding @ webpack-internal:///(app-pages-browser)/./node_modules/@sentry/core/build/esm/instrument/console.js:53
[   25657ms] [LOG] [Fast Refresh] done in 15ms @ webpack-internal:///(app-pages-browser)/./node_modules/@sentry/core/build/esm/instrument/console.js:53
[   25699ms] [LOG] [Fast Refresh] rebuilding @ webpack-internal:///(app-pages-browser)/./node_modules/@sentry/core/build/esm/instrument/console.js:53
[   25701ms] [LOG] [Fast Refresh] done in 1ms @ webpack-internal:///(app-pages-browser)/./node_modules/@sentry/core/build/esm/instrument/console.js:53
[   25719ms] [ERROR] Failed to load resource: the server responded with a status of 500 (Internal Server Error) @ http://localhost:3000/dashboard/clientes?_rsc=15j7z:0
[   25772ms] [LOG] [Fast Refresh] rebuilding @ webpack-internal:///(app-pages-browser)/./node_modules/@sentry/core/build/esm/instrument/console.js:53
[   26245ms] Invalid or unexpected token
[   26877ms] [ERROR] Creating a worker from 'blob:http://localhost:3000/bbc031d6-7a2a-4524-afff-661105b8069b' violates the following Content Security Policy directive: "script-src 'self' 'unsafe-inline' 'unsafe-eval' https://cdnjs.cloudflare.com https://*.sentry.io https://*.posthog.com". Note that 'worker-src' was not explicitly set, so 'script-src' is used as a fallback. The action has been blocked. @ webpack-internal:///(app-pages-browser)/./node_modules/@sentry/replay/build/npm/esm/index.js:5672
[   26882ms] [LOG] [Client Instrumentation Hook] Slow execution detected: 46ms (Note: Code download overhead is not included in this measurement) @ webpack-internal:///(app-pages-browser)/./node_modules/@sentry/core/build/esm/instrument/console.js:53
[   26909ms] [INFO] %cDownload the React DevTools for a better development experience: https://react.dev/link/react-devtools font-weight:bold @ webpack-internal:///(app-pages-browser)/./node_modules/@sentry/core/build/esm/instrument/console.js:53
[   26948ms] [LOG] [HMR] connected @ webpack-internal:///(app-pages-browser)/./node_modules/@sentry/core/build/esm/instrument/console.js:53
[   26996ms] [ERROR] Can't perform a React state update on a component that hasn't mounted yet. This indicates that you have a side-effect in your render function that asynchronously tries to update the component. Move this work to useEffect instead. @ webpack-internal:///(app-pages-browser)/./node_modules/@sentry/core/build/esm/instrument/console.js:53
[   27000ms] [LOG] [Fast Refresh] rebuilding @ webpack-internal:///(app-pages-browser)/./node_modules/@sentry/core/build/esm/instrument/console.js:53
[   27134ms] [LOG] [Fast Refresh] done in 134ms @ webpack-internal:///(app-pages-browser)/./node_modules/@sentry/core/build/esm/instrument/console.js:53
[   27174ms] [LOG] [Fast Refresh] rebuilding @ webpack-internal:///(app-pages-browser)/./node_modules/@sentry/core/build/esm/instrument/console.js:53
[   27191ms] [LOG] [Fast Refresh] done in 18ms @ webpack-internal:///(app-pages-browser)/./node_modules/@sentry/core/build/esm/instrument/console.js:53
[   27308ms] [LOG] [Fast Refresh] rebuilding @ webpack-internal:///(app-pages-browser)/./node_modules/@sentry/core/build/esm/instrument/console.js:53
[   27316ms] [LOG] [Fast Refresh] done in 7ms @ webpack-internal:///(app-pages-browser)/./node_modules/@sentry/core/build/esm/instrument/console.js:53
[   27420ms] [LOG] [Fast Refresh] rebuilding @ webpack-internal:///(app-pages-browser)/./node_modules/@sentry/core/build/esm/instrument/console.js:53
[   27451ms] [LOG] [Fast Refresh] done in 30ms @ webpack-internal:///(app-pages-browser)/./node_modules/@sentry/core/build/esm/instrument/console.js:53
[   27773ms] [LOG] [Fast Refresh] rebuilding @ webpack-internal:///(app-pages-browser)/./node_modules/@sentry/core/build/esm/instrument/console.js:53
[   27807ms] [LOG] [Fast Refresh] done in 35ms @ webpack-internal:///(app-pages-browser)/./node_modules/@sentry/core/build/esm/instrument/console.js:53
[   27840ms] [LOG] [Fast Refresh] rebuilding @ webpack-internal:///(app-pages-browser)/./node_modules/@sentry/core/build/esm/instrument/console.js:53
[   27841ms] [LOG] [Fast Refresh] done in 2ms @ webpack-internal:///(app-pages-browser)/./node_modules/@sentry/core/build/esm/instrument/console.js:53
[   27858ms] [ERROR] Failed to load resource: the server responded with a status of 500 (Internal Server Error) @ http://localhost:3000/dashboard/clientes?_rsc=15j7z:0
[   27877ms] [LOG] [Fast Refresh] rebuilding @ webpack-internal:///(app-pages-browser)/./node_modules/@sentry/core/build/esm/instrument/console.js:53
[   29006ms] [ERROR] Creating a worker from 'blob:http://localhost:3000/138b6518-c7aa-42b3-bbd4-ef43157dc4c5' violates the following Content Security Policy directive: "script-src 'self' 'unsafe-inline' 'unsafe-eval' https://cdnjs.cloudflare.com https://*.sentry.io https://*.posthog.com". Note that 'worker-src' was not explicitly set, so 'script-src' is used as a fallback. The action has been blocked. @ webpack-internal:///(app-pages-browser)/./node_modules/@sentry/replay/build/npm/esm/index.js:5672
[   29013ms] [LOG] [Client Instrumentation Hook] Slow execution detected: 55ms (Note: Code download overhead is not included in this measurement) @ webpack-internal:///(app-pages-browser)/./node_modules/@sentry/core/build/esm/instrument/console.js:53
[   29042ms] [INFO] %cDownload the React DevTools for a better development experience: https://react.dev/link/react-devtools font-weight:bold @ webpack-internal:///(app-pages-browser)/./node_modules/@sentry/core/build/esm/instrument/console.js:53
[   29084ms] [LOG] [HMR] connected @ webpack-internal:///(app-pages-browser)/./node_modules/@sentry/core/build/esm/instrument/console.js:53
[   29106ms] [INFO] [analytics] NEXT_PUBLIC_POSTHOG_KEY not set — analytics disabled @ webpack-internal:///(app-pages-browser)/./node_modules/@sentry/core/build/esm/instrument/console.js:53
[   29149ms] [LOG] [Fast Refresh] rebuilding @ webpack-internal:///(app-pages-browser)/./node_modules/@sentry/core/build/esm/instrument/console.js:53
[   29218ms] [LOG] [Fast Refresh] done in 69ms @ webpack-internal:///(app-pages-browser)/./node_modules/@sentry/core/build/esm/instrument/console.js:53
[   29390ms] [LOG] [Fast Refresh] rebuilding @ webpack-internal:///(app-pages-browser)/./node_modules/@sentry/core/build/esm/instrument/console.js:53
[   29404ms] [LOG] [Fast Refresh] done in 15ms @ webpack-internal:///(app-pages-browser)/./node_modules/@sentry/core/build/esm/instrument/console.js:53
[   29496ms] [LOG] [Fast Refresh] rebuilding @ webpack-internal:///(app-pages-browser)/./node_modules/@sentry/core/build/esm/instrument/console.js:53
[   29499ms] [LOG] [Fast Refresh] done in 3ms @ webpack-internal:///(app-pages-browser)/./node_modules/@sentry/core/build/esm/instrument/console.js:53
[   29613ms] [LOG] [Fast Refresh] rebuilding @ webpack-internal:///(app-pages-browser)/./node_modules/@sentry/core/build/esm/instrument/console.js:53
[   29630ms] [LOG] [Fast Refresh] done in 16ms @ webpack-internal:///(app-pages-browser)/./node_modules/@sentry/core/build/esm/instrument/console.js:53
[   29913ms] [LOG] [Fast Refresh] rebuilding @ webpack-internal:///(app-pages-browser)/./node_modules/@sentry/core/build/esm/instrument/console.js:53
[   29927ms] [LOG] [Fast Refresh] done in 15ms @ webpack-internal:///(app-pages-browser)/./node_modules/@sentry/core/build/esm/instrument/console.js:53
[   29966ms] [LOG] [Fast Refresh] rebuilding @ webpack-internal:///(app-pages-browser)/./node_modules/@sentry/core/build/esm/instrument/console.js:53
[   29968ms] [LOG] [Fast Refresh] done in 3ms @ webpack-internal:///(app-pages-browser)/./node_modules/@sentry/core/build/esm/instrument/console.js:53
[   29982ms] [ERROR] Failed to load resource: the server responded with a status of 500 (Internal Server Error) @ http://localhost:3000/dashboard/clientes?_rsc=15j7z:0
[   30028ms] [LOG] [Fast Refresh] rebuilding @ webpack-internal:///(app-pages-browser)/./node_modules/@sentry/core/build/esm/instrument/console.js:53
[   30326ms] [LOG] [Fast Refresh] done in 298ms @ webpack-internal:///(app-pages-browser)/./node_modules/@sentry/core/build/esm/instrument/console.js:53
[   30374ms] [LOG] [Fast Refresh] rebuilding @ webpack-internal:///(app-pages-browser)/./node_modules/@sentry/core/build/esm/instrument/console.js:53
[   30379ms] [LOG] [Fast Refresh] done in 5ms @ webpack-internal:///(app-pages-browser)/./node_modules/@sentry/core/build/esm/instrument/console.js:53
[   30652ms] [ERROR] Failed to load resource: the server responded with a status of 500 (Internal Server Error) @ http://localhost:3000/dashboard/clientes?_rsc=15j7z:0
[   30671ms] [ERROR] Failed to load resource: the server responded with a status of 500 (Internal Server Error) @ http://localhost:3000/dashboard/clientes:0
[   30723ms] [INFO] %cDownload the React DevTools for a better development experience: https://react.dev/link/react-devtools font-weight:bold @ webpack-internal:///(pages-dir-browser)/./node_modules/react-dom/cjs/react-dom-client.development.js:28004
[   30757ms] [ERROR] Creating a worker from 'blob:http://localhost:3000/27527339-d2ec-4160-b011-667138eb68f8' violates the following Content Security Policy directive: "script-src 'self' 'unsafe-inline' 'unsafe-eval' https://cdnjs.cloudflare.com https://*.sentry.io https://*.posthog.com". Note that 'worker-src' was not explicitly set, so 'script-src' is used as a fallback. The action has been blocked. @ webpack-internal:///(pages-dir-browser)/./node_modules/@sentry/replay/build/npm/esm/index.js:5672
[   30762ms] SyntaxError: Unexpected end of JSON input
    at JSON.parse (<anonymous>)
    at loadManifest (file:///Users/daniilkonovalyukpanasyuk/enlaze/node_modules/next/dist/server/load-manifest.external.js:54:25)
    at loadManifestFromRelativePath (file:///Users/daniilkonovalyukpanasyuk/enlaze/node_modules/next/dist/server/load-manifest.external.js:111:12)
    at AppPageRouteModule.loadManifests (file:///Users/daniilkonovalyukpanasyuk/enlaze/node_modules/next/dist/compiled/next-server/app-page.runtime.dev.js:71:33979)
    at AppPageRouteModule.prepare (file:///Users/daniilkonovalyukpanasyuk/enlaze/node_modules/next/dist/compiled/next-server/app-page.runtime.dev.js:71:41329)
    at process.processTicksAndRejections (node:internal/process/task_queues:104:5)
    at async Module.handler (webpack-internal:///(rsc)/./node_modules/next/dist/build/webpack/loaders/next-app-loader/index.js?name=app%2Fdashboard%2Fclientes%2Fpage&page=%2Fdashboard%2Fclientes%2Fpage&appPaths=%2Fdashboard%2Fclientes%2Fpage&allNormalizedAppPaths=&pagePath=private-next-app-dir%2Fdashboard%2Fclientes%2Fpage.tsx&appDir=%2FUsers%2Fdaniilkonovalyukpanasyuk%2Fenlaze%2Fapp&pageExtensions=tsx&pageExtensions=ts&pageExtensions=jsx&pageExtensions=js&rootDir=%2FUsers%2Fdaniilkonovalyukpanasyuk%2Fenlaze&isDev=true&tsconfigPath=&basePath=&assetPrefix=&nextConfigOutput=&preferredRegion=&middlewareConfig=e30%3D&isGlobalNotFoundEnabled=!:253:27)
    at async DevServer.renderToResponseWithComponentsImpl (file:///Users/daniilkonovalyukpanasyuk/enlaze/node_modules/next/dist/server/base-server.js:1454:9)
    at async DevServer.renderPageComponent (file:///Users/daniilkonovalyukpanasyuk/enlaze/node_modules/next/dist/server/base-server.js:1506:24)
    at async DevServer.renderToResponseImpl (file:///Users/daniilkonovalyukpanasyuk/enlaze/node_modules/next/dist/server/base-server.js:1556:32)
    at async DevServer.pipeImpl (file:///Users/daniilkonovalyukpanasyuk/enlaze/node_modules/next/dist/server/base-server.js:1043:25)
    at async NextNodeServer.handleCatchallRenderRequest (file:///Users/daniilkonovalyukpanasyuk/enlaze/node_modules/next/dist/server/next-server.js:338:17)
    at async DevServer.handleRequestImpl (file:///Users/daniilkonovalyukpanasyuk/enlaze/node_modules/next/dist/server/base-server.js:934:17)
    at async (file:///Users/daniilkonovalyukpanasyuk/enlaze/node_modules/next/dist/server/dev/next-dev-server.js:394:20)
    at async Span.traceAsyncFn (file:///Users/daniilkonovalyukpanasyuk/enlaze/node_modules/next/dist/trace/trace.js:164:20)
    at async DevServer.handleRequest (file:///Users/daniilkonovalyukpanasyuk/enlaze/node_modules/next/dist/server/dev/next-dev-server.js:390:24)
    at async invokeRender (file:///Users/daniilkonovalyukpanasyuk/enlaze/node_modules/next/dist/server/lib/router-server.js:253:21)
    at async handleRequest (file:///Users/daniilkonovalyukpanasyuk/enlaze/node_modules/next/dist/server/lib/router-server.js:452:24)
    at async requestHandlerImpl (file:///Users/daniilkonovalyukpanasyuk/enlaze/node_modules/next/dist/server/lib/router-server.js:501:13)
    at async Server.requestListener (file:///Users/daniilkonovalyukpanasyuk/enlaze/node_modules/next/dist/server/lib/start-server.js:225:13)
[   30788ms] [LOG] [HMR] connected @ webpack-internal:///(pages-dir-browser)/./node_modules/@sentry/core/build/esm/instrument/console.js:53
[   30883ms] [LOG] [Fast Refresh] rebuilding @ webpack-internal:///(pages-dir-browser)/./node_modules/@sentry/core/build/esm/instrument/console.js:53
[   30891ms] [WARNING] [Fast Refresh] performing full reload because your application had an unrecoverable error @ webpack-internal:///(pages-dir-browser)/./node_modules/@sentry/core/build/esm/instrument/console.js:53
[   31894ms] [ERROR] Creating a worker from 'blob:http://localhost:3000/297dc335-8cbf-441a-9584-ec1042da7512' violates the following Content Security Policy directive: "script-src 'self' 'unsafe-inline' 'unsafe-eval' https://cdnjs.cloudflare.com https://*.sentry.io https://*.posthog.com". Note that 'worker-src' was not explicitly set, so 'script-src' is used as a fallback. The action has been blocked. @ webpack-internal:///(app-pages-browser)/./node_modules/@sentry/replay/build/npm/esm/index.js:5672
[   31901ms] [LOG] [Client Instrumentation Hook] Slow execution detected: 53ms (Note: Code download overhead is not included in this measurement) @ webpack-internal:///(app-pages-browser)/./node_modules/@sentry/core/build/esm/instrument/console.js:53
[   31930ms] [INFO] %cDownload the React DevTools for a better development experience: https://react.dev/link/react-devtools font-weight:bold @ webpack-internal:///(app-pages-browser)/./node_modules/@sentry/core/build/esm/instrument/console.js:53
[   31973ms] [LOG] [HMR] connected @ webpack-internal:///(app-pages-browser)/./node_modules/@sentry/core/build/esm/instrument/console.js:53
[   31995ms] [INFO] [analytics] NEXT_PUBLIC_POSTHOG_KEY not set — analytics disabled @ webpack-internal:///(app-pages-browser)/./node_modules/@sentry/core/build/esm/instrument/console.js:53
[   32036ms] [LOG] [Fast Refresh] rebuilding @ webpack-internal:///(app-pages-browser)/./node_modules/@sentry/core/build/esm/instrument/console.js:53
[   32105ms] [LOG] [Fast Refresh] done in 70ms @ webpack-internal:///(app-pages-browser)/./node_modules/@sentry/core/build/esm/instrument/console.js:53
[   32264ms] [LOG] [Fast Refresh] rebuilding @ webpack-internal:///(app-pages-browser)/./node_modules/@sentry/core/build/esm/instrument/console.js:53
[   32329ms] [LOG] [Fast Refresh] done in 64ms @ webpack-internal:///(app-pages-browser)/./node_modules/@sentry/core/build/esm/instrument/console.js:53
[   32396ms] [LOG] [Fast Refresh] rebuilding @ webpack-internal:///(app-pages-browser)/./node_modules/@sentry/core/build/esm/instrument/console.js:53
[   32418ms] [LOG] [Fast Refresh] done in 21ms @ webpack-internal:///(app-pages-browser)/./node_modules/@sentry/core/build/esm/instrument/console.js:53
[   32525ms] [LOG] [Fast Refresh] rebuilding @ webpack-internal:///(app-pages-browser)/./node_modules/@sentry/core/build/esm/instrument/console.js:53
[   32544ms] [LOG] [Fast Refresh] done in 18ms @ webpack-internal:///(app-pages-browser)/./node_modules/@sentry/core/build/esm/instrument/console.js:53
[   32644ms] [LOG] [Fast Refresh] rebuilding @ webpack-internal:///(app-pages-browser)/./node_modules/@sentry/core/build/esm/instrument/console.js:53
[   32658ms] [LOG] [Fast Refresh] done in 14ms @ webpack-internal:///(app-pages-browser)/./node_modules/@sentry/core/build/esm/instrument/console.js:53
[   32764ms] [LOG] [Fast Refresh] rebuilding @ webpack-internal:///(app-pages-browser)/./node_modules/@sentry/core/build/esm/instrument/console.js:53
[   32820ms] [LOG] [Fast Refresh] done in 55ms @ webpack-internal:///(app-pages-browser)/./node_modules/@sentry/core/build/esm/instrument/console.js:53
[   32907ms] [LOG] [Fast Refresh] rebuilding @ webpack-internal:///(app-pages-browser)/./node_modules/@sentry/core/build/esm/instrument/console.js:53
[   32952ms] [LOG] [Fast Refresh] done in 45ms @ webpack-internal:///(app-pages-browser)/./node_modules/@sentry/core/build/esm/instrument/console.js:53
[   32993ms] [LOG] [Fast Refresh] rebuilding @ webpack-internal:///(app-pages-browser)/./node_modules/@sentry/core/build/esm/instrument/console.js:53
[   32996ms] [LOG] [Fast Refresh] done in 4ms @ webpack-internal:///(app-pages-browser)/./node_modules/@sentry/core/build/esm/instrument/console.js:53
[   33126ms] [LOG] [Fast Refresh] rebuilding @ webpack-internal:///(app-pages-browser)/./node_modules/@sentry/core/build/esm/instrument/console.js:53
[   33136ms] [LOG] [Fast Refresh] done in 10ms @ webpack-internal:///(app-pages-browser)/./node_modules/@sentry/core/build/esm/instrument/console.js:53
[   33250ms] [LOG] [Fast Refresh] rebuilding @ webpack-internal:///(app-pages-browser)/./node_modules/@sentry/core/build/esm/instrument/console.js:53
[   33262ms] [LOG] [Fast Refresh] done in 13ms @ webpack-internal:///(app-pages-browser)/./node_modules/@sentry/core/build/esm/instrument/console.js:53
[   33347ms] [LOG] [Fast Refresh] rebuilding @ webpack-internal:///(app-pages-browser)/./node_modules/@sentry/core/build/esm/instrument/console.js:53
[   33360ms] [LOG] [Fast Refresh] done in 12ms @ webpack-internal:///(app-pages-browser)/./node_modules/@sentry/core/build/esm/instrument/console.js:53
[   33618ms] [LOG] [Fast Refresh] rebuilding @ webpack-internal:///(app-pages-browser)/./node_modules/@sentry/core/build/esm/instrument/console.js:53
[   33631ms] [LOG] [Fast Refresh] done in 13ms @ webpack-internal:///(app-pages-browser)/./node_modules/@sentry/core/build/esm/instrument/console.js:53
[   33665ms] [LOG] [Fast Refresh] rebuilding @ webpack-internal:///(app-pages-browser)/./node_modules/@sentry/core/build/esm/instrument/console.js:53
[   33667ms] [LOG] [Fast Refresh] done in 1ms @ webpack-internal:///(app-pages-browser)/./node_modules/@sentry/core/build/esm/instrument/console.js:53
[   33680ms] [ERROR] Failed to load resource: the server responded with a status of 500 (Internal Server Error) @ http://localhost:3000/dashboard/clientes?_rsc=15j7z:0
[   33730ms] [LOG] [Fast Refresh] rebuilding @ webpack-internal:///(app-pages-browser)/./node_modules/@sentry/core/build/esm/instrument/console.js:53
[   34045ms] Invalid or unexpected token
[   34782ms] [ERROR] Creating a worker from 'blob:http://localhost:3000/251acad6-cfe8-4351-b92f-a26d76ed61cb' violates the following Content Security Policy directive: "script-src 'self' 'unsafe-inline' 'unsafe-eval' https://cdnjs.cloudflare.com https://*.sentry.io https://*.posthog.com". Note that 'worker-src' was not explicitly set, so 'script-src' is used as a fallback. The action has been blocked. @ webpack-internal:///(app-pages-browser)/./node_modules/@sentry/replay/build/npm/esm/index.js:5672
[   34788ms] [LOG] [Client Instrumentation Hook] Slow execution detected: 48ms (Note: Code download overhead is not included in this measurement) @ webpack-internal:///(app-pages-browser)/./node_modules/@sentry/core/build/esm/instrument/console.js:53
[   34814ms] [INFO] %cDownload the React DevTools for a better development experience: https://react.dev/link/react-devtools font-weight:bold @ webpack-internal:///(app-pages-browser)/./node_modules/@sentry/core/build/esm/instrument/console.js:53
[   34855ms] [LOG] [HMR] connected @ webpack-internal:///(app-pages-browser)/./node_modules/@sentry/core/build/esm/instrument/console.js:53
[   34910ms] [ERROR] Can't perform a React state update on a component that hasn't mounted yet. This indicates that you have a side-effect in your render function that asynchronously tries to update the component. Move this work to useEffect instead. @ webpack-internal:///(app-pages-browser)/./node_modules/@sentry/core/build/esm/instrument/console.js:53
[   34914ms] [LOG] [Fast Refresh] rebuilding @ webpack-internal:///(app-pages-browser)/./node_modules/@sentry/core/build/esm/instrument/console.js:53
[   35108ms] [LOG] [Fast Refresh] done in 194ms @ webpack-internal:///(app-pages-browser)/./node_modules/@sentry/core/build/esm/instrument/console.js:53
[   35109ms] [LOG] [Fast Refresh] rebuilding @ webpack-internal:///(app-pages-browser)/./node_modules/@sentry/core/build/esm/instrument/console.js:53
[   35124ms] [LOG] [Fast Refresh] done in 16ms @ webpack-internal:///(app-pages-browser)/./node_modules/@sentry/core/build/esm/instrument/console.js:53
[   35232ms] [LOG] [Fast Refresh] rebuilding @ webpack-internal:///(app-pages-browser)/./node_modules/@sentry/core/build/esm/instrument/console.js:53
[   35291ms] [LOG] [Fast Refresh] done in 58ms @ webpack-internal:///(app-pages-browser)/./node_modules/@sentry/core/build/esm/instrument/console.js:53
[   35359ms] [LOG] [Fast Refresh] rebuilding @ webpack-internal:///(app-pages-browser)/./node_modules/@sentry/core/build/esm/instrument/console.js:53
[   35368ms] [LOG] [Fast Refresh] done in 9ms @ webpack-internal:///(app-pages-browser)/./node_modules/@sentry/core/build/esm/instrument/console.js:53
[   35491ms] [LOG] [Fast Refresh] rebuilding @ webpack-internal:///(app-pages-browser)/./node_modules/@sentry/core/build/esm/instrument/console.js:53
[   35496ms] [LOG] [Fast Refresh] done in 5ms @ webpack-internal:///(app-pages-browser)/./node_modules/@sentry/core/build/esm/instrument/console.js:53
[   35610ms] [LOG] [Fast Refresh] rebuilding @ webpack-internal:///(app-pages-browser)/./node_modules/@sentry/core/build/esm/instrument/console.js:53
[   35671ms] [LOG] [Fast Refresh] done in 61ms @ webpack-internal:///(app-pages-browser)/./node_modules/@sentry/core/build/esm/instrument/console.js:53
[   35742ms] [LOG] [Fast Refresh] rebuilding @ webpack-internal:///(app-pages-browser)/./node_modules/@sentry/core/build/esm/instrument/console.js:53
[   35749ms] [LOG] [Fast Refresh] done in 7ms @ webpack-internal:///(app-pages-browser)/./node_modules/@sentry/core/build/esm/instrument/console.js:53
[   35866ms] [LOG] [Fast Refresh] rebuilding @ webpack-internal:///(app-pages-browser)/./node_modules/@sentry/core/build/esm/instrument/console.js:53
[   35875ms] [LOG] [Fast Refresh] done in 9ms @ webpack-internal:///(app-pages-browser)/./node_modules/@sentry/core/build/esm/instrument/console.js:53
[   35985ms] [LOG] [Fast Refresh] rebuilding @ webpack-internal:///(app-pages-browser)/./node_modules/@sentry/core/build/esm/instrument/console.js:53
[   35995ms] [LOG] [Fast Refresh] done in 9ms @ webpack-internal:///(app-pages-browser)/./node_modules/@sentry/core/build/esm/instrument/console.js:53
[   36107ms] [LOG] [Fast Refresh] rebuilding @ webpack-internal:///(app-pages-browser)/./node_modules/@sentry/core/build/esm/instrument/console.js:53
[   36122ms] [LOG] [Fast Refresh] done in 15ms @ webpack-internal:///(app-pages-browser)/./node_modules/@sentry/core/build/esm/instrument/console.js:53
[   36235ms] [LOG] [Fast Refresh] rebuilding @ webpack-internal:///(app-pages-browser)/./node_modules/@sentry/core/build/esm/instrument/console.js:53
[   36244ms] [LOG] [Fast Refresh] done in 9ms @ webpack-internal:///(app-pages-browser)/./node_modules/@sentry/core/build/esm/instrument/console.js:53
[   36345ms] [LOG] [Fast Refresh] rebuilding @ webpack-internal:///(app-pages-browser)/./node_modules/@sentry/core/build/esm/instrument/console.js:53
[   36365ms] [LOG] [Fast Refresh] done in 20ms @ webpack-internal:///(app-pages-browser)/./node_modules/@sentry/core/build/esm/instrument/console.js:53
[   36640ms] [LOG] [Fast Refresh] rebuilding @ webpack-internal:///(app-pages-browser)/./node_modules/@sentry/core/build/esm/instrument/console.js:53
[   36659ms] [LOG] [Fast Refresh] done in 19ms @ webpack-internal:///(app-pages-browser)/./node_modules/@sentry/core/build/esm/instrument/console.js:53
[   36692ms] [LOG] [Fast Refresh] rebuilding @ webpack-internal:///(app-pages-browser)/./node_modules/@sentry/core/build/esm/instrument/console.js:53
[   36694ms] [LOG] [Fast Refresh] done in 1ms @ webpack-internal:///(app-pages-browser)/./node_modules/@sentry/core/build/esm/instrument/console.js:53
[   36712ms] [ERROR] Failed to load resource: the server responded with a status of 500 (Internal Server Error) @ http://localhost:3000/dashboard/clientes?_rsc=15j7z:0
[   36779ms] [LOG] [Fast Refresh] rebuilding @ webpack-internal:///(app-pages-browser)/./node_modules/@sentry/core/build/esm/instrument/console.js:53
[   37671ms] [ERROR] Creating a worker from 'blob:http://localhost:3000/1384df37-4cfb-4494-aeeb-5d0c85ae65d2' violates the following Content Security Policy directive: "script-src 'self' 'unsafe-inline' 'unsafe-eval' https://cdnjs.cloudflare.com https://*.sentry.io https://*.posthog.com". Note that 'worker-src' was not explicitly set, so 'script-src' is used as a fallback. The action has been blocked. @ webpack-internal:///(app-pages-browser)/./node_modules/@sentry/replay/build/npm/esm/index.js:5672
[   37678ms] [LOG] [Client Instrumentation Hook] Slow execution detected: 54ms (Note: Code download overhead is not included in this measurement) @ webpack-internal:///(app-pages-browser)/./node_modules/@sentry/core/build/esm/instrument/console.js:53
[   37708ms] [INFO] %cDownload the React DevTools for a better development experience: https://react.dev/link/react-devtools font-weight:bold @ webpack-internal:///(app-pages-browser)/./node_modules/@sentry/core/build/esm/instrument/console.js:53
[   37751ms] [LOG] [HMR] connected @ webpack-internal:///(app-pages-browser)/./node_modules/@sentry/core/build/esm/instrument/console.js:53
[   37773ms] [INFO] [analytics] NEXT_PUBLIC_POSTHOG_KEY not set — analytics disabled @ webpack-internal:///(app-pages-browser)/./node_modules/@sentry/core/build/esm/instrument/console.js:53
[   37809ms] [LOG] [Fast Refresh] rebuilding @ webpack-internal:///(app-pages-browser)/./node_modules/@sentry/core/build/esm/instrument/console.js:53
[   37947ms] [LOG] [Fast Refresh] done in 138ms @ webpack-internal:///(app-pages-browser)/./node_modules/@sentry/core/build/esm/instrument/console.js:53
[   37994ms] [LOG] [Fast Refresh] rebuilding @ webpack-internal:///(app-pages-browser)/./node_modules/@sentry/core/build/esm/instrument/console.js:53
[   38015ms] [LOG] [Fast Refresh] done in 21ms @ webpack-internal:///(app-pages-browser)/./node_modules/@sentry/core/build/esm/instrument/console.js:53
[   38101ms] [LOG] [Fast Refresh] rebuilding @ webpack-internal:///(app-pages-browser)/./node_modules/@sentry/core/build/esm/instrument/console.js:53
[   38105ms] [LOG] [Fast Refresh] done in 5ms @ webpack-internal:///(app-pages-browser)/./node_modules/@sentry/core/build/esm/instrument/console.js:53
[   38206ms] [LOG] [Fast Refresh] rebuilding @ webpack-internal:///(app-pages-browser)/./node_modules/@sentry/core/build/esm/instrument/console.js:53
[   38220ms] [LOG] [Fast Refresh] done in 15ms @ webpack-internal:///(app-pages-browser)/./node_modules/@sentry/core/build/esm/instrument/console.js:53
[   38488ms] [LOG] [Fast Refresh] rebuilding @ webpack-internal:///(app-pages-browser)/./node_modules/@sentry/core/build/esm/instrument/console.js:53
[   38507ms] [LOG] [Fast Refresh] done in 18ms @ webpack-internal:///(app-pages-browser)/./node_modules/@sentry/core/build/esm/instrument/console.js:53
[   38538ms] [LOG] [Fast Refresh] rebuilding @ webpack-internal:///(app-pages-browser)/./node_modules/@sentry/core/build/esm/instrument/console.js:53
[   38539ms] [LOG] [Fast Refresh] done in 1ms @ webpack-internal:///(app-pages-browser)/./node_modules/@sentry/core/build/esm/instrument/console.js:53
[   38565ms] [ERROR] Failed to load resource: the server responded with a status of 500 (Internal Server Error) @ http://localhost:3000/dashboard/clientes?_rsc=15j7z:0
[   38613ms] [LOG] [Fast Refresh] rebuilding @ webpack-internal:///(app-pages-browser)/./node_modules/@sentry/core/build/esm/instrument/console.js:53
[   38793ms] [LOG] [Fast Refresh] done in 179ms @ webpack-internal:///(app-pages-browser)/./node_modules/@sentry/core/build/esm/instrument/console.js:53
[   38912ms] [LOG] [Fast Refresh] rebuilding @ webpack-internal:///(app-pages-browser)/./node_modules/@sentry/core/build/esm/instrument/console.js:53
[   39155ms] Invalid or unexpected token
[   39625ms] [ERROR] Creating a worker from 'blob:http://localhost:3000/19e21546-86ef-4a9e-a7f7-297ddedb0420' violates the following Content Security Policy directive: "script-src 'self' 'unsafe-inline' 'unsafe-eval' https://cdnjs.cloudflare.com https://*.sentry.io https://*.posthog.com". Note that 'worker-src' was not explicitly set, so 'script-src' is used as a fallback. The action has been blocked. @ webpack-internal:///(app-pages-browser)/./node_modules/@sentry/replay/build/npm/esm/index.js:5672
[   39631ms] [LOG] [Client Instrumentation Hook] Slow execution detected: 57ms (Note: Code download overhead is not included in this measurement) @ webpack-internal:///(app-pages-browser)/./node_modules/@sentry/core/build/esm/instrument/console.js:53
[   39662ms] [INFO] %cDownload the React DevTools for a better development experience: https://react.dev/link/react-devtools font-weight:bold @ webpack-internal:///(app-pages-browser)/./node_modules/@sentry/core/build/esm/instrument/console.js:53
[   39698ms] [LOG] [HMR] connected @ webpack-internal:///(app-pages-browser)/./node_modules/@sentry/core/build/esm/instrument/console.js:53
[   39803ms] [ERROR] Can't perform a React state update on a component that hasn't mounted yet. This indicates that you have a side-effect in your render function that asynchronously tries to update the component. Move this work to useEffect instead. @ webpack-internal:///(app-pages-browser)/./node_modules/@sentry/core/build/esm/instrument/console.js:53
[   39806ms] [LOG] [Fast Refresh] rebuilding @ webpack-internal:///(app-pages-browser)/./node_modules/@sentry/core/build/esm/instrument/console.js:53
[   39945ms] [LOG] [Fast Refresh] done in 138ms @ webpack-internal:///(app-pages-browser)/./node_modules/@sentry/core/build/esm/instrument/console.js:53
[   39947ms] [LOG] [Fast Refresh] rebuilding @ webpack-internal:///(app-pages-browser)/./node_modules/@sentry/core/build/esm/instrument/console.js:53
[   39955ms] [LOG] [Fast Refresh] done in 9ms @ webpack-internal:///(app-pages-browser)/./node_modules/@sentry/core/build/esm/instrument/console.js:53
[   40077ms] [LOG] [Fast Refresh] rebuilding @ webpack-internal:///(app-pages-browser)/./node_modules/@sentry/core/build/esm/instrument/console.js:53
[   40096ms] [LOG] [Fast Refresh] done in 19ms @ webpack-internal:///(app-pages-browser)/./node_modules/@sentry/core/build/esm/instrument/console.js:53
[   40202ms] [LOG] [Fast Refresh] rebuilding @ webpack-internal:///(app-pages-browser)/./node_modules/@sentry/core/build/esm/instrument/console.js:53
[   40263ms] [LOG] [Fast Refresh] done in 60ms @ webpack-internal:///(app-pages-browser)/./node_modules/@sentry/core/build/esm/instrument/console.js:53
[   40321ms] [LOG] [Fast Refresh] rebuilding @ webpack-internal:///(app-pages-browser)/./node_modules/@sentry/core/build/esm/instrument/console.js:53
[   40335ms] [LOG] [Fast Refresh] done in 14ms @ webpack-internal:///(app-pages-browser)/./node_modules/@sentry/core/build/esm/instrument/console.js:53
[   40626ms] [LOG] [Fast Refresh] rebuilding @ webpack-internal:///(app-pages-browser)/./node_modules/@sentry/core/build/esm/instrument/console.js:53
[   40640ms] [LOG] [Fast Refresh] done in 14ms @ webpack-internal:///(app-pages-browser)/./node_modules/@sentry/core/build/esm/instrument/console.js:53
[   40682ms] [LOG] [Fast Refresh] rebuilding @ webpack-internal:///(app-pages-browser)/./node_modules/@sentry/core/build/esm/instrument/console.js:53
[   40685ms] [LOG] [Fast Refresh] done in 3ms @ webpack-internal:///(app-pages-browser)/./node_modules/@sentry/core/build/esm/instrument/console.js:53
[   40708ms] [ERROR] Failed to load resource: the server responded with a status of 500 (Internal Server Error) @ http://localhost:3000/dashboard/clientes?_rsc=15j7z:0
[   40752ms] [LOG] [Fast Refresh] rebuilding @ webpack-internal:///(app-pages-browser)/./node_modules/@sentry/core/build/esm/instrument/console.js:53
[   41773ms] [ERROR] Creating a worker from 'blob:http://localhost:3000/0717cff6-0db7-4774-9016-e27be6570814' violates the following Content Security Policy directive: "script-src 'self' 'unsafe-inline' 'unsafe-eval' https://cdnjs.cloudflare.com https://*.sentry.io https://*.posthog.com". Note that 'worker-src' was not explicitly set, so 'script-src' is used as a fallback. The action has been blocked. @ webpack-internal:///(app-pages-browser)/./node_modules/@sentry/replay/build/npm/esm/index.js:5672
[   41779ms] [LOG] [Client Instrumentation Hook] Slow execution detected: 52ms (Note: Code download overhead is not included in this measurement) @ webpack-internal:///(app-pages-browser)/./node_modules/@sentry/core/build/esm/instrument/console.js:53
[   41807ms] [INFO] %cDownload the React DevTools for a better development experience: https://react.dev/link/react-devtools font-weight:bold @ webpack-internal:///(app-pages-browser)/./node_modules/@sentry/core/build/esm/instrument/console.js:53
[   41849ms] [LOG] [HMR] connected @ webpack-internal:///(app-pages-browser)/./node_modules/@sentry/core/build/esm/instrument/console.js:53
[   41871ms] [INFO] [analytics] NEXT_PUBLIC_POSTHOG_KEY not set — analytics disabled @ webpack-internal:///(app-pages-browser)/./node_modules/@sentry/core/build/esm/instrument/console.js:53
[   41904ms] [LOG] [Fast Refresh] rebuilding @ webpack-internal:///(app-pages-browser)/./node_modules/@sentry/core/build/esm/instrument/console.js:53
[   41979ms] [LOG] [Fast Refresh] done in 75ms @ webpack-internal:///(app-pages-browser)/./node_modules/@sentry/core/build/esm/instrument/console.js:53
[   42130ms] [LOG] [Fast Refresh] rebuilding @ webpack-internal:///(app-pages-browser)/./node_modules/@sentry/core/build/esm/instrument/console.js:53
[   42151ms] [LOG] [Fast Refresh] done in 21ms @ webpack-internal:///(app-pages-browser)/./node_modules/@sentry/core/build/esm/instrument/console.js:53
[   42272ms] [LOG] [Fast Refresh] rebuilding @ webpack-internal:///(app-pages-browser)/./node_modules/@sentry/core/build/esm/instrument/console.js:53
[   42286ms] [LOG] [Fast Refresh] done in 14ms @ webpack-internal:///(app-pages-browser)/./node_modules/@sentry/core/build/esm/instrument/console.js:53
[   42414ms] [LOG] [Fast Refresh] rebuilding @ webpack-internal:///(app-pages-browser)/./node_modules/@sentry/core/build/esm/instrument/console.js:53
[   42462ms] [LOG] [Fast Refresh] done in 49ms @ webpack-internal:///(app-pages-browser)/./node_modules/@sentry/core/build/esm/instrument/console.js:53
[   42544ms] [LOG] [Fast Refresh] rebuilding @ webpack-internal:///(app-pages-browser)/./node_modules/@sentry/core/build/esm/instrument/console.js:53
[   42600ms] [LOG] [Fast Refresh] done in 57ms @ webpack-internal:///(app-pages-browser)/./node_modules/@sentry/core/build/esm/instrument/console.js:53
[   42698ms] [LOG] [Fast Refresh] rebuilding @ webpack-internal:///(app-pages-browser)/./node_modules/@sentry/core/build/esm/instrument/console.js:53
[   42725ms] [LOG] [Fast Refresh] done in 26ms @ webpack-internal:///(app-pages-browser)/./node_modules/@sentry/core/build/esm/instrument/console.js:53
[   43197ms] [LOG] [Fast Refresh] rebuilding @ webpack-internal:///(app-pages-browser)/./node_modules/@sentry/core/build/esm/instrument/console.js:53
[   43210ms] [LOG] [Fast Refresh] done in 13ms @ webpack-internal:///(app-pages-browser)/./node_modules/@sentry/core/build/esm/instrument/console.js:53
[   43248ms] [LOG] [Fast Refresh] rebuilding @ webpack-internal:///(app-pages-browser)/./node_modules/@sentry/core/build/esm/instrument/console.js:53
[   43249ms] [LOG] [Fast Refresh] done in 1ms @ webpack-internal:///(app-pages-browser)/./node_modules/@sentry/core/build/esm/instrument/console.js:53
[   43267ms] [ERROR] Failed to load resource: the server responded with a status of 500 (Internal Server Error) @ http://localhost:3000/dashboard/clientes?_rsc=15j7z:0
[   43312ms] [LOG] [Fast Refresh] rebuilding @ webpack-internal:///(app-pages-browser)/./node_modules/@sentry/core/build/esm/instrument/console.js:53
[   44322ms] [ERROR] Creating a worker from 'blob:http://localhost:3000/246d2c03-fd4a-4f24-bda2-7be805d84817' violates the following Content Security Policy directive: "script-src 'self' 'unsafe-inline' 'unsafe-eval' https://cdnjs.cloudflare.com https://*.sentry.io https://*.posthog.com". Note that 'worker-src' was not explicitly set, so 'script-src' is used as a fallback. The action has been blocked. @ webpack-internal:///(app-pages-browser)/./node_modules/@sentry/replay/build/npm/esm/index.js:5672
[   44327ms] [LOG] [Client Instrumentation Hook] Slow execution detected: 46ms (Note: Code download overhead is not included in this measurement) @ webpack-internal:///(app-pages-browser)/./node_modules/@sentry/core/build/esm/instrument/console.js:53
[   44354ms] [INFO] %cDownload the React DevTools for a better development experience: https://react.dev/link/react-devtools font-weight:bold @ webpack-internal:///(app-pages-browser)/./node_modules/@sentry/core/build/esm/instrument/console.js:53
[   44393ms] [LOG] [HMR] connected @ webpack-internal:///(app-pages-browser)/./node_modules/@sentry/core/build/esm/instrument/console.js:53
[   44417ms] [INFO] [analytics] NEXT_PUBLIC_POSTHOG_KEY not set — analytics disabled @ webpack-internal:///(app-pages-browser)/./node_modules/@sentry/core/build/esm/instrument/console.js:53
[   44447ms] [LOG] [Fast Refresh] rebuilding @ webpack-internal:///(app-pages-browser)/./node_modules/@sentry/core/build/esm/instrument/console.js:53
[   44512ms] [LOG] [Fast Refresh] done in 65ms @ webpack-internal:///(app-pages-browser)/./node_modules/@sentry/core/build/esm/instrument/console.js:53
[   44666ms] [LOG] [Fast Refresh] rebuilding @ webpack-internal:///(app-pages-browser)/./node_modules/@sentry/core/build/esm/instrument/console.js:53
[   44724ms] [LOG] [Fast Refresh] done in 58ms @ webpack-internal:///(app-pages-browser)/./node_modules/@sentry/core/build/esm/instrument/console.js:53
[   44781ms] [LOG] [Fast Refresh] rebuilding @ webpack-internal:///(app-pages-browser)/./node_modules/@sentry/core/build/esm/instrument/console.js:53
[   44798ms] [LOG] [Fast Refresh] done in 16ms @ webpack-internal:///(app-pages-browser)/./node_modules/@sentry/core/build/esm/instrument/console.js:53
[   45063ms] [LOG] [Fast Refresh] rebuilding @ webpack-internal:///(app-pages-browser)/./node_modules/@sentry/core/build/esm/instrument/console.js:53
[   45075ms] [LOG] [Fast Refresh] done in 13ms @ webpack-internal:///(app-pages-browser)/./node_modules/@sentry/core/build/esm/instrument/console.js:53
[   45111ms] [LOG] [Fast Refresh] done in 49ms @ webpack-internal:///(app-pages-browser)/./node_modules/@sentry/core/build/esm/instrument/console.js:53
[   45123ms] [LOG] [Fast Refresh] rebuilding @ webpack-internal:///(app-pages-browser)/./node_modules/@sentry/core/build/esm/instrument/console.js:53
[   45124ms] [ERROR] Failed to load resource: the server responded with a status of 500 (Internal Server Error) @ http://localhost:3000/dashboard/clientes?_rsc=15j7z:0
[   45372ms] [LOG] [Fast Refresh] rebuilding @ webpack-internal:///(app-pages-browser)/./node_modules/@sentry/core/build/esm/instrument/console.js:53
[   45399ms] [LOG] [Fast Refresh] done in 27ms @ webpack-internal:///(app-pages-browser)/./node_modules/@sentry/core/build/esm/instrument/console.js:53
[   45651ms] [LOG] [Fast Refresh] rebuilding @ webpack-internal:///(app-pages-browser)/./node_modules/@sentry/core/build/esm/instrument/console.js:53
[   45666ms] [LOG] [Fast Refresh] done in 15ms @ webpack-internal:///(app-pages-browser)/./node_modules/@sentry/core/build/esm/instrument/console.js:53
[   45702ms] [LOG] [Fast Refresh] rebuilding @ webpack-internal:///(app-pages-browser)/./node_modules/@sentry/core/build/esm/instrument/console.js:53
[   45703ms] [LOG] [Fast Refresh] done in 2ms @ webpack-internal:///(app-pages-browser)/./node_modules/@sentry/core/build/esm/instrument/console.js:53
[   45739ms] [ERROR] Failed to load resource: the server responded with a status of 500 (Internal Server Error) @ http://localhost:3000/dashboard/clientes:0
[   45812ms] [INFO] %cDownload the React DevTools for a better development experience: https://react.dev/link/react-devtools font-weight:bold @ webpack-internal:///(pages-dir-browser)/./node_modules/react-dom/cjs/react-dom-client.development.js:28004
[   45851ms] [ERROR] Creating a worker from 'blob:http://localhost:3000/5c61beb4-ba6e-4c60-a7c4-a2abdffbb919' violates the following Content Security Policy directive: "script-src 'self' 'unsafe-inline' 'unsafe-eval' https://cdnjs.cloudflare.com https://*.sentry.io https://*.posthog.com". Note that 'worker-src' was not explicitly set, so 'script-src' is used as a fallback. The action has been blocked. @ webpack-internal:///(pages-dir-browser)/./node_modules/@sentry/replay/build/npm/esm/index.js:5672
[   45870ms] SyntaxError: Unexpected end of JSON input
    at JSON.parse (<anonymous>)
    at loadManifest (file:///Users/daniilkonovalyukpanasyuk/enlaze/node_modules/next/dist/server/load-manifest.external.js:54:25)
    at loadManifestFromRelativePath (file:///Users/daniilkonovalyukpanasyuk/enlaze/node_modules/next/dist/server/load-manifest.external.js:111:12)
    at AppPageRouteModule.loadManifests (file:///Users/daniilkonovalyukpanasyuk/enlaze/node_modules/next/dist/compiled/next-server/app-page.runtime.dev.js:71:33556)
    at AppPageRouteModule.prepare (file:///Users/daniilkonovalyukpanasyuk/enlaze/node_modules/next/dist/compiled/next-server/app-page.runtime.dev.js:71:41329)
    at process.processTicksAndRejections (node:internal/process/task_queues:104:5)
    at async Module.handler (webpack-internal:///(rsc)/./node_modules/next/dist/build/webpack/loaders/next-app-loader/index.js?name=app%2Fdashboard%2Fclientes%2Fpage&page=%2Fdashboard%2Fclientes%2Fpage&appPaths=%2Fdashboard%2Fclientes%2Fpage&allNormalizedAppPaths=&pagePath=private-next-app-dir%2Fdashboard%2Fclientes%2Fpage.tsx&appDir=%2FUsers%2Fdaniilkonovalyukpanasyuk%2Fenlaze%2Fapp&pageExtensions=tsx&pageExtensions=ts&pageExtensions=jsx&pageExtensions=js&rootDir=%2FUsers%2Fdaniilkonovalyukpanasyuk%2Fenlaze&isDev=true&tsconfigPath=&basePath=&assetPrefix=&nextConfigOutput=&preferredRegion=&middlewareConfig=e30%3D&isGlobalNotFoundEnabled=!:253:27)
    at async DevServer.renderToResponseWithComponentsImpl (file:///Users/daniilkonovalyukpanasyuk/enlaze/node_modules/next/dist/server/base-server.js:1454:9)
    at async DevServer.renderPageComponent (file:///Users/daniilkonovalyukpanasyuk/enlaze/node_modules/next/dist/server/base-server.js:1506:24)
    at async DevServer.renderToResponseImpl (file:///Users/daniilkonovalyukpanasyuk/enlaze/node_modules/next/dist/server/base-server.js:1556:32)
    at async DevServer.pipeImpl (file:///Users/daniilkonovalyukpanasyuk/enlaze/node_modules/next/dist/server/base-server.js:1043:25)
    at async NextNodeServer.handleCatchallRenderRequest (file:///Users/daniilkonovalyukpanasyuk/enlaze/node_modules/next/dist/server/next-server.js:338:17)
    at async DevServer.handleRequestImpl (file:///Users/daniilkonovalyukpanasyuk/enlaze/node_modules/next/dist/server/base-server.js:934:17)
    at async (file:///Users/daniilkonovalyukpanasyuk/enlaze/node_modules/next/dist/server/dev/next-dev-server.js:394:20)
    at async Span.traceAsyncFn (file:///Users/daniilkonovalyukpanasyuk/enlaze/node_modules/next/dist/trace/trace.js:164:20)
    at async DevServer.handleRequest (file:///Users/daniilkonovalyukpanasyuk/enlaze/node_modules/next/dist/server/dev/next-dev-server.js:390:24)
    at async invokeRender (file:///Users/daniilkonovalyukpanasyuk/enlaze/node_modules/next/dist/server/lib/router-server.js:253:21)
    at async handleRequest (file:///Users/daniilkonovalyukpanasyuk/enlaze/node_modules/next/dist/server/lib/router-server.js:452:24)
    at async requestHandlerImpl (file:///Users/daniilkonovalyukpanasyuk/enlaze/node_modules/next/dist/server/lib/router-server.js:501:13)
    at async Server.requestListener (file:///Users/daniilkonovalyukpanasyuk/enlaze/node_modules/next/dist/server/lib/start-server.js:225:13)
[   45921ms] [LOG] [HMR] connected @ webpack-internal:///(pages-dir-browser)/./node_modules/@sentry/core/build/esm/instrument/console.js:53
[   46126ms] [WARNING] [Fast Refresh] performing full reload because your application had an unrecoverable error @ webpack-internal:///(pages-dir-browser)/./node_modules/@sentry/core/build/esm/instrument/console.js:53
[   46172ms] [LOG] [Fast Refresh] rebuilding @ webpack-internal:///(pages-dir-browser)/./node_modules/@sentry/core/build/esm/instrument/console.js:53
[   46422ms] [WARNING] [Fast Refresh] performing full reload because your application had an unrecoverable error @ webpack-internal:///(pages-dir-browser)/./node_modules/@sentry/core/build/esm/instrument/console.js:53
[   46448ms] [LOG] [Fast Refresh] rebuilding @ webpack-internal:///(pages-dir-browser)/./node_modules/@sentry/core/build/esm/instrument/console.js:53
[   46888ms] [WARNING] [Fast Refresh] performing full reload because your application had an unrecoverable error @ webpack-internal:///(pages-dir-browser)/./node_modules/@sentry/core/build/esm/instrument/console.js:53
[   46913ms] [LOG] [Fast Refresh] rebuilding @ webpack-internal:///(pages-dir-browser)/./node_modules/@sentry/core/build/esm/instrument/console.js:53
[   47017ms] [LOG] [Fast Refresh] rebuilding @ webpack-internal:///(pages-dir-browser)/./node_modules/@sentry/core/build/esm/instrument/console.js:53
[   47020ms] [WARNING] [Fast Refresh] performing full reload because your application had an unrecoverable error @ webpack-internal:///(pages-dir-browser)/./node_modules/@sentry/core/build/esm/instrument/console.js:53
[   47997ms] [ERROR] Creating a worker from 'blob:http://localhost:3000/f5d64bdd-e509-4da9-8e52-99ce72b0290a' violates the following Content Security Policy directive: "script-src 'self' 'unsafe-inline' 'unsafe-eval' https://cdnjs.cloudflare.com https://*.sentry.io https://*.posthog.com". Note that 'worker-src' was not explicitly set, so 'script-src' is used as a fallback. The action has been blocked. @ webpack-internal:///(app-pages-browser)/./node_modules/@sentry/replay/build/npm/esm/index.js:5672
[   48003ms] [LOG] [Client Instrumentation Hook] Slow execution detected: 52ms (Note: Code download overhead is not included in this measurement) @ webpack-internal:///(app-pages-browser)/./node_modules/@sentry/core/build/esm/instrument/console.js:53
[   48030ms] [INFO] %cDownload the React DevTools for a better development experience: https://react.dev/link/react-devtools font-weight:bold @ webpack-internal:///(app-pages-browser)/./node_modules/@sentry/core/build/esm/instrument/console.js:53
[   48072ms] [LOG] [HMR] connected @ webpack-internal:///(app-pages-browser)/./node_modules/@sentry/core/build/esm/instrument/console.js:53
[   48100ms] [INFO] [analytics] NEXT_PUBLIC_POSTHOG_KEY not set — analytics disabled @ webpack-internal:///(app-pages-browser)/./node_modules/@sentry/core/build/esm/instrument/console.js:53
[   48147ms] [LOG] [Fast Refresh] rebuilding @ webpack-internal:///(app-pages-browser)/./node_modules/@sentry/core/build/esm/instrument/console.js:53
[   48221ms] [LOG] [Fast Refresh] done in 73ms @ webpack-internal:///(app-pages-browser)/./node_modules/@sentry/core/build/esm/instrument/console.js:53
[   48384ms] [LOG] [Fast Refresh] rebuilding @ webpack-internal:///(app-pages-browser)/./node_modules/@sentry/core/build/esm/instrument/console.js:53
[   48463ms] [LOG] [Fast Refresh] done in 78ms @ webpack-internal:///(app-pages-browser)/./node_modules/@sentry/core/build/esm/instrument/console.js:53
[   48532ms] [LOG] [Fast Refresh] rebuilding @ webpack-internal:///(app-pages-browser)/./node_modules/@sentry/core/build/esm/instrument/console.js:53
[   48588ms] [LOG] [Fast Refresh] done in 55ms @ webpack-internal:///(app-pages-browser)/./node_modules/@sentry/core/build/esm/instrument/console.js:53
[   48673ms] [LOG] [Fast Refresh] rebuilding @ webpack-internal:///(app-pages-browser)/./node_modules/@sentry/core/build/esm/instrument/console.js:53
[   48697ms] [LOG] [Fast Refresh] done in 24ms @ webpack-internal:///(app-pages-browser)/./node_modules/@sentry/core/build/esm/instrument/console.js:53
[   48963ms] [LOG] [Fast Refresh] rebuilding @ webpack-internal:///(app-pages-browser)/./node_modules/@sentry/core/build/esm/instrument/console.js:53
[   48967ms] [LOG] [Fast Refresh] rebuilding @ webpack-internal:///(app-pages-browser)/./node_modules/@sentry/core/build/esm/instrument/console.js:53
[   48979ms] [LOG] [Fast Refresh] done in 12ms @ webpack-internal:///(app-pages-browser)/./node_modules/@sentry/core/build/esm/instrument/console.js:53
[   49022ms] [LOG] [Fast Refresh] done in 55ms @ webpack-internal:///(app-pages-browser)/./node_modules/@sentry/core/build/esm/instrument/console.js:53
[   49037ms] [ERROR] Failed to load resource: the server responded with a status of 500 (Internal Server Error) @ http://localhost:3000/dashboard/clientes?_rsc=15j7z:0
[   49087ms] [LOG] [Fast Refresh] rebuilding @ webpack-internal:///(app-pages-browser)/./node_modules/@sentry/core/build/esm/instrument/console.js:53
[   49407ms] Invalid or unexpected token
[   50025ms] [ERROR] Creating a worker from 'blob:http://localhost:3000/a42f93d8-9216-4e26-9441-817a0fef4da4' violates the following Content Security Policy directive: "script-src 'self' 'unsafe-inline' 'unsafe-eval' https://cdnjs.cloudflare.com https://*.sentry.io https://*.posthog.com". Note that 'worker-src' was not explicitly set, so 'script-src' is used as a fallback. The action has been blocked. @ webpack-internal:///(app-pages-browser)/./node_modules/@sentry/replay/build/npm/esm/index.js:5672
[   50031ms] [LOG] [Client Instrumentation Hook] Slow execution detected: 51ms (Note: Code download overhead is not included in this measurement) @ webpack-internal:///(app-pages-browser)/./node_modules/@sentry/core/build/esm/instrument/console.js:53
[   50059ms] [INFO] %cDownload the React DevTools for a better development experience: https://react.dev/link/react-devtools font-weight:bold @ webpack-internal:///(app-pages-browser)/./node_modules/@sentry/core/build/esm/instrument/console.js:53
[   50092ms] [LOG] [HMR] connected @ webpack-internal:///(app-pages-browser)/./node_modules/@sentry/core/build/esm/instrument/console.js:53
[   50176ms] [ERROR] Can't perform a React state update on a component that hasn't mounted yet. This indicates that you have a side-effect in your render function that asynchronously tries to update the component. Move this work to useEffect instead. @ webpack-internal:///(app-pages-browser)/./node_modules/@sentry/core/build/esm/instrument/console.js:53
[   50179ms] [LOG] [Fast Refresh] rebuilding @ webpack-internal:///(app-pages-browser)/./node_modules/@sentry/core/build/esm/instrument/console.js:53
[   50311ms] [LOG] [Fast Refresh] done in 132ms @ webpack-internal:///(app-pages-browser)/./node_modules/@sentry/core/build/esm/instrument/console.js:53
[   50313ms] [LOG] [Fast Refresh] rebuilding @ webpack-internal:///(app-pages-browser)/./node_modules/@sentry/core/build/esm/instrument/console.js:53
[   50328ms] [LOG] [Fast Refresh] done in 14ms @ webpack-internal:///(app-pages-browser)/./node_modules/@sentry/core/build/esm/instrument/console.js:53
[   50449ms] [LOG] [Fast Refresh] rebuilding @ webpack-internal:///(app-pages-browser)/./node_modules/@sentry/core/build/esm/instrument/console.js:53
[   50458ms] [LOG] [Fast Refresh] done in 9ms @ webpack-internal:///(app-pages-browser)/./node_modules/@sentry/core/build/esm/instrument/console.js:53
[   50578ms] [LOG] [Fast Refresh] rebuilding @ webpack-internal:///(app-pages-browser)/./node_modules/@sentry/core/build/esm/instrument/console.js:53
[   50596ms] [LOG] [Fast Refresh] done in 17ms @ webpack-internal:///(app-pages-browser)/./node_modules/@sentry/core/build/esm/instrument/console.js:53
[   50705ms] [LOG] [Fast Refresh] rebuilding @ webpack-internal:///(app-pages-browser)/./node_modules/@sentry/core/build/esm/instrument/console.js:53
[   50713ms] [LOG] [Fast Refresh] done in 9ms @ webpack-internal:///(app-pages-browser)/./node_modules/@sentry/core/build/esm/instrument/console.js:53
[   50830ms] [LOG] [Fast Refresh] rebuilding @ webpack-internal:///(app-pages-browser)/./node_modules/@sentry/core/build/esm/instrument/console.js:53
[   50851ms] [LOG] [Fast Refresh] done in 22ms @ webpack-internal:///(app-pages-browser)/./node_modules/@sentry/core/build/esm/instrument/console.js:53
[   50959ms] [LOG] [Fast Refresh] rebuilding @ webpack-internal:///(app-pages-browser)/./node_modules/@sentry/core/build/esm/instrument/console.js:53
[   51042ms] [LOG] [Fast Refresh] done in 83ms @ webpack-internal:///(app-pages-browser)/./node_modules/@sentry/core/build/esm/instrument/console.js:53
[   51132ms] [LOG] [Fast Refresh] rebuilding @ webpack-internal:///(app-pages-browser)/./node_modules/@sentry/core/build/esm/instrument/console.js:53
[   51143ms] [LOG] [Fast Refresh] done in 12ms @ webpack-internal:///(app-pages-browser)/./node_modules/@sentry/core/build/esm/instrument/console.js:53
[   51302ms] [LOG] [Fast Refresh] rebuilding @ webpack-internal:///(app-pages-browser)/./node_modules/@sentry/core/build/esm/instrument/console.js:53
[   51334ms] [LOG] [Fast Refresh] done in 33ms @ webpack-internal:///(app-pages-browser)/./node_modules/@sentry/core/build/esm/instrument/console.js:53
[   52558ms] [ERROR] Creating a worker from 'blob:http://localhost:3000/8b72618d-18dd-4fb2-afbd-18dd99a8eb7d' violates the following Content Security Policy directive: "script-src 'self' 'unsafe-inline' 'unsafe-eval' https://cdnjs.cloudflare.com https://*.sentry.io https://*.posthog.com". Note that 'worker-src' was not explicitly set, so 'script-src' is used as a fallback. The action has been blocked. @ webpack-internal:///(app-pages-browser)/./node_modules/@sentry/replay/build/npm/esm/index.js:5672
[   52565ms] [LOG] [Client Instrumentation Hook] Slow execution detected: 52ms (Note: Code download overhead is not included in this measurement) @ webpack-internal:///(app-pages-browser)/./node_modules/@sentry/core/build/esm/instrument/console.js:53
[   52593ms] [INFO] %cDownload the React DevTools for a better development experience: https://react.dev/link/react-devtools font-weight:bold @ webpack-internal:///(app-pages-browser)/./node_modules/@sentry/core/build/esm/instrument/console.js:53
[   52634ms] [LOG] [HMR] connected @ webpack-internal:///(app-pages-browser)/./node_modules/@sentry/core/build/esm/instrument/console.js:53
[   52654ms] [INFO] [analytics] NEXT_PUBLIC_POSTHOG_KEY not set — analytics disabled @ webpack-internal:///(app-pages-browser)/./node_modules/@sentry/core/build/esm/instrument/console.js:53
[   52709ms] [LOG] [Fast Refresh] rebuilding @ webpack-internal:///(app-pages-browser)/./node_modules/@sentry/core/build/esm/instrument/console.js:53
[   52716ms] [LOG] [Fast Refresh] done in 8ms @ webpack-internal:///(app-pages-browser)/./node_modules/@sentry/core/build/esm/instrument/console.js:53
[   52910ms] [LOG] [Fast Refresh] rebuilding @ webpack-internal:///(app-pages-browser)/./node_modules/@sentry/core/build/esm/instrument/console.js:53
[   52975ms] [LOG] [Fast Refresh] done in 65ms @ webpack-internal:///(app-pages-browser)/./node_modules/@sentry/core/build/esm/instrument/console.js:53
[   53039ms] [LOG] [Fast Refresh] rebuilding @ webpack-internal:///(app-pages-browser)/./node_modules/@sentry/core/build/esm/instrument/console.js:53
[   53048ms] [LOG] [Fast Refresh] done in 9ms @ webpack-internal:///(app-pages-browser)/./node_modules/@sentry/core/build/esm/instrument/console.js:53
[   53197ms] [LOG] [Fast Refresh] rebuilding @ webpack-internal:///(app-pages-browser)/./node_modules/@sentry/core/build/esm/instrument/console.js:53
[   53256ms] [LOG] [Fast Refresh] done in 59ms @ webpack-internal:///(app-pages-browser)/./node_modules/@sentry/core/build/esm/instrument/console.js:53
[   53296ms] [LOG] [Fast Refresh] rebuilding @ webpack-internal:///(app-pages-browser)/./node_modules/@sentry/core/build/esm/instrument/console.js:53
[   53337ms] [LOG] [Fast Refresh] done in 41ms @ webpack-internal:///(app-pages-browser)/./node_modules/@sentry/core/build/esm/instrument/console.js:53
[   53467ms] [LOG] [Fast Refresh] rebuilding @ webpack-internal:///(app-pages-browser)/./node_modules/@sentry/core/build/esm/instrument/console.js:53
[   53524ms] [LOG] [Fast Refresh] done in 57ms @ webpack-internal:///(app-pages-browser)/./node_modules/@sentry/core/build/esm/instrument/console.js:53
[   53580ms] [LOG] [Fast Refresh] rebuilding @ webpack-internal:///(app-pages-browser)/./node_modules/@sentry/core/build/esm/instrument/console.js:53
[   53604ms] [LOG] [Fast Refresh] done in 24ms @ webpack-internal:///(app-pages-browser)/./node_modules/@sentry/core/build/esm/instrument/console.js:53
[   53916ms] [LOG] [Fast Refresh] rebuilding @ webpack-internal:///(app-pages-browser)/./node_modules/@sentry/core/build/esm/instrument/console.js:53
[   53937ms] [LOG] [Fast Refresh] done in 20ms @ webpack-internal:///(app-pages-browser)/./node_modules/@sentry/core/build/esm/instrument/console.js:53
[   53976ms] [LOG] [Fast Refresh] rebuilding @ webpack-internal:///(app-pages-browser)/./node_modules/@sentry/core/build/esm/instrument/console.js:53
[   53977ms] [LOG] [Fast Refresh] done in 2ms @ webpack-internal:///(app-pages-browser)/./node_modules/@sentry/core/build/esm/instrument/console.js:53
[   53998ms] [ERROR] Failed to load resource: the server responded with a status of 500 (Internal Server Error) @ http://localhost:3000/dashboard/facturacion?tab=recibidas&_rsc=myjpi:0
[   54076ms] [LOG] [Fast Refresh] rebuilding @ webpack-internal:///(app-pages-browser)/./node_modules/@sentry/core/build/esm/instrument/console.js:53
[   54908ms] [ERROR] Creating a worker from 'blob:http://localhost:3000/1738df87-dec4-4cea-8a36-7d6d0b61069e' violates the following Content Security Policy directive: "script-src 'self' 'unsafe-inline' 'unsafe-eval' https://cdnjs.cloudflare.com https://*.sentry.io https://*.posthog.com". Note that 'worker-src' was not explicitly set, so 'script-src' is used as a fallback. The action has been blocked. @ webpack-internal:///(app-pages-browser)/./node_modules/@sentry/replay/build/npm/esm/index.js:5672
[   54914ms] [LOG] [Client Instrumentation Hook] Slow execution detected: 51ms (Note: Code download overhead is not included in this measurement) @ webpack-internal:///(app-pages-browser)/./node_modules/@sentry/core/build/esm/instrument/console.js:53
[   54943ms] [INFO] %cDownload the React DevTools for a better development experience: https://react.dev/link/react-devtools font-weight:bold @ webpack-internal:///(app-pages-browser)/./node_modules/@sentry/core/build/esm/instrument/console.js:53
[   54978ms] [LOG] [HMR] connected @ webpack-internal:///(app-pages-browser)/./node_modules/@sentry/core/build/esm/instrument/console.js:53
[   54999ms] [INFO] [analytics] NEXT_PUBLIC_POSTHOG_KEY not set — analytics disabled @ webpack-internal:///(app-pages-browser)/./node_modules/@sentry/core/build/esm/instrument/console.js:53
[   55048ms] [LOG] [Fast Refresh] rebuilding @ webpack-internal:///(app-pages-browser)/./node_modules/@sentry/core/build/esm/instrument/console.js:53
[   55118ms] [LOG] [Fast Refresh] done in 70ms @ webpack-internal:///(app-pages-browser)/./node_modules/@sentry/core/build/esm/instrument/console.js:53
[   55230ms] [LOG] [Fast Refresh] rebuilding @ webpack-internal:///(app-pages-browser)/./node_modules/@sentry/core/build/esm/instrument/console.js:53
[   55312ms] [LOG] [Fast Refresh] done in 82ms @ webpack-internal:///(app-pages-browser)/./node_modules/@sentry/core/build/esm/instrument/console.js:53
[   55370ms] [LOG] [Fast Refresh] rebuilding @ webpack-internal:///(app-pages-browser)/./node_modules/@sentry/core/build/esm/instrument/console.js:53
[   55381ms] [LOG] [Fast Refresh] done in 11ms @ webpack-internal:///(app-pages-browser)/./node_modules/@sentry/core/build/esm/instrument/console.js:53
[   55520ms] [LOG] [Fast Refresh] rebuilding @ webpack-internal:///(app-pages-browser)/./node_modules/@sentry/core/build/esm/instrument/console.js:53
[   55573ms] [LOG] [Fast Refresh] done in 53ms @ webpack-internal:///(app-pages-browser)/./node_modules/@sentry/core/build/esm/instrument/console.js:53
[   55615ms] [LOG] [Fast Refresh] rebuilding @ webpack-internal:///(app-pages-browser)/./node_modules/@sentry/core/build/esm/instrument/console.js:53
[   55642ms] [LOG] [Fast Refresh] done in 27ms @ webpack-internal:///(app-pages-browser)/./node_modules/@sentry/core/build/esm/instrument/console.js:53
[   55782ms] [LOG] [Fast Refresh] rebuilding @ webpack-internal:///(app-pages-browser)/./node_modules/@sentry/core/build/esm/instrument/console.js:53
[   55835ms] [LOG] [Fast Refresh] done in 52ms @ webpack-internal:///(app-pages-browser)/./node_modules/@sentry/core/build/esm/instrument/console.js:53
[   55904ms] [LOG] [Fast Refresh] rebuilding @ webpack-internal:///(app-pages-browser)/./node_modules/@sentry/core/build/esm/instrument/console.js:53
[   55924ms] [LOG] [Fast Refresh] done in 20ms @ webpack-internal:///(app-pages-browser)/./node_modules/@sentry/core/build/esm/instrument/console.js:53
[   56032ms] [LOG] [Fast Refresh] rebuilding @ webpack-internal:///(app-pages-browser)/./node_modules/@sentry/core/build/esm/instrument/console.js:53
[   56088ms] [LOG] [Fast Refresh] done in 56ms @ webpack-internal:///(app-pages-browser)/./node_modules/@sentry/core/build/esm/instrument/console.js:53
[   56155ms] [LOG] [Fast Refresh] rebuilding @ webpack-internal:///(app-pages-browser)/./node_modules/@sentry/core/build/esm/instrument/console.js:53
[   56167ms] [LOG] [Fast Refresh] done in 13ms @ webpack-internal:///(app-pages-browser)/./node_modules/@sentry/core/build/esm/instrument/console.js:53
[   56301ms] [LOG] [Fast Refresh] rebuilding @ webpack-internal:///(app-pages-browser)/./node_modules/@sentry/core/build/esm/instrument/console.js:53
[   56366ms] [LOG] [Fast Refresh] done in 64ms @ webpack-internal:///(app-pages-browser)/./node_modules/@sentry/core/build/esm/instrument/console.js:53
[   56415ms] [LOG] [Fast Refresh] rebuilding @ webpack-internal:///(app-pages-browser)/./node_modules/@sentry/core/build/esm/instrument/console.js:53
[   56465ms] [LOG] [Fast Refresh] done in 49ms @ webpack-internal:///(app-pages-browser)/./node_modules/@sentry/core/build/esm/instrument/console.js:53
[   56526ms] [LOG] [Fast Refresh] rebuilding @ webpack-internal:///(app-pages-browser)/./node_modules/@sentry/core/build/esm/instrument/console.js:53
[   56543ms] [LOG] [Fast Refresh] done in 17ms @ webpack-internal:///(app-pages-browser)/./node_modules/@sentry/core/build/esm/instrument/console.js:53
[   56814ms] [LOG] [Fast Refresh] rebuilding @ webpack-internal:///(app-pages-browser)/./node_modules/@sentry/core/build/esm/instrument/console.js:53
[   56830ms] [LOG] [Fast Refresh] done in 16ms @ webpack-internal:///(app-pages-browser)/./node_modules/@sentry/core/build/esm/instrument/console.js:53
[   56865ms] [LOG] [Fast Refresh] rebuilding @ webpack-internal:///(app-pages-browser)/./node_modules/@sentry/core/build/esm/instrument/console.js:53
[   56867ms] [LOG] [Fast Refresh] done in 1ms @ webpack-internal:///(app-pages-browser)/./node_modules/@sentry/core/build/esm/instrument/console.js:53
[   56884ms] [ERROR] Failed to load resource: the server responded with a status of 500 (Internal Server Error) @ http://localhost:3000/dashboard/facturacion?tab=recibidas&_rsc=myjpi:0
[   56948ms] [LOG] [Fast Refresh] rebuilding @ webpack-internal:///(app-pages-browser)/./node_modules/@sentry/core/build/esm/instrument/console.js:53
[   57795ms] [ERROR] Creating a worker from 'blob:http://localhost:3000/dd8029a1-c938-44b4-bf2f-34b1f250f970' violates the following Content Security Policy directive: "script-src 'self' 'unsafe-inline' 'unsafe-eval' https://cdnjs.cloudflare.com https://*.sentry.io https://*.posthog.com". Note that 'worker-src' was not explicitly set, so 'script-src' is used as a fallback. The action has been blocked. @ webpack-internal:///(app-pages-browser)/./node_modules/@sentry/replay/build/npm/esm/index.js:5672
[   57801ms] [LOG] [Client Instrumentation Hook] Slow execution detected: 51ms (Note: Code download overhead is not included in this measurement) @ webpack-internal:///(app-pages-browser)/./node_modules/@sentry/core/build/esm/instrument/console.js:53
[   57829ms] [INFO] %cDownload the React DevTools for a better development experience: https://react.dev/link/react-devtools font-weight:bold @ webpack-internal:///(app-pages-browser)/./node_modules/@sentry/core/build/esm/instrument/console.js:53
[   57868ms] [LOG] [HMR] connected @ webpack-internal:///(app-pages-browser)/./node_modules/@sentry/core/build/esm/instrument/console.js:53
[   57914ms] [INFO] [analytics] NEXT_PUBLIC_POSTHOG_KEY not set — analytics disabled @ webpack-internal:///(app-pages-browser)/./node_modules/@sentry/core/build/esm/instrument/console.js:53
[   57947ms] [LOG] [Fast Refresh] rebuilding @ webpack-internal:///(app-pages-browser)/./node_modules/@sentry/core/build/esm/instrument/console.js:53
[   58022ms] [LOG] [Fast Refresh] done in 74ms @ webpack-internal:///(app-pages-browser)/./node_modules/@sentry/core/build/esm/instrument/console.js:53
[   58126ms] [LOG] [Fast Refresh] rebuilding @ webpack-internal:///(app-pages-browser)/./node_modules/@sentry/core/build/esm/instrument/console.js:53
[   58203ms] [LOG] [Fast Refresh] done in 76ms @ webpack-internal:///(app-pages-browser)/./node_modules/@sentry/core/build/esm/instrument/console.js:53
[   58258ms] [LOG] [Fast Refresh] rebuilding @ webpack-internal:///(app-pages-browser)/./node_modules/@sentry/core/build/esm/instrument/console.js:53
[   58280ms] [LOG] [Fast Refresh] done in 23ms @ webpack-internal:///(app-pages-browser)/./node_modules/@sentry/core/build/esm/instrument/console.js:53
[   58605ms] [LOG] [Fast Refresh] rebuilding @ webpack-internal:///(app-pages-browser)/./node_modules/@sentry/core/build/esm/instrument/console.js:53
[   58624ms] [LOG] [Fast Refresh] rebuilding @ webpack-internal:///(app-pages-browser)/./node_modules/@sentry/core/build/esm/instrument/console.js:53
[   58625ms] [LOG] [Fast Refresh] done in 2ms @ webpack-internal:///(app-pages-browser)/./node_modules/@sentry/core/build/esm/instrument/console.js:53
[   58671ms] [LOG] [Fast Refresh] done in 48ms @ webpack-internal:///(app-pages-browser)/./node_modules/@sentry/core/build/esm/instrument/console.js:53
[   58686ms] [LOG] [Fast Refresh] rebuilding @ webpack-internal:///(app-pages-browser)/./node_modules/@sentry/core/build/esm/instrument/console.js:53
[   58687ms] [ERROR] Failed to load resource: the server responded with a status of 500 (Internal Server Error) @ http://localhost:3000/dashboard/facturacion?tab=recibidas&_rsc=myjpi:0
[   59490ms] [ERROR] Creating a worker from 'blob:http://localhost:3000/b4dea99e-6d15-49ce-830d-42c5d4f57256' violates the following Content Security Policy directive: "script-src 'self' 'unsafe-inline' 'unsafe-eval' https://cdnjs.cloudflare.com https://*.sentry.io https://*.posthog.com". Note that 'worker-src' was not explicitly set, so 'script-src' is used as a fallback. The action has been blocked. @ webpack-internal:///(app-pages-browser)/./node_modules/@sentry/replay/build/npm/esm/index.js:5672
[   59497ms] [LOG] [Client Instrumentation Hook] Slow execution detected: 51ms (Note: Code download overhead is not included in this measurement) @ webpack-internal:///(app-pages-browser)/./node_modules/@sentry/core/build/esm/instrument/console.js:53
[   59526ms] [INFO] %cDownload the React DevTools for a better development experience: https://react.dev/link/react-devtools font-weight:bold @ webpack-internal:///(app-pages-browser)/./node_modules/@sentry/core/build/esm/instrument/console.js:53
[   59559ms] [LOG] [HMR] connected @ webpack-internal:///(app-pages-browser)/./node_modules/@sentry/core/build/esm/instrument/console.js:53
[   59579ms] [INFO] [analytics] NEXT_PUBLIC_POSTHOG_KEY not set — analytics disabled @ webpack-internal:///(app-pages-browser)/./node_modules/@sentry/core/build/esm/instrument/console.js:53
[   59616ms] [LOG] [Fast Refresh] rebuilding @ webpack-internal:///(app-pages-browser)/./node_modules/@sentry/core/build/esm/instrument/console.js:53
[   59690ms] [LOG] [Fast Refresh] done in 74ms @ webpack-internal:///(app-pages-browser)/./node_modules/@sentry/core/build/esm/instrument/console.js:53
[   59789ms] [LOG] [Fast Refresh] rebuilding @ webpack-internal:///(app-pages-browser)/./node_modules/@sentry/core/build/esm/instrument/console.js:53
[   59862ms] [LOG] [Fast Refresh] done in 72ms @ webpack-internal:///(app-pages-browser)/./node_modules/@sentry/core/build/esm/instrument/console.js:53
[   59929ms] [LOG] [Fast Refresh] rebuilding @ webpack-internal:///(app-pages-browser)/./node_modules/@sentry/core/build/esm/instrument/console.js:53
[   59945ms] [LOG] [Fast Refresh] done in 16ms @ webpack-internal:///(app-pages-browser)/./node_modules/@sentry/core/build/esm/instrument/console.js:53
[   60065ms] [LOG] [Fast Refresh] rebuilding @ webpack-internal:///(app-pages-browser)/./node_modules/@sentry/core/build/esm/instrument/console.js:53
[   60126ms] [LOG] [Fast Refresh] done in 61ms @ webpack-internal:///(app-pages-browser)/./node_modules/@sentry/core/build/esm/instrument/console.js:53
[   60195ms] [LOG] [Fast Refresh] rebuilding @ webpack-internal:///(app-pages-browser)/./node_modules/@sentry/core/build/esm/instrument/console.js:53
[   60218ms] [LOG] [Fast Refresh] done in 23ms @ webpack-internal:///(app-pages-browser)/./node_modules/@sentry/core/build/esm/instrument/console.js:53
[   60528ms] [LOG] [Fast Refresh] rebuilding @ webpack-internal:///(app-pages-browser)/./node_modules/@sentry/core/build/esm/instrument/console.js:53
[   60544ms] [LOG] [Fast Refresh] done in 16ms @ webpack-internal:///(app-pages-browser)/./node_modules/@sentry/core/build/esm/instrument/console.js:53
[   60582ms] [LOG] [Fast Refresh] rebuilding @ webpack-internal:///(app-pages-browser)/./node_modules/@sentry/core/build/esm/instrument/console.js:53
[   60584ms] [LOG] [Fast Refresh] done in 2ms @ webpack-internal:///(app-pages-browser)/./node_modules/@sentry/core/build/esm/instrument/console.js:53
[   60603ms] [ERROR] Failed to load resource: the server responded with a status of 500 (Internal Server Error) @ http://localhost:3000/dashboard/facturacion?tab=recibidas&_rsc=myjpi:0
[   60697ms] [LOG] [Fast Refresh] rebuilding @ webpack-internal:///(app-pages-browser)/./node_modules/@sentry/core/build/esm/instrument/console.js:53
[   61251ms] Invalid or unexpected token
[   61760ms] [ERROR] Creating a worker from 'blob:http://localhost:3000/bd6f738f-423a-4da8-99f8-f11fb074c2e4' violates the following Content Security Policy directive: "script-src 'self' 'unsafe-inline' 'unsafe-eval' https://cdnjs.cloudflare.com https://*.sentry.io https://*.posthog.com". Note that 'worker-src' was not explicitly set, so 'script-src' is used as a fallback. The action has been blocked. @ webpack-internal:///(app-pages-browser)/./node_modules/@sentry/replay/build/npm/esm/index.js:5672
[   61766ms] [LOG] [Client Instrumentation Hook] Slow execution detected: 49ms (Note: Code download overhead is not included in this measurement) @ webpack-internal:///(app-pages-browser)/./node_modules/@sentry/core/build/esm/instrument/console.js:53
[   61793ms] [INFO] %cDownload the React DevTools for a better development experience: https://react.dev/link/react-devtools font-weight:bold @ webpack-internal:///(app-pages-browser)/./node_modules/@sentry/core/build/esm/instrument/console.js:53
[   61866ms] [LOG] [HMR] connected @ webpack-internal:///(app-pages-browser)/./node_modules/@sentry/core/build/esm/instrument/console.js:53
[   61882ms] [ERROR] Can't perform a React state update on a component that hasn't mounted yet. This indicates that you have a side-effect in your render function that asynchronously tries to update the component. Move this work to useEffect instead. @ webpack-internal:///(app-pages-browser)/./node_modules/@sentry/core/build/esm/instrument/console.js:53
[   61886ms] [LOG] [Fast Refresh] rebuilding @ webpack-internal:///(app-pages-browser)/./node_modules/@sentry/core/build/esm/instrument/console.js:53
[   62097ms] [LOG] [Fast Refresh] done in 212ms @ webpack-internal:///(app-pages-browser)/./node_modules/@sentry/core/build/esm/instrument/console.js:53
[   62103ms] [LOG] [Fast Refresh] rebuilding @ webpack-internal:///(app-pages-browser)/./node_modules/@sentry/core/build/esm/instrument/console.js:53
[   62215ms] [LOG] [Fast Refresh] done in 118ms @ webpack-internal:///(app-pages-browser)/./node_modules/@sentry/core/build/esm/instrument/console.js:53
[   62216ms] [LOG] [Fast Refresh] rebuilding @ webpack-internal:///(app-pages-browser)/./node_modules/@sentry/core/build/esm/instrument/console.js:53
[   62342ms] [LOG] [Fast Refresh] done in 126ms @ webpack-internal:///(app-pages-browser)/./node_modules/@sentry/core/build/esm/instrument/console.js:53
[   62400ms] [LOG] [Fast Refresh] rebuilding @ webpack-internal:///(app-pages-browser)/./node_modules/@sentry/core/build/esm/instrument/console.js:53
[   62464ms] [LOG] [Fast Refresh] done in 65ms @ webpack-internal:///(app-pages-browser)/./node_modules/@sentry/core/build/esm/instrument/console.js:53
[   62539ms] [LOG] [Fast Refresh] rebuilding @ webpack-internal:///(app-pages-browser)/./node_modules/@sentry/core/build/esm/instrument/console.js:53
[   62548ms] [LOG] [Fast Refresh] done in 8ms @ webpack-internal:///(app-pages-browser)/./node_modules/@sentry/core/build/esm/instrument/console.js:53
[   62673ms] [LOG] [Fast Refresh] rebuilding @ webpack-internal:///(app-pages-browser)/./node_modules/@sentry/core/build/esm/instrument/console.js:53
[   62682ms] [LOG] [Fast Refresh] done in 9ms @ webpack-internal:///(app-pages-browser)/./node_modules/@sentry/core/build/esm/instrument/console.js:53
[   62810ms] [LOG] [Fast Refresh] rebuilding @ webpack-internal:///(app-pages-browser)/./node_modules/@sentry/core/build/esm/instrument/console.js:53
[   62818ms] [LOG] [Fast Refresh] done in 8ms @ webpack-internal:///(app-pages-browser)/./node_modules/@sentry/core/build/esm/instrument/console.js:53
[   62935ms] [LOG] [Fast Refresh] rebuilding @ webpack-internal:///(app-pages-browser)/./node_modules/@sentry/core/build/esm/instrument/console.js:53
[   62949ms] [LOG] [Fast Refresh] done in 15ms @ webpack-internal:///(app-pages-browser)/./node_modules/@sentry/core/build/esm/instrument/console.js:53
[   63098ms] [LOG] [Fast Refresh] rebuilding @ webpack-internal:///(app-pages-browser)/./node_modules/@sentry/core/build/esm/instrument/console.js:53
[   63143ms] [LOG] [Fast Refresh] done in 45ms @ webpack-internal:///(app-pages-browser)/./node_modules/@sentry/core/build/esm/instrument/console.js:53
[   63213ms] [LOG] [Fast Refresh] rebuilding @ webpack-internal:///(app-pages-browser)/./node_modules/@sentry/core/build/esm/instrument/console.js:53
[   63274ms] [LOG] [Fast Refresh] done in 62ms @ webpack-internal:///(app-pages-browser)/./node_modules/@sentry/core/build/esm/instrument/console.js:53
[   63344ms] [LOG] [Fast Refresh] rebuilding @ webpack-internal:///(app-pages-browser)/./node_modules/@sentry/core/build/esm/instrument/console.js:53
[   63361ms] [LOG] [Fast Refresh] done in 16ms @ webpack-internal:///(app-pages-browser)/./node_modules/@sentry/core/build/esm/instrument/console.js:53
[   63485ms] [LOG] [Fast Refresh] rebuilding @ webpack-internal:///(app-pages-browser)/./node_modules/@sentry/core/build/esm/instrument/console.js:53
[   63587ms] [LOG] [Fast Refresh] done in 103ms @ webpack-internal:///(app-pages-browser)/./node_modules/@sentry/core/build/esm/instrument/console.js:53
[   63743ms] [LOG] [Fast Refresh] rebuilding @ webpack-internal:///(app-pages-browser)/./node_modules/@sentry/core/build/esm/instrument/console.js:53
[   63768ms] [LOG] [Fast Refresh] done in 25ms @ webpack-internal:///(app-pages-browser)/./node_modules/@sentry/core/build/esm/instrument/console.js:53
[   64059ms] [LOG] [Fast Refresh] rebuilding @ webpack-internal:///(app-pages-browser)/./node_modules/@sentry/core/build/esm/instrument/console.js:53
[   64069ms] [LOG] [Fast Refresh] done in 10ms @ webpack-internal:///(app-pages-browser)/./node_modules/@sentry/core/build/esm/instrument/console.js:53
[   64198ms] [LOG] [Fast Refresh] rebuilding @ webpack-internal:///(app-pages-browser)/./node_modules/@sentry/core/build/esm/instrument/console.js:53
[   64208ms] [LOG] [Fast Refresh] done in 9ms @ webpack-internal:///(app-pages-browser)/./node_modules/@sentry/core/build/esm/instrument/console.js:53
[   64322ms] [LOG] [Fast Refresh] rebuilding @ webpack-internal:///(app-pages-browser)/./node_modules/@sentry/core/build/esm/instrument/console.js:53
[   64332ms] [LOG] [Fast Refresh] done in 11ms @ webpack-internal:///(app-pages-browser)/./node_modules/@sentry/core/build/esm/instrument/console.js:53
[   64558ms] [LOG] [Fast Refresh] rebuilding @ webpack-internal:///(app-pages-browser)/./node_modules/@sentry/core/build/esm/instrument/console.js:53
[   64570ms] [LOG] [Fast Refresh] done in 12ms @ webpack-internal:///(app-pages-browser)/./node_modules/@sentry/core/build/esm/instrument/console.js:53
[   64614ms] [LOG] [Fast Refresh] done in 51ms @ webpack-internal:///(app-pages-browser)/./node_modules/@sentry/core/build/esm/instrument/console.js:53
[   64614ms] [LOG] [Fast Refresh] rebuilding @ webpack-internal:///(app-pages-browser)/./node_modules/@sentry/core/build/esm/instrument/console.js:53
[   64774ms] [LOG] [Fast Refresh] rebuilding @ webpack-internal:///(app-pages-browser)/./node_modules/@sentry/core/build/esm/instrument/console.js:53
[   64799ms] [LOG] [Fast Refresh] done in 24ms @ webpack-internal:///(app-pages-browser)/./node_modules/@sentry/core/build/esm/instrument/console.js:53
[   64909ms] [LOG] [Fast Refresh] rebuilding @ webpack-internal:///(app-pages-browser)/./node_modules/@sentry/core/build/esm/instrument/console.js:53
[   64962ms] [LOG] [Fast Refresh] done in 54ms @ webpack-internal:///(app-pages-browser)/./node_modules/@sentry/core/build/esm/instrument/console.js:53
[   65018ms] [LOG] [Fast Refresh] rebuilding @ webpack-internal:///(app-pages-browser)/./node_modules/@sentry/core/build/esm/instrument/console.js:53
[   65046ms] [LOG] [Fast Refresh] done in 28ms @ webpack-internal:///(app-pages-browser)/./node_modules/@sentry/core/build/esm/instrument/console.js:53
[   65345ms] [LOG] [Fast Refresh] rebuilding @ webpack-internal:///(app-pages-browser)/./node_modules/@sentry/core/build/esm/instrument/console.js:53
[   65363ms] [LOG] [Fast Refresh] done in 18ms @ webpack-internal:///(app-pages-browser)/./node_modules/@sentry/core/build/esm/instrument/console.js:53
[   65406ms] [LOG] [Fast Refresh] rebuilding @ webpack-internal:///(app-pages-browser)/./node_modules/@sentry/core/build/esm/instrument/console.js:53
[   65408ms] [LOG] [Fast Refresh] done in 2ms @ webpack-internal:///(app-pages-browser)/./node_modules/@sentry/core/build/esm/instrument/console.js:53
[   65423ms] [ERROR] Failed to load resource: the server responded with a status of 500 (Internal Server Error) @ http://localhost:3000/dashboard/facturacion?tab=recibidas&_rsc=myjpi:0
[   65502ms] [LOG] [Fast Refresh] rebuilding @ webpack-internal:///(app-pages-browser)/./node_modules/@sentry/core/build/esm/instrument/console.js:53
[   66350ms] [ERROR] Creating a worker from 'blob:http://localhost:3000/4ddc3b52-9f0e-4b6c-9592-9dd133e857fb' violates the following Content Security Policy directive: "script-src 'self' 'unsafe-inline' 'unsafe-eval' https://cdnjs.cloudflare.com https://*.sentry.io https://*.posthog.com". Note that 'worker-src' was not explicitly set, so 'script-src' is used as a fallback. The action has been blocked. @ webpack-internal:///(app-pages-browser)/./node_modules/@sentry/replay/build/npm/esm/index.js:5672
[   66357ms] [LOG] [Client Instrumentation Hook] Slow execution detected: 52ms (Note: Code download overhead is not included in this measurement) @ webpack-internal:///(app-pages-browser)/./node_modules/@sentry/core/build/esm/instrument/console.js:53
[   66386ms] [INFO] %cDownload the React DevTools for a better development experience: https://react.dev/link/react-devtools font-weight:bold @ webpack-internal:///(app-pages-browser)/./node_modules/@sentry/core/build/esm/instrument/console.js:53
[   66420ms] [LOG] [HMR] connected @ webpack-internal:///(app-pages-browser)/./node_modules/@sentry/core/build/esm/instrument/console.js:53
[   66439ms] [INFO] [analytics] NEXT_PUBLIC_POSTHOG_KEY not set — analytics disabled @ webpack-internal:///(app-pages-browser)/./node_modules/@sentry/core/build/esm/instrument/console.js:53
[   66493ms] [LOG] [Fast Refresh] rebuilding @ webpack-internal:///(app-pages-browser)/./node_modules/@sentry/core/build/esm/instrument/console.js:53
[   66619ms] [LOG] [Fast Refresh] done in 126ms @ webpack-internal:///(app-pages-browser)/./node_modules/@sentry/core/build/esm/instrument/console.js:53
[   66690ms] [LOG] [Fast Refresh] rebuilding @ webpack-internal:///(app-pages-browser)/./node_modules/@sentry/core/build/esm/instrument/console.js:53
[   66759ms] [LOG] [Fast Refresh] done in 68ms @ webpack-internal:///(app-pages-browser)/./node_modules/@sentry/core/build/esm/instrument/console.js:53
[   66807ms] [LOG] [Fast Refresh] rebuilding @ webpack-internal:///(app-pages-browser)/./node_modules/@sentry/core/build/esm/instrument/console.js:53
[   66813ms] [LOG] [Fast Refresh] done in 5ms @ webpack-internal:///(app-pages-browser)/./node_modules/@sentry/core/build/esm/instrument/console.js:53
[   66967ms] [LOG] [Fast Refresh] rebuilding @ webpack-internal:///(app-pages-browser)/./node_modules/@sentry/core/build/esm/instrument/console.js:53
[   67025ms] [LOG] [Fast Refresh] done in 58ms @ webpack-internal:///(app-pages-browser)/./node_modules/@sentry/core/build/esm/instrument/console.js:53
[   67065ms] [LOG] [Fast Refresh] rebuilding @ webpack-internal:///(app-pages-browser)/./node_modules/@sentry/core/build/esm/instrument/console.js:53
[   67101ms] [LOG] [Fast Refresh] done in 37ms @ webpack-internal:///(app-pages-browser)/./node_modules/@sentry/core/build/esm/instrument/console.js:53
[   67231ms] [LOG] [Fast Refresh] rebuilding @ webpack-internal:///(app-pages-browser)/./node_modules/@sentry/core/build/esm/instrument/console.js:53
[   67291ms] [LOG] [Fast Refresh] done in 60ms @ webpack-internal:///(app-pages-browser)/./node_modules/@sentry/core/build/esm/instrument/console.js:53
[   67356ms] [LOG] [Fast Refresh] rebuilding @ webpack-internal:///(app-pages-browser)/./node_modules/@sentry/core/build/esm/instrument/console.js:53
[   67414ms] [LOG] [Fast Refresh] done in 57ms @ webpack-internal:///(app-pages-browser)/./node_modules/@sentry/core/build/esm/instrument/console.js:53
[   67486ms] [LOG] [Fast Refresh] rebuilding @ webpack-internal:///(app-pages-browser)/./node_modules/@sentry/core/build/esm/instrument/console.js:53
[   67502ms] [LOG] [Fast Refresh] done in 16ms @ webpack-internal:///(app-pages-browser)/./node_modules/@sentry/core/build/esm/instrument/console.js:53
[   67595ms] [LOG] [Fast Refresh] rebuilding @ webpack-internal:///(app-pages-browser)/./node_modules/@sentry/core/build/esm/instrument/console.js:53
[   67609ms] [LOG] [Fast Refresh] done in 15ms @ webpack-internal:///(app-pages-browser)/./node_modules/@sentry/core/build/esm/instrument/console.js:53
[   67898ms] [LOG] [Fast Refresh] rebuilding @ webpack-internal:///(app-pages-browser)/./node_modules/@sentry/core/build/esm/instrument/console.js:53
[   67912ms] [LOG] [Fast Refresh] rebuilding @ webpack-internal:///(app-pages-browser)/./node_modules/@sentry/core/build/esm/instrument/console.js:53
[   67916ms] [LOG] [Fast Refresh] done in 4ms @ webpack-internal:///(app-pages-browser)/./node_modules/@sentry/core/build/esm/instrument/console.js:53
[   67957ms] [LOG] [Fast Refresh] done in 45ms @ webpack-internal:///(app-pages-browser)/./node_modules/@sentry/core/build/esm/instrument/console.js:53
[   67972ms] [LOG] [Fast Refresh] rebuilding @ webpack-internal:///(app-pages-browser)/./node_modules/@sentry/core/build/esm/instrument/console.js:53
[   67972ms] [ERROR] Failed to load resource: the server responded with a status of 500 (Internal Server Error) @ http://localhost:3000/dashboard/facturacion?tab=recibidas&_rsc=myjpi:0
[   68294ms] [LOG] [Fast Refresh] done in 323ms @ webpack-internal:///(app-pages-browser)/./node_modules/@sentry/core/build/esm/instrument/console.js:53
[   68343ms] [LOG] [Fast Refresh] rebuilding @ webpack-internal:///(app-pages-browser)/./node_modules/@sentry/core/build/esm/instrument/console.js:53
[   68349ms] [LOG] [Fast Refresh] done in 7ms @ webpack-internal:///(app-pages-browser)/./node_modules/@sentry/core/build/esm/instrument/console.js:53
[   68662ms] [ERROR] Failed to load resource: the server responded with a status of 500 (Internal Server Error) @ http://localhost:3000/dashboard/facturacion?tab=recibidas:0
[   69029ms] [INFO] %cDownload the React DevTools for a better development experience: https://react.dev/link/react-devtools font-weight:bold @ webpack-internal:///(pages-dir-browser)/./node_modules/react-dom/cjs/react-dom-client.development.js:28004
[   69070ms] [ERROR] Creating a worker from 'blob:http://localhost:3000/232d3cea-f3c0-4f90-a595-aaf9d39cf60f' violates the following Content Security Policy directive: "script-src 'self' 'unsafe-inline' 'unsafe-eval' https://cdnjs.cloudflare.com https://*.sentry.io https://*.posthog.com". Note that 'worker-src' was not explicitly set, so 'script-src' is used as a fallback. The action has been blocked. @ webpack-internal:///(pages-dir-browser)/./node_modules/@sentry/replay/build/npm/esm/index.js:5672
[   69076ms] SyntaxError: Unexpected end of JSON input
    at JSON.parse (<anonymous>)
    at loadManifest (file:///Users/daniilkonovalyukpanasyuk/enlaze/node_modules/next/dist/server/load-manifest.external.js:54:25)
    at loadManifestFromRelativePath (file:///Users/daniilkonovalyukpanasyuk/enlaze/node_modules/next/dist/server/load-manifest.external.js:111:12)
    at AppPageRouteModule.loadManifests (file:///Users/daniilkonovalyukpanasyuk/enlaze/node_modules/next/dist/compiled/next-server/app-page.runtime.dev.js:71:33556)
    at AppPageRouteModule.prepare (file:///Users/daniilkonovalyukpanasyuk/enlaze/node_modules/next/dist/compiled/next-server/app-page.runtime.dev.js:71:41329)
    at process.processTicksAndRejections (node:internal/process/task_queues:104:5)
    at async Module.handler (webpack-internal:///(rsc)/./node_modules/next/dist/build/webpack/loaders/next-app-loader/index.js?name=app%2Fdashboard%2Ffacturacion%2Fpage&page=%2Fdashboard%2Ffacturacion%2Fpage&appPaths=%2Fdashboard%2Ffacturacion%2Fpage&allNormalizedAppPaths=&pagePath=private-next-app-dir%2Fdashboard%2Ffacturacion%2Fpage.tsx&appDir=%2FUsers%2Fdaniilkonovalyukpanasyuk%2Fenlaze%2Fapp&pageExtensions=tsx&pageExtensions=ts&pageExtensions=jsx&pageExtensions=js&rootDir=%2FUsers%2Fdaniilkonovalyukpanasyuk%2Fenlaze&isDev=true&tsconfigPath=&basePath=&assetPrefix=&nextConfigOutput=&preferredRegion=&middlewareConfig=e30%3D&isGlobalNotFoundEnabled=!:253:27)
    at async DevServer.renderToResponseWithComponentsImpl (file:///Users/daniilkonovalyukpanasyuk/enlaze/node_modules/next/dist/server/base-server.js:1454:9)
    at async DevServer.renderPageComponent (file:///Users/daniilkonovalyukpanasyuk/enlaze/node_modules/next/dist/server/base-server.js:1506:24)
    at async DevServer.renderToResponseImpl (file:///Users/daniilkonovalyukpanasyuk/enlaze/node_modules/next/dist/server/base-server.js:1556:32)
    at async DevServer.pipeImpl (file:///Users/daniilkonovalyukpanasyuk/enlaze/node_modules/next/dist/server/base-server.js:1043:25)
    at async NextNodeServer.handleCatchallRenderRequest (file:///Users/daniilkonovalyukpanasyuk/enlaze/node_modules/next/dist/server/next-server.js:338:17)
    at async DevServer.handleRequestImpl (file:///Users/daniilkonovalyukpanasyuk/enlaze/node_modules/next/dist/server/base-server.js:934:17)
    at async (file:///Users/daniilkonovalyukpanasyuk/enlaze/node_modules/next/dist/server/dev/next-dev-server.js:394:20)
    at async Span.traceAsyncFn (file:///Users/daniilkonovalyukpanasyuk/enlaze/node_modules/next/dist/trace/trace.js:164:20)
    at async DevServer.handleRequest (file:///Users/daniilkonovalyukpanasyuk/enlaze/node_modules/next/dist/server/dev/next-dev-server.js:390:24)
    at async invokeRender (file:///Users/daniilkonovalyukpanasyuk/enlaze/node_modules/next/dist/server/lib/router-server.js:253:21)
    at async handleRequest (file:///Users/daniilkonovalyukpanasyuk/enlaze/node_modules/next/dist/server/lib/router-server.js:452:24)
    at async requestHandlerImpl (file:///Users/daniilkonovalyukpanasyuk/enlaze/node_modules/next/dist/server/lib/router-server.js:501:13)
    at async Server.requestListener (file:///Users/daniilkonovalyukpanasyuk/enlaze/node_modules/next/dist/server/lib/start-server.js:225:13)
[   69114ms] [LOG] [HMR] connected @ webpack-internal:///(pages-dir-browser)/./node_modules/@sentry/core/build/esm/instrument/console.js:53
[   69125ms] [LOG] [Fast Refresh] rebuilding @ webpack-internal:///(pages-dir-browser)/./node_modules/@sentry/core/build/esm/instrument/console.js:53
[   69285ms] [LOG] [Fast Refresh] rebuilding @ webpack-internal:///(pages-dir-browser)/./node_modules/@sentry/core/build/esm/instrument/console.js:53
[   69290ms] [WARNING] [Fast Refresh] performing full reload because your application had an unrecoverable error @ webpack-internal:///(pages-dir-browser)/./node_modules/@sentry/core/build/esm/instrument/console.js:53
[   70053ms] [ERROR] Creating a worker from 'blob:http://localhost:3000/9fb35287-1d85-4150-b413-5435aec119b4' violates the following Content Security Policy directive: "script-src 'self' 'unsafe-inline' 'unsafe-eval' https://cdnjs.cloudflare.com https://*.sentry.io https://*.posthog.com". Note that 'worker-src' was not explicitly set, so 'script-src' is used as a fallback. The action has been blocked. @ webpack-internal:///(app-pages-browser)/./node_modules/@sentry/replay/build/npm/esm/index.js:5672
[   70058ms] [LOG] [Client Instrumentation Hook] Slow execution detected: 49ms (Note: Code download overhead is not included in this measurement) @ webpack-internal:///(app-pages-browser)/./node_modules/@sentry/core/build/esm/instrument/console.js:53
[   70089ms] [INFO] %cDownload the React DevTools for a better development experience: https://react.dev/link/react-devtools font-weight:bold @ webpack-internal:///(app-pages-browser)/./node_modules/@sentry/core/build/esm/instrument/console.js:53
[   70164ms] [LOG] [HMR] connected @ webpack-internal:///(app-pages-browser)/./node_modules/@sentry/core/build/esm/instrument/console.js:53
[   70178ms] [ERROR] Can't perform a React state update on a component that hasn't mounted yet. This indicates that you have a side-effect in your render function that asynchronously tries to update the component. Move this work to useEffect instead. @ webpack-internal:///(app-pages-browser)/./node_modules/@sentry/core/build/esm/instrument/console.js:53
[   70182ms] [LOG] [Fast Refresh] rebuilding @ webpack-internal:///(app-pages-browser)/./node_modules/@sentry/core/build/esm/instrument/console.js:53
[   70305ms] [LOG] [Fast Refresh] done in 123ms @ webpack-internal:///(app-pages-browser)/./node_modules/@sentry/core/build/esm/instrument/console.js:53
[   70321ms] [LOG] [Fast Refresh] rebuilding @ webpack-internal:///(app-pages-browser)/./node_modules/@sentry/core/build/esm/instrument/console.js:53
[   70374ms] [LOG] [Fast Refresh] done in 54ms @ webpack-internal:///(app-pages-browser)/./node_modules/@sentry/core/build/esm/instrument/console.js:53
[   70454ms] [LOG] [Fast Refresh] rebuilding @ webpack-internal:///(app-pages-browser)/./node_modules/@sentry/core/build/esm/instrument/console.js:53
[   70471ms] [LOG] [Fast Refresh] done in 17ms @ webpack-internal:///(app-pages-browser)/./node_modules/@sentry/core/build/esm/instrument/console.js:53
[   70597ms] [INFO] [analytics] NEXT_PUBLIC_POSTHOG_KEY not set — analytics disabled @ webpack-internal:///(app-pages-browser)/./node_modules/@sentry/core/build/esm/instrument/console.js:53
[   70600ms] [LOG] [Fast Refresh] rebuilding @ webpack-internal:///(app-pages-browser)/./node_modules/@sentry/core/build/esm/instrument/console.js:53
[   70675ms] [LOG] [Fast Refresh] done in 76ms @ webpack-internal:///(app-pages-browser)/./node_modules/@sentry/core/build/esm/instrument/console.js:53
[   70770ms] [LOG] [Fast Refresh] rebuilding @ webpack-internal:///(app-pages-browser)/./node_modules/@sentry/core/build/esm/instrument/console.js:53
[   70840ms] [LOG] [Fast Refresh] done in 71ms @ webpack-internal:///(app-pages-browser)/./node_modules/@sentry/core/build/esm/instrument/console.js:53
[   70927ms] [LOG] [Fast Refresh] rebuilding @ webpack-internal:///(app-pages-browser)/./node_modules/@sentry/core/build/esm/instrument/console.js:53
[   70988ms] [LOG] [Fast Refresh] done in 61ms @ webpack-internal:///(app-pages-browser)/./node_modules/@sentry/core/build/esm/instrument/console.js:53
[   71029ms] [LOG] [Fast Refresh] rebuilding @ webpack-internal:///(app-pages-browser)/./node_modules/@sentry/core/build/esm/instrument/console.js:53
[   71056ms] [LOG] [Fast Refresh] done in 26ms @ webpack-internal:///(app-pages-browser)/./node_modules/@sentry/core/build/esm/instrument/console.js:53
[   71183ms] [LOG] [Fast Refresh] rebuilding @ webpack-internal:///(app-pages-browser)/./node_modules/@sentry/core/build/esm/instrument/console.js:53
[   71262ms] [LOG] [Fast Refresh] done in 79ms @ webpack-internal:///(app-pages-browser)/./node_modules/@sentry/core/build/esm/instrument/console.js:53
[   71356ms] [LOG] [Fast Refresh] rebuilding @ webpack-internal:///(app-pages-browser)/./node_modules/@sentry/core/build/esm/instrument/console.js:53
[   71410ms] [LOG] [Fast Refresh] done in 55ms @ webpack-internal:///(app-pages-browser)/./node_modules/@sentry/core/build/esm/instrument/console.js:53
[   71473ms] [LOG] [Fast Refresh] rebuilding @ webpack-internal:///(app-pages-browser)/./node_modules/@sentry/core/build/esm/instrument/console.js:53
[   71529ms] [LOG] [Fast Refresh] done in 56ms @ webpack-internal:///(app-pages-browser)/./node_modules/@sentry/core/build/esm/instrument/console.js:53
[   71581ms] [LOG] [Fast Refresh] rebuilding @ webpack-internal:///(app-pages-browser)/./node_modules/@sentry/core/build/esm/instrument/console.js:53
[   71601ms] [LOG] [Fast Refresh] done in 20ms @ webpack-internal:///(app-pages-browser)/./node_modules/@sentry/core/build/esm/instrument/console.js:53
[   72056ms] [LOG] [Fast Refresh] rebuilding @ webpack-internal:///(app-pages-browser)/./node_modules/@sentry/core/build/esm/instrument/console.js:53
[   72073ms] [LOG] [Fast Refresh] done in 18ms @ webpack-internal:///(app-pages-browser)/./node_modules/@sentry/core/build/esm/instrument/console.js:53
[   72115ms] [LOG] [Fast Refresh] rebuilding @ webpack-internal:///(app-pages-browser)/./node_modules/@sentry/core/build/esm/instrument/console.js:53
[   72117ms] [LOG] [Fast Refresh] done in 1ms @ webpack-internal:///(app-pages-browser)/./node_modules/@sentry/core/build/esm/instrument/console.js:53
[   72133ms] [ERROR] Failed to load resource: the server responded with a status of 500 (Internal Server Error) @ http://localhost:3000/dashboard/facturacion?tab=recibidas&_rsc=myjpi:0
[   72210ms] [LOG] [Fast Refresh] rebuilding @ webpack-internal:///(app-pages-browser)/./node_modules/@sentry/core/build/esm/instrument/console.js:53
[   72925ms] [ERROR] Creating a worker from 'blob:http://localhost:3000/36f1453c-b940-4795-8ee5-7f2b271e5443' violates the following Content Security Policy directive: "script-src 'self' 'unsafe-inline' 'unsafe-eval' https://cdnjs.cloudflare.com https://*.sentry.io https://*.posthog.com". Note that 'worker-src' was not explicitly set, so 'script-src' is used as a fallback. The action has been blocked. @ webpack-internal:///(app-pages-browser)/./node_modules/@sentry/replay/build/npm/esm/index.js:5672
[   72930ms] [LOG] [Client Instrumentation Hook] Slow execution detected: 49ms (Note: Code download overhead is not included in this measurement) @ webpack-internal:///(app-pages-browser)/./node_modules/@sentry/core/build/esm/instrument/console.js:53
[   72958ms] [INFO] %cDownload the React DevTools for a better development experience: https://react.dev/link/react-devtools font-weight:bold @ webpack-internal:///(app-pages-browser)/./node_modules/@sentry/core/build/esm/instrument/console.js:53
[   72993ms] [LOG] [HMR] connected @ webpack-internal:///(app-pages-browser)/./node_modules/@sentry/core/build/esm/instrument/console.js:53
[   73013ms] [INFO] [analytics] NEXT_PUBLIC_POSTHOG_KEY not set — analytics disabled @ webpack-internal:///(app-pages-browser)/./node_modules/@sentry/core/build/esm/instrument/console.js:53
[   73048ms] [LOG] [Fast Refresh] rebuilding @ webpack-internal:///(app-pages-browser)/./node_modules/@sentry/core/build/esm/instrument/console.js:53
[   73117ms] [LOG] [Fast Refresh] done in 70ms @ webpack-internal:///(app-pages-browser)/./node_modules/@sentry/core/build/esm/instrument/console.js:53
[   73216ms] [LOG] [Fast Refresh] rebuilding @ webpack-internal:///(app-pages-browser)/./node_modules/@sentry/core/build/esm/instrument/console.js:53
[   73229ms] [LOG] [Fast Refresh] done in 13ms @ webpack-internal:///(app-pages-browser)/./node_modules/@sentry/core/build/esm/instrument/console.js:53
[   73341ms] [LOG] [Fast Refresh] rebuilding @ webpack-internal:///(app-pages-browser)/./node_modules/@sentry/core/build/esm/instrument/console.js:53
[   73364ms] [LOG] [Fast Refresh] done in 23ms @ webpack-internal:///(app-pages-browser)/./node_modules/@sentry/core/build/esm/instrument/console.js:53
[   73488ms] [LOG] [Fast Refresh] rebuilding @ webpack-internal:///(app-pages-browser)/./node_modules/@sentry/core/build/esm/instrument/console.js:53
[   73541ms] [LOG] [Fast Refresh] done in 52ms @ webpack-internal:///(app-pages-browser)/./node_modules/@sentry/core/build/esm/instrument/console.js:53
[   73624ms] [LOG] [Fast Refresh] rebuilding @ webpack-internal:///(app-pages-browser)/./node_modules/@sentry/core/build/esm/instrument/console.js:53
[   73685ms] [LOG] [Fast Refresh] done in 60ms @ webpack-internal:///(app-pages-browser)/./node_modules/@sentry/core/build/esm/instrument/console.js:53
[   73751ms] [LOG] [Fast Refresh] rebuilding @ webpack-internal:///(app-pages-browser)/./node_modules/@sentry/core/build/esm/instrument/console.js:53
[   73763ms] [LOG] [Fast Refresh] done in 11ms @ webpack-internal:///(app-pages-browser)/./node_modules/@sentry/core/build/esm/instrument/console.js:53
[   73868ms] [LOG] [Fast Refresh] rebuilding @ webpack-internal:///(app-pages-browser)/./node_modules/@sentry/core/build/esm/instrument/console.js:53
[   73890ms] [LOG] [Fast Refresh] done in 22ms @ webpack-internal:///(app-pages-browser)/./node_modules/@sentry/core/build/esm/instrument/console.js:53
[   74167ms] [LOG] [Fast Refresh] rebuilding @ webpack-internal:///(app-pages-browser)/./node_modules/@sentry/core/build/esm/instrument/console.js:53
[   74183ms] [LOG] [Fast Refresh] done in 16ms @ webpack-internal:///(app-pages-browser)/./node_modules/@sentry/core/build/esm/instrument/console.js:53
[   74186ms] [LOG] [Fast Refresh] rebuilding @ webpack-internal:///(app-pages-browser)/./node_modules/@sentry/core/build/esm/instrument/console.js:53
[   74226ms] [LOG] [Fast Refresh] done in 39ms @ webpack-internal:///(app-pages-browser)/./node_modules/@sentry/core/build/esm/instrument/console.js:53
[   74245ms] [LOG] [Fast Refresh] rebuilding @ webpack-internal:///(app-pages-browser)/./node_modules/@sentry/core/build/esm/instrument/console.js:53
[   74245ms] [ERROR] Failed to load resource: the server responded with a status of 500 (Internal Server Error) @ http://localhost:3000/dashboard/facturacion?tab=recibidas&_rsc=myjpi:0
[   75195ms] [ERROR] Creating a worker from 'blob:http://localhost:3000/f30d3605-538e-45cd-a6b0-98a51e45de0d' violates the following Content Security Policy directive: "script-src 'self' 'unsafe-inline' 'unsafe-eval' https://cdnjs.cloudflare.com https://*.sentry.io https://*.posthog.com". Note that 'worker-src' was not explicitly set, so 'script-src' is used as a fallback. The action has been blocked. @ webpack-internal:///(app-pages-browser)/./node_modules/@sentry/replay/build/npm/esm/index.js:5672
[   75201ms] [LOG] [Client Instrumentation Hook] Slow execution detected: 51ms (Note: Code download overhead is not included in this measurement) @ webpack-internal:///(app-pages-browser)/./node_modules/@sentry/core/build/esm/instrument/console.js:53
[   75230ms] [INFO] %cDownload the React DevTools for a better development experience: https://react.dev/link/react-devtools font-weight:bold @ webpack-internal:///(app-pages-browser)/./node_modules/@sentry/core/build/esm/instrument/console.js:53
[   75265ms] [LOG] [HMR] connected @ webpack-internal:///(app-pages-browser)/./node_modules/@sentry/core/build/esm/instrument/console.js:53
[   75326ms] [ERROR] Can't perform a React state update on a component that hasn't mounted yet. This indicates that you have a side-effect in your render function that asynchronously tries to update the component. Move this work to useEffect instead. @ webpack-internal:///(app-pages-browser)/./node_modules/@sentry/core/build/esm/instrument/console.js:53
[   75330ms] [LOG] [Fast Refresh] rebuilding @ webpack-internal:///(app-pages-browser)/./node_modules/@sentry/core/build/esm/instrument/console.js:53
[   75468ms] [LOG] [Fast Refresh] done in 138ms @ webpack-internal:///(app-pages-browser)/./node_modules/@sentry/core/build/esm/instrument/console.js:53
[   75470ms] [LOG] [Fast Refresh] rebuilding @ webpack-internal:///(app-pages-browser)/./node_modules/@sentry/core/build/esm/instrument/console.js:53
[   75488ms] [LOG] [Fast Refresh] done in 18ms @ webpack-internal:///(app-pages-browser)/./node_modules/@sentry/core/build/esm/instrument/console.js:53
[   75611ms] [LOG] [Fast Refresh] rebuilding @ webpack-internal:///(app-pages-browser)/./node_modules/@sentry/core/build/esm/instrument/console.js:53
[   75631ms] [LOG] [Fast Refresh] done in 20ms @ webpack-internal:///(app-pages-browser)/./node_modules/@sentry/core/build/esm/instrument/console.js:53
[   75745ms] [LOG] [Fast Refresh] rebuilding @ webpack-internal:///(app-pages-browser)/./node_modules/@sentry/core/build/esm/instrument/console.js:53
[   75753ms] [LOG] [Fast Refresh] done in 9ms @ webpack-internal:///(app-pages-browser)/./node_modules/@sentry/core/build/esm/instrument/console.js:53
[   75869ms] [LOG] [Fast Refresh] rebuilding @ webpack-internal:///(app-pages-browser)/./node_modules/@sentry/core/build/esm/instrument/console.js:53
[   75880ms] [LOG] [Fast Refresh] done in 11ms @ webpack-internal:///(app-pages-browser)/./node_modules/@sentry/core/build/esm/instrument/console.js:53
[   76006ms] [LOG] [Fast Refresh] rebuilding @ webpack-internal:///(app-pages-browser)/./node_modules/@sentry/core/build/esm/instrument/console.js:53
[   76023ms] [LOG] [Fast Refresh] done in 17ms @ webpack-internal:///(app-pages-browser)/./node_modules/@sentry/core/build/esm/instrument/console.js:53
[   76134ms] [LOG] [Fast Refresh] rebuilding @ webpack-internal:///(app-pages-browser)/./node_modules/@sentry/core/build/esm/instrument/console.js:53
[   76145ms] [LOG] [Fast Refresh] done in 10ms @ webpack-internal:///(app-pages-browser)/./node_modules/@sentry/core/build/esm/instrument/console.js:53
[   76262ms] [LOG] [Fast Refresh] rebuilding @ webpack-internal:///(app-pages-browser)/./node_modules/@sentry/core/build/esm/instrument/console.js:53
[   76271ms] [LOG] [Fast Refresh] done in 9ms @ webpack-internal:///(app-pages-browser)/./node_modules/@sentry/core/build/esm/instrument/console.js:53
[   76388ms] [LOG] [Fast Refresh] rebuilding @ webpack-internal:///(app-pages-browser)/./node_modules/@sentry/core/build/esm/instrument/console.js:53
[   76397ms] [LOG] [Fast Refresh] done in 8ms @ webpack-internal:///(app-pages-browser)/./node_modules/@sentry/core/build/esm/instrument/console.js:53
[   76519ms] [LOG] [Fast Refresh] rebuilding @ webpack-internal:///(app-pages-browser)/./node_modules/@sentry/core/build/esm/instrument/console.js:53
[   76527ms] [LOG] [Fast Refresh] done in 8ms @ webpack-internal:///(app-pages-browser)/./node_modules/@sentry/core/build/esm/instrument/console.js:53
[   76639ms] [LOG] [Fast Refresh] rebuilding @ webpack-internal:///(app-pages-browser)/./node_modules/@sentry/core/build/esm/instrument/console.js:53
[   76660ms] [LOG] [Fast Refresh] done in 20ms @ webpack-internal:///(app-pages-browser)/./node_modules/@sentry/core/build/esm/instrument/console.js:53
[   76765ms] [LOG] [Fast Refresh] rebuilding @ webpack-internal:///(app-pages-browser)/./node_modules/@sentry/core/build/esm/instrument/console.js:53
[   76776ms] [LOG] [Fast Refresh] done in 10ms @ webpack-internal:///(app-pages-browser)/./node_modules/@sentry/core/build/esm/instrument/console.js:53
[   76892ms] [LOG] [Fast Refresh] rebuilding @ webpack-internal:///(app-pages-browser)/./node_modules/@sentry/core/build/esm/instrument/console.js:53
[   76908ms] [LOG] [Fast Refresh] done in 16ms @ webpack-internal:///(app-pages-browser)/./node_modules/@sentry/core/build/esm/instrument/console.js:53
[   77020ms] [LOG] [Fast Refresh] rebuilding @ webpack-internal:///(app-pages-browser)/./node_modules/@sentry/core/build/esm/instrument/console.js:53
[   77028ms] [LOG] [Fast Refresh] done in 7ms @ webpack-internal:///(app-pages-browser)/./node_modules/@sentry/core/build/esm/instrument/console.js:53
[   77143ms] [LOG] [Fast Refresh] rebuilding @ webpack-internal:///(app-pages-browser)/./node_modules/@sentry/core/build/esm/instrument/console.js:53
[   77150ms] [LOG] [Fast Refresh] done in 8ms @ webpack-internal:///(app-pages-browser)/./node_modules/@sentry/core/build/esm/instrument/console.js:53
[   77310ms] [LOG] [Fast Refresh] rebuilding @ webpack-internal:///(app-pages-browser)/./node_modules/@sentry/core/build/esm/instrument/console.js:53
[   77332ms] [LOG] [Fast Refresh] done in 21ms @ webpack-internal:///(app-pages-browser)/./node_modules/@sentry/core/build/esm/instrument/console.js:53
[   77504ms] [LOG] [Fast Refresh] rebuilding @ webpack-internal:///(app-pages-browser)/./node_modules/@sentry/core/build/esm/instrument/console.js:53
[   77528ms] [LOG] [Fast Refresh] done in 24ms @ webpack-internal:///(app-pages-browser)/./node_modules/@sentry/core/build/esm/instrument/console.js:53
[   77748ms] [LOG] [Fast Refresh] rebuilding @ webpack-internal:///(app-pages-browser)/./node_modules/@sentry/core/build/esm/instrument/console.js:53
[   77759ms] [LOG] [Fast Refresh] done in 11ms @ webpack-internal:///(app-pages-browser)/./node_modules/@sentry/core/build/esm/instrument/console.js:53
[   77875ms] [LOG] [Fast Refresh] rebuilding @ webpack-internal:///(app-pages-browser)/./node_modules/@sentry/core/build/esm/instrument/console.js:53
[   77895ms] [LOG] [Fast Refresh] done in 20ms @ webpack-internal:///(app-pages-browser)/./node_modules/@sentry/core/build/esm/instrument/console.js:53
[   78004ms] [LOG] [Fast Refresh] rebuilding @ webpack-internal:///(app-pages-browser)/./node_modules/@sentry/core/build/esm/instrument/console.js:53
[   78124ms] [LOG] [Fast Refresh] done in 121ms @ webpack-internal:///(app-pages-browser)/./node_modules/@sentry/core/build/esm/instrument/console.js:53
[   78185ms] [LOG] [Fast Refresh] rebuilding @ webpack-internal:///(app-pages-browser)/./node_modules/@sentry/core/build/esm/instrument/console.js:53
[   78193ms] [LOG] [Fast Refresh] done in 8ms @ webpack-internal:///(app-pages-browser)/./node_modules/@sentry/core/build/esm/instrument/console.js:53
[   78372ms] [LOG] [Fast Refresh] rebuilding @ webpack-internal:///(app-pages-browser)/./node_modules/@sentry/core/build/esm/instrument/console.js:53
[   78606ms] [LOG] [Fast Refresh] done in 234ms @ webpack-internal:///(app-pages-browser)/./node_modules/@sentry/core/build/esm/instrument/console.js:53
[   78607ms] [LOG] [Fast Refresh] rebuilding @ webpack-internal:///(app-pages-browser)/./node_modules/@sentry/core/build/esm/instrument/console.js:53
[   78641ms] [LOG] [Fast Refresh] done in 33ms @ webpack-internal:///(app-pages-browser)/./node_modules/@sentry/core/build/esm/instrument/console.js:53
[   78981ms] [LOG] [Fast Refresh] rebuilding @ webpack-internal:///(app-pages-browser)/./node_modules/@sentry/core/build/esm/instrument/console.js:53
[   79005ms] [LOG] [Fast Refresh] done in 23ms @ webpack-internal:///(app-pages-browser)/./node_modules/@sentry/core/build/esm/instrument/console.js:53
[   79053ms] [LOG] [Fast Refresh] rebuilding @ webpack-internal:///(app-pages-browser)/./node_modules/@sentry/core/build/esm/instrument/console.js:53
[   79054ms] [LOG] [Fast Refresh] done in 2ms @ webpack-internal:///(app-pages-browser)/./node_modules/@sentry/core/build/esm/instrument/console.js:53
[   79076ms] [ERROR] Failed to load resource: the server responded with a status of 500 (Internal Server Error) @ http://localhost:3000/dashboard/facturacion?tab=recibidas&_rsc=myjpi:0
[   79085ms] [LOG] [Fast Refresh] rebuilding @ webpack-internal:///(app-pages-browser)/./node_modules/@sentry/core/build/esm/instrument/console.js:53
[   79491ms] Invalid or unexpected token
[   80006ms] [ERROR] Creating a worker from 'blob:http://localhost:3000/197055a9-627a-40d3-b7fe-06bbad924c18' violates the following Content Security Policy directive: "script-src 'self' 'unsafe-inline' 'unsafe-eval' https://cdnjs.cloudflare.com https://*.sentry.io https://*.posthog.com". Note that 'worker-src' was not explicitly set, so 'script-src' is used as a fallback. The action has been blocked. @ webpack-internal:///(app-pages-browser)/./node_modules/@sentry/replay/build/npm/esm/index.js:5672
[   80012ms] [LOG] [Client Instrumentation Hook] Slow execution detected: 50ms (Note: Code download overhead is not included in this measurement) @ webpack-internal:///(app-pages-browser)/./node_modules/@sentry/core/build/esm/instrument/console.js:53
[   80039ms] [INFO] %cDownload the React DevTools for a better development experience: https://react.dev/link/react-devtools font-weight:bold @ webpack-internal:///(app-pages-browser)/./node_modules/@sentry/core/build/esm/instrument/console.js:53
[   80071ms] [LOG] [HMR] connected @ webpack-internal:///(app-pages-browser)/./node_modules/@sentry/core/build/esm/instrument/console.js:53
[   80119ms] [ERROR] Can't perform a React state update on a component that hasn't mounted yet. This indicates that you have a side-effect in your render function that asynchronously tries to update the component. Move this work to useEffect instead. @ webpack-internal:///(app-pages-browser)/./node_modules/@sentry/core/build/esm/instrument/console.js:53
[   80122ms] [LOG] [Fast Refresh] rebuilding @ webpack-internal:///(app-pages-browser)/./node_modules/@sentry/core/build/esm/instrument/console.js:53
[   80267ms] [LOG] [Fast Refresh] done in 144ms @ webpack-internal:///(app-pages-browser)/./node_modules/@sentry/core/build/esm/instrument/console.js:53
[   80269ms] [LOG] [Fast Refresh] rebuilding @ webpack-internal:///(app-pages-browser)/./node_modules/@sentry/core/build/esm/instrument/console.js:53
[   80280ms] [LOG] [Fast Refresh] done in 11ms @ webpack-internal:///(app-pages-browser)/./node_modules/@sentry/core/build/esm/instrument/console.js:53
[   80406ms] [LOG] [Fast Refresh] rebuilding @ webpack-internal:///(app-pages-browser)/./node_modules/@sentry/core/build/esm/instrument/console.js:53
[   80415ms] [LOG] [Fast Refresh] done in 9ms @ webpack-internal:///(app-pages-browser)/./node_modules/@sentry/core/build/esm/instrument/console.js:53
[   80534ms] [LOG] [Fast Refresh] rebuilding @ webpack-internal:///(app-pages-browser)/./node_modules/@sentry/core/build/esm/instrument/console.js:53
[   80598ms] [LOG] [Fast Refresh] done in 64ms @ webpack-internal:///(app-pages-browser)/./node_modules/@sentry/core/build/esm/instrument/console.js:53
[   80698ms] [LOG] [Fast Refresh] rebuilding @ webpack-internal:///(app-pages-browser)/./node_modules/@sentry/core/build/esm/instrument/console.js:53
[   80730ms] [LOG] [Fast Refresh] done in 31ms @ webpack-internal:///(app-pages-browser)/./node_modules/@sentry/core/build/esm/instrument/console.js:53
[   81157ms] [LOG] [Fast Refresh] rebuilding @ webpack-internal:///(app-pages-browser)/./node_modules/@sentry/core/build/esm/instrument/console.js:53
[   81174ms] [LOG] [Fast Refresh] done in 17ms @ webpack-internal:///(app-pages-browser)/./node_modules/@sentry/core/build/esm/instrument/console.js:53
[   81293ms] [LOG] [Fast Refresh] rebuilding @ webpack-internal:///(app-pages-browser)/./node_modules/@sentry/core/build/esm/instrument/console.js:53
[   81303ms] [LOG] [Fast Refresh] done in 9ms @ webpack-internal:///(app-pages-browser)/./node_modules/@sentry/core/build/esm/instrument/console.js:53
[   81426ms] [LOG] [Fast Refresh] rebuilding @ webpack-internal:///(app-pages-browser)/./node_modules/@sentry/core/build/esm/instrument/console.js:53
[   81448ms] [LOG] [Fast Refresh] done in 22ms @ webpack-internal:///(app-pages-browser)/./node_modules/@sentry/core/build/esm/instrument/console.js:53
[   81558ms] [LOG] [Fast Refresh] rebuilding @ webpack-internal:///(app-pages-browser)/./node_modules/@sentry/core/build/esm/instrument/console.js:53
[   81574ms] [LOG] [Fast Refresh] done in 16ms @ webpack-internal:///(app-pages-browser)/./node_modules/@sentry/core/build/esm/instrument/console.js:53
[   81688ms] [LOG] [Fast Refresh] rebuilding @ webpack-internal:///(app-pages-browser)/./node_modules/@sentry/core/build/esm/instrument/console.js:53
[   81696ms] [LOG] [Fast Refresh] done in 8ms @ webpack-internal:///(app-pages-browser)/./node_modules/@sentry/core/build/esm/instrument/console.js:53
[   81812ms] [LOG] [Fast Refresh] rebuilding @ webpack-internal:///(app-pages-browser)/./node_modules/@sentry/core/build/esm/instrument/console.js:53
[   81821ms] [LOG] [Fast Refresh] done in 8ms @ webpack-internal:///(app-pages-browser)/./node_modules/@sentry/core/build/esm/instrument/console.js:53
[   81941ms] [LOG] [Fast Refresh] rebuilding @ webpack-internal:///(app-pages-browser)/./node_modules/@sentry/core/build/esm/instrument/console.js:53
[   81999ms] [LOG] [Fast Refresh] done in 58ms @ webpack-internal:///(app-pages-browser)/./node_modules/@sentry/core/build/esm/instrument/console.js:53
[   82067ms] [LOG] [Fast Refresh] rebuilding @ webpack-internal:///(app-pages-browser)/./node_modules/@sentry/core/build/esm/instrument/console.js:53
[   82075ms] [LOG] [Fast Refresh] done in 8ms @ webpack-internal:///(app-pages-browser)/./node_modules/@sentry/core/build/esm/instrument/console.js:53
[   82188ms] [LOG] [Fast Refresh] rebuilding @ webpack-internal:///(app-pages-browser)/./node_modules/@sentry/core/build/esm/instrument/console.js:53
[   82203ms] [LOG] [Fast Refresh] done in 16ms @ webpack-internal:///(app-pages-browser)/./node_modules/@sentry/core/build/esm/instrument/console.js:53
[   82316ms] [LOG] [Fast Refresh] rebuilding @ webpack-internal:///(app-pages-browser)/./node_modules/@sentry/core/build/esm/instrument/console.js:53
[   82323ms] [LOG] [Fast Refresh] done in 7ms @ webpack-internal:///(app-pages-browser)/./node_modules/@sentry/core/build/esm/instrument/console.js:53
[   82436ms] [LOG] [Fast Refresh] rebuilding @ webpack-internal:///(app-pages-browser)/./node_modules/@sentry/core/build/esm/instrument/console.js:53
[   82445ms] [LOG] [Fast Refresh] done in 10ms @ webpack-internal:///(app-pages-browser)/./node_modules/@sentry/core/build/esm/instrument/console.js:53
[   82559ms] [LOG] [Fast Refresh] rebuilding @ webpack-internal:///(app-pages-browser)/./node_modules/@sentry/core/build/esm/instrument/console.js:53
[   82569ms] [LOG] [Fast Refresh] done in 10ms @ webpack-internal:///(app-pages-browser)/./node_modules/@sentry/core/build/esm/instrument/console.js:53
[   82682ms] [LOG] [Fast Refresh] rebuilding @ webpack-internal:///(app-pages-browser)/./node_modules/@sentry/core/build/esm/instrument/console.js:53
[   82692ms] [LOG] [Fast Refresh] done in 11ms @ webpack-internal:///(app-pages-browser)/./node_modules/@sentry/core/build/esm/instrument/console.js:53
[   82810ms] [LOG] [Fast Refresh] rebuilding @ webpack-internal:///(app-pages-browser)/./node_modules/@sentry/core/build/esm/instrument/console.js:53
[   82821ms] [LOG] [Fast Refresh] done in 12ms @ webpack-internal:///(app-pages-browser)/./node_modules/@sentry/core/build/esm/instrument/console.js:53
[   82925ms] [LOG] [Fast Refresh] rebuilding @ webpack-internal:///(app-pages-browser)/./node_modules/@sentry/core/build/esm/instrument/console.js:53
[   82936ms] [LOG] [Fast Refresh] done in 11ms @ webpack-internal:///(app-pages-browser)/./node_modules/@sentry/core/build/esm/instrument/console.js:53
[   83048ms] [LOG] [Fast Refresh] rebuilding @ webpack-internal:///(app-pages-browser)/./node_modules/@sentry/core/build/esm/instrument/console.js:53
[   83070ms] [LOG] [Fast Refresh] done in 22ms @ webpack-internal:///(app-pages-browser)/./node_modules/@sentry/core/build/esm/instrument/console.js:53
[   83418ms] [LOG] [Fast Refresh] rebuilding @ webpack-internal:///(app-pages-browser)/./node_modules/@sentry/core/build/esm/instrument/console.js:53
[   83448ms] [LOG] [Fast Refresh] done in 31ms @ webpack-internal:///(app-pages-browser)/./node_modules/@sentry/core/build/esm/instrument/console.js:53
[   83466ms] [LOG] [Fast Refresh] rebuilding @ webpack-internal:///(app-pages-browser)/./node_modules/@sentry/core/build/esm/instrument/console.js:53
[   83698ms] [LOG] [Fast Refresh] done in 232ms @ webpack-internal:///(app-pages-browser)/./node_modules/@sentry/core/build/esm/instrument/console.js:53
[   83715ms] [LOG] [Fast Refresh] rebuilding @ webpack-internal:///(app-pages-browser)/./node_modules/@sentry/core/build/esm/instrument/console.js:53
[   83715ms] [ERROR] Failed to load resource: the server responded with a status of 500 (Internal Server Error) @ http://localhost:3000/dashboard/facturacion?tab=recibidas&_rsc=myjpi:0
[   84511ms] [ERROR] Creating a worker from 'blob:http://localhost:3000/10b5ac10-c8e2-4ea2-a581-8ba182aea13a' violates the following Content Security Policy directive: "script-src 'self' 'unsafe-inline' 'unsafe-eval' https://cdnjs.cloudflare.com https://*.sentry.io https://*.posthog.com". Note that 'worker-src' was not explicitly set, so 'script-src' is used as a fallback. The action has been blocked. @ webpack-internal:///(app-pages-browser)/./node_modules/@sentry/replay/build/npm/esm/index.js:5672
[   84518ms] [LOG] [Client Instrumentation Hook] Slow execution detected: 54ms (Note: Code download overhead is not included in this measurement) @ webpack-internal:///(app-pages-browser)/./node_modules/@sentry/core/build/esm/instrument/console.js:53
[   84547ms] [INFO] %cDownload the React DevTools for a better development experience: https://react.dev/link/react-devtools font-weight:bold @ webpack-internal:///(app-pages-browser)/./node_modules/@sentry/core/build/esm/instrument/console.js:53
[   84585ms] [LOG] [HMR] connected @ webpack-internal:///(app-pages-browser)/./node_modules/@sentry/core/build/esm/instrument/console.js:53
[   84605ms] [INFO] [analytics] NEXT_PUBLIC_POSTHOG_KEY not set — analytics disabled @ webpack-internal:///(app-pages-browser)/./node_modules/@sentry/core/build/esm/instrument/console.js:53
[   84658ms] [LOG] [Fast Refresh] rebuilding @ webpack-internal:///(app-pages-browser)/./node_modules/@sentry/core/build/esm/instrument/console.js:53
[   84788ms] [LOG] [Fast Refresh] done in 130ms @ webpack-internal:///(app-pages-browser)/./node_modules/@sentry/core/build/esm/instrument/console.js:53
[   84860ms] [LOG] [Fast Refresh] rebuilding @ webpack-internal:///(app-pages-browser)/./node_modules/@sentry/core/build/esm/instrument/console.js:53
[   84929ms] [LOG] [Fast Refresh] done in 70ms @ webpack-internal:///(app-pages-browser)/./node_modules/@sentry/core/build/esm/instrument/console.js:53
[   84981ms] [LOG] [Fast Refresh] rebuilding @ webpack-internal:///(app-pages-browser)/./node_modules/@sentry/core/build/esm/instrument/console.js:53
[   84991ms] [LOG] [Fast Refresh] done in 9ms @ webpack-internal:///(app-pages-browser)/./node_modules/@sentry/core/build/esm/instrument/console.js:53
[   85153ms] [LOG] [Fast Refresh] rebuilding @ webpack-internal:///(app-pages-browser)/./node_modules/@sentry/core/build/esm/instrument/console.js:53
[   85226ms] [LOG] [Fast Refresh] done in 73ms @ webpack-internal:///(app-pages-browser)/./node_modules/@sentry/core/build/esm/instrument/console.js:53
[   85295ms] [LOG] [Fast Refresh] rebuilding @ webpack-internal:///(app-pages-browser)/./node_modules/@sentry/core/build/esm/instrument/console.js:53
[   85380ms] [LOG] [Fast Refresh] done in 85ms @ webpack-internal:///(app-pages-browser)/./node_modules/@sentry/core/build/esm/instrument/console.js:53
[   85440ms] [LOG] [Fast Refresh] rebuilding @ webpack-internal:///(app-pages-browser)/./node_modules/@sentry/core/build/esm/instrument/console.js:53
[   85494ms] [LOG] [Fast Refresh] done in 55ms @ webpack-internal:///(app-pages-browser)/./node_modules/@sentry/core/build/esm/instrument/console.js:53
[   85535ms] [LOG] [Fast Refresh] rebuilding @ webpack-internal:///(app-pages-browser)/./node_modules/@sentry/core/build/esm/instrument/console.js:53
[   85560ms] [LOG] [Fast Refresh] done in 25ms @ webpack-internal:///(app-pages-browser)/./node_modules/@sentry/core/build/esm/instrument/console.js:53
[   85709ms] [LOG] [Fast Refresh] rebuilding @ webpack-internal:///(app-pages-browser)/./node_modules/@sentry/core/build/esm/instrument/console.js:53
[   85778ms] [LOG] [Fast Refresh] done in 70ms @ webpack-internal:///(app-pages-browser)/./node_modules/@sentry/core/build/esm/instrument/console.js:53
[   85819ms] [LOG] [Fast Refresh] rebuilding @ webpack-internal:///(app-pages-browser)/./node_modules/@sentry/core/build/esm/instrument/console.js:53
[   85826ms] [LOG] [Fast Refresh] done in 6ms @ webpack-internal:///(app-pages-browser)/./node_modules/@sentry/core/build/esm/instrument/console.js:53
[   85970ms] [LOG] [Fast Refresh] rebuilding @ webpack-internal:///(app-pages-browser)/./node_modules/@sentry/core/build/esm/instrument/console.js:53
[   86022ms] [LOG] [Fast Refresh] done in 52ms @ webpack-internal:///(app-pages-browser)/./node_modules/@sentry/core/build/esm/instrument/console.js:53
[   86090ms] NotFoundError: Failed to execute 'removeChild' on 'Node': The node to be removed is not a child of this node.
    at removeChildFromContainer (webpack-internal:///(app-pages-browser)/./node_modules/next/dist/compiled/react-dom/cjs/react-dom-client.development.js:23775:9)
    at runWithFiberInDEV (webpack-internal:///(app-pages-browser)/./node_modules/next/dist/compiled/react-dom/cjs/react-dom-client.development.js:987:30)
    at commitDeletionEffectsOnFiber (webpack-internal:///(app-pages-browser)/./node_modules/next/dist/compiled/react-dom/cjs/react-dom-client.development.js:15419:17)
    at recursivelyTraverseMutationEffects (webpack-internal:///(app-pages-browser)/./node_modules/next/dist/compiled/react-dom/cjs/react-dom-client.development.js:15693:11)
    at commitMutationEffectsOnFiber (webpack-internal:///(app-pages-browser)/./node_modules/next/dist/compiled/react-dom/cjs/react-dom-client.development.js:15729:11)
    at recursivelyTraverseMutationEffects (webpack-internal:///(app-pages-browser)/./node_modules/next/dist/compiled/react-dom/cjs/react-dom-client.development.js:15714:11)
    at commitMutationEffectsOnFiber (webpack-internal:///(app-pages-browser)/./node_modules/next/dist/compiled/react-dom/cjs/react-dom-client.development.js:16170:11)
    at recursivelyTraverseMutationEffects (webpack-internal:///(app-pages-browser)/./node_modules/next/dist/compiled/react-dom/cjs/react-dom-client.development.js:15714:11)
    at commitMutationEffectsOnFiber (webpack-internal:///(app-pages-browser)/./node_modules/next/dist/compiled/react-dom/cjs/react-dom-client.development.js:16170:11)
    at recursivelyTraverseMutationEffects (webpack-internal:///(app-pages-browser)/./node_modules/next/dist/compiled/react-dom/cjs/react-dom-client.development.js:15714:11)
    at commitMutationEffectsOnFiber (webpack-internal:///(app-pages-browser)/./node_modules/next/dist/compiled/react-dom/cjs/react-dom-client.development.js:15729:11)
    at recursivelyTraverseMutationEffects (webpack-internal:///(app-pages-browser)/./node_modules/next/dist/compiled/react-dom/cjs/react-dom-client.development.js:15714:11)
    at commitMutationEffectsOnFiber (webpack-internal:///(app-pages-browser)/./node_modules/next/dist/compiled/react-dom/cjs/react-dom-client.development.js:16170:11)
    at recursivelyTraverseMutationEffects (webpack-internal:///(app-pages-browser)/./node_modules/next/dist/compiled/react-dom/cjs/react-dom-client.development.js:15714:11)
    at commitMutationEffectsOnFiber (webpack-internal:///(app-pages-browser)/./node_modules/next/dist/compiled/react-dom/cjs/react-dom-client.development.js:15729:11)
    at recursivelyTraverseMutationEffects (webpack-internal:///(app-pages-browser)/./node_modules/next/dist/compiled/react-dom/cjs/react-dom-client.development.js:15714:11)
    at commitMutationEffectsOnFiber (webpack-internal:///(app-pages-browser)/./node_modules/next/dist/compiled/react-dom/cjs/react-dom-client.development.js:15729:11)
    at recursivelyTraverseMutationEffects (webpack-internal:///(app-pages-browser)/./node_modules/next/dist/compiled/react-dom/cjs/react-dom-client.development.js:15714:11)
    at commitMutationEffectsOnFiber (webpack-internal:///(app-pages-browser)/./node_modules/next/dist/compiled/react-dom/cjs/react-dom-client.development.js:16170:11)
    at recursivelyTraverseMutationEffects (webpack-internal:///(app-pages-browser)/./node_modules/next/dist/compiled/react-dom/cjs/react-dom-client.development.js:15714:11)
    at commitMutationEffectsOnFiber (webpack-internal:///(app-pages-browser)/./node_modules/next/dist/compiled/react-dom/cjs/react-dom-client.development.js:15729:11)
    at recursivelyTraverseMutationEffects (webpack-internal:///(app-pages-browser)/./node_modules/next/dist/compiled/react-dom/cjs/react-dom-client.development.js:15714:11)
    at commitMutationEffectsOnFiber (webpack-internal:///(app-pages-browser)/./node_modules/next/dist/compiled/react-dom/cjs/react-dom-client.development.js:15729:11)
    at recursivelyTraverseMutationEffects (webpack-internal:///(app-pages-browser)/./node_modules/next/dist/compiled/react-dom/cjs/react-dom-client.development.js:15714:11)
    at commitMutationEffectsOnFiber (webpack-internal:///(app-pages-browser)/./node_modules/next/dist/compiled/react-dom/cjs/react-dom-client.development.js:15922:11)
    at recursivelyTraverseMutationEffects (webpack-internal:///(app-pages-browser)/./node_modules/next/dist/compiled/react-dom/cjs/react-dom-client.development.js:15714:11)
    at commitMutationEffectsOnFiber (webpack-internal:///(app-pages-browser)/./node_modules/next/dist/compiled/react-dom/cjs/react-dom-client.development.js:15922:11)
    at recursivelyTraverseMutationEffects (webpack-internal:///(app-pages-browser)/./node_modules/next/dist/compiled/react-dom/cjs/react-dom-client.development.js:15714:11)
    at commitMutationEffectsOnFiber (webpack-internal:///(app-pages-browser)/./node_modules/next/dist/compiled/react-dom/cjs/react-dom-client.development.js:16170:11)
    at recursivelyTraverseMutationEffects (webpack-internal:///(app-pages-browser)/./node_modules/next/dist/compiled/react-dom/cjs/react-dom-client.development.js:15714:11)
    at commitMutationEffectsOnFiber (webpack-internal:///(app-pages-browser)/./node_modules/next/dist/compiled/react-dom/cjs/react-dom-client.development.js:15729:11)
    at recursivelyTraverseMutationEffects (webpack-internal:///(app-pages-browser)/./node_modules/next/dist/compiled/react-dom/cjs/react-dom-client.development.js:15714:11)
    at commitMutationEffectsOnFiber (webpack-internal:///(app-pages-browser)/./node_modules/next/dist/compiled/react-dom/cjs/react-dom-client.development.js:15729:11)
    at recursivelyTraverseMutationEffects (webpack-internal:///(app-pages-browser)/./node_modules/next/dist/compiled/react-dom/cjs/react-dom-client.development.js:15714:11)
    at commitMutationEffectsOnFiber (webpack-internal:///(app-pages-browser)/./node_modules/next/dist/compiled/react-dom/cjs/react-dom-client.development.js:15745:11)
    at recursivelyTraverseMutationEffects (webpack-internal:///(app-pages-browser)/./node_modules/next/dist/compiled/react-dom/cjs/react-dom-client.development.js:15714:11)
    at commitMutationEffectsOnFiber (webpack-internal:///(app-pages-browser)/./node_modules/next/dist/compiled/react-dom/cjs/react-dom-client.development.js:15729:11)
    at recursivelyTraverseMutationEffects (webpack-internal:///(app-pages-browser)/./node_modules/next/dist/compiled/react-dom/cjs/react-dom-client.development.js:15714:11)
    at commitMutationEffectsOnFiber (webpack-internal:///(app-pages-browser)/./node_modules/next/dist/compiled/react-dom/cjs/react-dom-client.development.js:15745:11)
    at recursivelyTraverseMutationEffects (webpack-internal:///(app-pages-browser)/./node_modules/next/dist/compiled/react-dom/cjs/react-dom-client.development.js:15714:11)
    at commitMutationEffectsOnFiber (webpack-internal:///(app-pages-browser)/./node_modules/next/dist/compiled/react-dom/cjs/react-dom-client.development.js:15729:11)
    at recursivelyTraverseMutationEffects (webpack-internal:///(app-pages-browser)/./node_modules/next/dist/compiled/react-dom/cjs/react-dom-client.development.js:15714:11)
    at commitMutationEffectsOnFiber (webpack-internal:///(app-pages-browser)/./node_modules/next/dist/compiled/react-dom/cjs/react-dom-client.development.js:15729:11)
    at recursivelyTraverseMutationEffects (webpack-internal:///(app-pages-browser)/./node_modules/next/dist/compiled/react-dom/cjs/react-dom-client.development.js:15714:11)
    at commitMutationEffectsOnFiber (webpack-internal:///(app-pages-browser)/./node_modules/next/dist/compiled/react-dom/cjs/react-dom-client.development.js:15745:11)
    at recursivelyTraverseMutationEffects (webpack-internal:///(app-pages-browser)/./node_modules/next/dist/compiled/react-dom/cjs/react-dom-client.development.js:15714:11)
    at commitMutationEffectsOnFiber (webpack-internal:///(app-pages-browser)/./node_modules/next/dist/compiled/react-dom/cjs/react-dom-client.development.js:15729:11)
    at recursivelyTraverseMutationEffects (webpack-internal:///(app-pages-browser)/./node_modules/next/dist/compiled/react-dom/cjs/react-dom-client.development.js:15714:11)
    at commitMutationEffectsOnFiber (webpack-internal:///(app-pages-browser)/./node_modules/next/dist/compiled/react-dom/cjs/react-dom-client.development.js:16170:11)
    at recursivelyTraverseMutationEffects (webpack-internal:///(app-pages-browser)/./node_modules/next/dist/compiled/react-dom/cjs/react-dom-client.development.js:15714:11)
[   86097ms] [LOG] [Fast Refresh] rebuilding @ webpack-internal:///(app-pages-browser)/./node_modules/@sentry/core/build/esm/instrument/console.js:53
[   86308ms] [WARNING] [Fast Refresh] performing full reload because your application had an unrecoverable error @ webpack-internal:///(app-pages-browser)/./node_modules/@sentry/core/build/esm/instrument/console.js:53
[   86620ms] [LOG] [Fast Refresh] rebuilding @ webpack-internal:///(app-pages-browser)/./node_modules/@sentry/core/build/esm/instrument/console.js:53
[   86657ms] [WARNING] [Fast Refresh] performing full reload because your application had an unrecoverable error @ webpack-internal:///(app-pages-browser)/./node_modules/@sentry/core/build/esm/instrument/console.js:53
[   86716ms] [LOG] [Fast Refresh] rebuilding @ webpack-internal:///(app-pages-browser)/./node_modules/@sentry/core/build/esm/instrument/console.js:53
[   86719ms] [LOG] [Fast Refresh] done in 3ms @ webpack-internal:///(app-pages-browser)/./node_modules/@sentry/core/build/esm/instrument/console.js:53
[   87193ms] [ERROR] Failed to load resource: the server responded with a status of 500 (Internal Server Error) @ http://localhost:3000/dashboard/facturacion?tab=recibidas&_rsc=myjpi:0
[   87446ms] [LOG] [Fast Refresh] rebuilding @ webpack-internal:///(app-pages-browser)/./node_modules/@sentry/core/build/esm/instrument/console.js:53
[   87448ms] [LOG] [Fast Refresh] rebuilding @ webpack-internal:///(app-pages-browser)/./node_modules/@sentry/core/build/esm/instrument/console.js:53
[   87506ms] [WARNING] [Fast Refresh] performing full reload because your application had an unrecoverable error @ webpack-internal:///(app-pages-browser)/./node_modules/@sentry/core/build/esm/instrument/console.js:53
[   87598ms] [WARNING] [Fast Refresh] performing full reload because your application had an unrecoverable error @ webpack-internal:///(app-pages-browser)/./node_modules/@sentry/core/build/esm/instrument/console.js:53
[   87648ms] [LOG] [Fast Refresh] rebuilding @ webpack-internal:///(app-pages-browser)/./node_modules/@sentry/core/build/esm/instrument/console.js:53
[   87659ms] [WARNING] [Fast Refresh] performing full reload because your application had an unrecoverable error @ webpack-internal:///(app-pages-browser)/./node_modules/@sentry/core/build/esm/instrument/console.js:53
[   87989ms] [ERROR] Failed to load resource: the server responded with a status of 500 (Internal Server Error) @ http://localhost:3000/dashboard/facturacion?tab=recibidas:0
[   88282ms] [INFO] %cDownload the React DevTools for a better development experience: https://react.dev/link/react-devtools font-weight:bold @ webpack-internal:///(pages-dir-browser)/./node_modules/react-dom/cjs/react-dom-client.development.js:28004
[   88318ms] [ERROR] Creating a worker from 'blob:http://localhost:3000/fec9113b-8d7a-48b3-98a0-256dd6dc67cd' violates the following Content Security Policy directive: "script-src 'self' 'unsafe-inline' 'unsafe-eval' https://cdnjs.cloudflare.com https://*.sentry.io https://*.posthog.com". Note that 'worker-src' was not explicitly set, so 'script-src' is used as a fallback. The action has been blocked. @ webpack-internal:///(pages-dir-browser)/./node_modules/@sentry/replay/build/npm/esm/index.js:5672
[   88324ms] SyntaxError: Unexpected end of JSON input
    at JSON.parse (<anonymous>)
    at loadManifest (file:///Users/daniilkonovalyukpanasyuk/enlaze/node_modules/next/dist/server/load-manifest.external.js:54:25)
    at loadManifestFromRelativePath (file:///Users/daniilkonovalyukpanasyuk/enlaze/node_modules/next/dist/server/load-manifest.external.js:111:12)
    at AppPageRouteModule.loadManifests (file:///Users/daniilkonovalyukpanasyuk/enlaze/node_modules/next/dist/compiled/next-server/app-page.runtime.dev.js:71:33979)
    at AppPageRouteModule.prepare (file:///Users/daniilkonovalyukpanasyuk/enlaze/node_modules/next/dist/compiled/next-server/app-page.runtime.dev.js:71:41329)
    at process.processTicksAndRejections (node:internal/process/task_queues:104:5)
    at async Module.handler (webpack-internal:///(rsc)/./node_modules/next/dist/build/webpack/loaders/next-app-loader/index.js?name=app%2Fdashboard%2Ffacturacion%2Fpage&page=%2Fdashboard%2Ffacturacion%2Fpage&appPaths=%2Fdashboard%2Ffacturacion%2Fpage&allNormalizedAppPaths=&pagePath=private-next-app-dir%2Fdashboard%2Ffacturacion%2Fpage.tsx&appDir=%2FUsers%2Fdaniilkonovalyukpanasyuk%2Fenlaze%2Fapp&pageExtensions=tsx&pageExtensions=ts&pageExtensions=jsx&pageExtensions=js&rootDir=%2FUsers%2Fdaniilkonovalyukpanasyuk%2Fenlaze&isDev=true&tsconfigPath=&basePath=&assetPrefix=&nextConfigOutput=&preferredRegion=&middlewareConfig=e30%3D&isGlobalNotFoundEnabled=!:253:27)
    at async DevServer.renderToResponseWithComponentsImpl (file:///Users/daniilkonovalyukpanasyuk/enlaze/node_modules/next/dist/server/base-server.js:1454:9)
    at async DevServer.renderPageComponent (file:///Users/daniilkonovalyukpanasyuk/enlaze/node_modules/next/dist/server/base-server.js:1506:24)
    at async DevServer.renderToResponseImpl (file:///Users/daniilkonovalyukpanasyuk/enlaze/node_modules/next/dist/server/base-server.js:1556:32)
    at async DevServer.pipeImpl (file:///Users/daniilkonovalyukpanasyuk/enlaze/node_modules/next/dist/server/base-server.js:1043:25)
    at async NextNodeServer.handleCatchallRenderRequest (file:///Users/daniilkonovalyukpanasyuk/enlaze/node_modules/next/dist/server/next-server.js:338:17)
    at async DevServer.handleRequestImpl (file:///Users/daniilkonovalyukpanasyuk/enlaze/node_modules/next/dist/server/base-server.js:934:17)
    at async (file:///Users/daniilkonovalyukpanasyuk/enlaze/node_modules/next/dist/server/dev/next-dev-server.js:394:20)
    at async Span.traceAsyncFn (file:///Users/daniilkonovalyukpanasyuk/enlaze/node_modules/next/dist/trace/trace.js:164:20)
    at async DevServer.handleRequest (file:///Users/daniilkonovalyukpanasyuk/enlaze/node_modules/next/dist/server/dev/next-dev-server.js:390:24)
    at async invokeRender (file:///Users/daniilkonovalyukpanasyuk/enlaze/node_modules/next/dist/server/lib/router-server.js:253:21)
    at async handleRequest (file:///Users/daniilkonovalyukpanasyuk/enlaze/node_modules/next/dist/server/lib/router-server.js:452:24)
    at async requestHandlerImpl (file:///Users/daniilkonovalyukpanasyuk/enlaze/node_modules/next/dist/server/lib/router-server.js:501:13)
    at async Server.requestListener (file:///Users/daniilkonovalyukpanasyuk/enlaze/node_modules/next/dist/server/lib/start-server.js:225:13)
[   88325ms] [LOG] [HMR] connected @ webpack-internal:///(pages-dir-browser)/./node_modules/@sentry/core/build/esm/instrument/console.js:53
[   88477ms] [LOG] [Fast Refresh] rebuilding @ webpack-internal:///(pages-dir-browser)/./node_modules/@sentry/core/build/esm/instrument/console.js:53
[   88482ms] [WARNING] [Fast Refresh] performing full reload because your application had an unrecoverable error @ webpack-internal:///(pages-dir-browser)/./node_modules/@sentry/core/build/esm/instrument/console.js:53
[   88857ms] Invalid or unexpected token
[   89379ms] [ERROR] Creating a worker from 'blob:http://localhost:3000/d23b79bc-ff82-4686-9b35-223c13d258fa' violates the following Content Security Policy directive: "script-src 'self' 'unsafe-inline' 'unsafe-eval' https://cdnjs.cloudflare.com https://*.sentry.io https://*.posthog.com". Note that 'worker-src' was not explicitly set, so 'script-src' is used as a fallback. The action has been blocked. @ webpack-internal:///(app-pages-browser)/./node_modules/@sentry/replay/build/npm/esm/index.js:5672
[   89385ms] [LOG] [Client Instrumentation Hook] Slow execution detected: 53ms (Note: Code download overhead is not included in this measurement) @ webpack-internal:///(app-pages-browser)/./node_modules/@sentry/core/build/esm/instrument/console.js:53
[   89414ms] [INFO] %cDownload the React DevTools for a better development experience: https://react.dev/link/react-devtools font-weight:bold @ webpack-internal:///(app-pages-browser)/./node_modules/@sentry/core/build/esm/instrument/console.js:53
[   89464ms] [LOG] [HMR] connected @ webpack-internal:///(app-pages-browser)/./node_modules/@sentry/core/build/esm/instrument/console.js:53
[   89515ms] [ERROR] Can't perform a React state update on a component that hasn't mounted yet. This indicates that you have a side-effect in your render function that asynchronously tries to update the component. Move this work to useEffect instead. @ webpack-internal:///(app-pages-browser)/./node_modules/@sentry/core/build/esm/instrument/console.js:53
[   89518ms] [LOG] [Fast Refresh] rebuilding @ webpack-internal:///(app-pages-browser)/./node_modules/@sentry/core/build/esm/instrument/console.js:53
[   89651ms] [LOG] [Fast Refresh] done in 134ms @ webpack-internal:///(app-pages-browser)/./node_modules/@sentry/core/build/esm/instrument/console.js:53
[   89653ms] [LOG] [Fast Refresh] rebuilding @ webpack-internal:///(app-pages-browser)/./node_modules/@sentry/core/build/esm/instrument/console.js:53
[   89722ms] [LOG] [Fast Refresh] done in 70ms @ webpack-internal:///(app-pages-browser)/./node_modules/@sentry/core/build/esm/instrument/console.js:53
[   89789ms] [LOG] [Fast Refresh] rebuilding @ webpack-internal:///(app-pages-browser)/./node_modules/@sentry/core/build/esm/instrument/console.js:53
[   89794ms] [LOG] [Fast Refresh] done in 5ms @ webpack-internal:///(app-pages-browser)/./node_modules/@sentry/core/build/esm/instrument/console.js:53
[   89914ms] [LOG] [Fast Refresh] rebuilding @ webpack-internal:///(app-pages-browser)/./node_modules/@sentry/core/build/esm/instrument/console.js:53
[   89925ms] [LOG] [Fast Refresh] done in 11ms @ webpack-internal:///(app-pages-browser)/./node_modules/@sentry/core/build/esm/instrument/console.js:53
[   90075ms] [LOG] [Fast Refresh] rebuilding @ webpack-internal:///(app-pages-browser)/./node_modules/@sentry/core/build/esm/instrument/console.js:53
[   90514ms] [LOG] [Fast Refresh] done in 438ms @ webpack-internal:///(app-pages-browser)/./node_modules/@sentry/core/build/esm/instrument/console.js:53
[   90643ms] [LOG] [Fast Refresh] rebuilding @ webpack-internal:///(app-pages-browser)/./node_modules/@sentry/core/build/esm/instrument/console.js:53
[   90650ms] [LOG] [Fast Refresh] done in 7ms @ webpack-internal:///(app-pages-browser)/./node_modules/@sentry/core/build/esm/instrument/console.js:53
[   90776ms] [LOG] [Fast Refresh] rebuilding @ webpack-internal:///(app-pages-browser)/./node_modules/@sentry/core/build/esm/instrument/console.js:53
[   90789ms] [LOG] [Fast Refresh] done in 13ms @ webpack-internal:///(app-pages-browser)/./node_modules/@sentry/core/build/esm/instrument/console.js:53
[   90913ms] [LOG] [Fast Refresh] rebuilding @ webpack-internal:///(app-pages-browser)/./node_modules/@sentry/core/build/esm/instrument/console.js:53
[   90921ms] [LOG] [Fast Refresh] done in 8ms @ webpack-internal:///(app-pages-browser)/./node_modules/@sentry/core/build/esm/instrument/console.js:53
[   91052ms] [LOG] [Fast Refresh] rebuilding @ webpack-internal:///(app-pages-browser)/./node_modules/@sentry/core/build/esm/instrument/console.js:53
[   91059ms] [LOG] [Fast Refresh] done in 7ms @ webpack-internal:///(app-pages-browser)/./node_modules/@sentry/core/build/esm/instrument/console.js:53
[   91169ms] [LOG] [Fast Refresh] rebuilding @ webpack-internal:///(app-pages-browser)/./node_modules/@sentry/core/build/esm/instrument/console.js:53
[   91189ms] [LOG] [Fast Refresh] done in 19ms @ webpack-internal:///(app-pages-browser)/./node_modules/@sentry/core/build/esm/instrument/console.js:53
[   91544ms] [LOG] [Fast Refresh] rebuilding @ webpack-internal:///(app-pages-browser)/./node_modules/@sentry/core/build/esm/instrument/console.js:53
[   91577ms] [LOG] [Fast Refresh] rebuilding @ webpack-internal:///(app-pages-browser)/./node_modules/@sentry/core/build/esm/instrument/console.js:53
[   91583ms] [LOG] [Fast Refresh] done in 6ms @ webpack-internal:///(app-pages-browser)/./node_modules/@sentry/core/build/esm/instrument/console.js:53
[   91604ms] [ERROR] Failed to load resource: the server responded with a status of 500 (Internal Server Error) @ http://localhost:3000/dashboard/facturacion?tab=recibidas&_rsc=myjpi:0
[   91617ms] [LOG] [Fast Refresh] done in 40ms @ webpack-internal:///(app-pages-browser)/./node_modules/@sentry/core/build/esm/instrument/console.js:53
[   91665ms] [LOG] [Fast Refresh] rebuilding @ webpack-internal:///(app-pages-browser)/./node_modules/@sentry/core/build/esm/instrument/console.js:53
[   92054ms] Invalid or unexpected token
[   92841ms] [ERROR] Creating a worker from 'blob:http://localhost:3000/184fb286-4434-408c-ab32-c9514916ce28' violates the following Content Security Policy directive: "script-src 'self' 'unsafe-inline' 'unsafe-eval' https://cdnjs.cloudflare.com https://*.sentry.io https://*.posthog.com". Note that 'worker-src' was not explicitly set, so 'script-src' is used as a fallback. The action has been blocked. @ webpack-internal:///(app-pages-browser)/./node_modules/@sentry/replay/build/npm/esm/index.js:5672
[   92847ms] [LOG] [Client Instrumentation Hook] Slow execution detected: 49ms (Note: Code download overhead is not included in this measurement) @ webpack-internal:///(app-pages-browser)/./node_modules/@sentry/core/build/esm/instrument/console.js:53
[   92875ms] [INFO] %cDownload the React DevTools for a better development experience: https://react.dev/link/react-devtools font-weight:bold @ webpack-internal:///(app-pages-browser)/./node_modules/@sentry/core/build/esm/instrument/console.js:53
[   92920ms] [LOG] [HMR] connected @ webpack-internal:///(app-pages-browser)/./node_modules/@sentry/core/build/esm/instrument/console.js:53
[   92960ms] [ERROR] Can't perform a React state update on a component that hasn't mounted yet. This indicates that you have a side-effect in your render function that asynchronously tries to update the component. Move this work to useEffect instead. @ webpack-internal:///(app-pages-browser)/./node_modules/@sentry/core/build/esm/instrument/console.js:53
[   92963ms] [LOG] [Fast Refresh] rebuilding @ webpack-internal:///(app-pages-browser)/./node_modules/@sentry/core/build/esm/instrument/console.js:53
[   93148ms] [LOG] [Fast Refresh] done in 185ms @ webpack-internal:///(app-pages-browser)/./node_modules/@sentry/core/build/esm/instrument/console.js:53
[   93155ms] [LOG] [Fast Refresh] rebuilding @ webpack-internal:///(app-pages-browser)/./node_modules/@sentry/core/build/esm/instrument/console.js:53
[   93163ms] [LOG] [Fast Refresh] done in 8ms @ webpack-internal:///(app-pages-browser)/./node_modules/@sentry/core/build/esm/instrument/console.js:53
[   93288ms] [LOG] [Fast Refresh] rebuilding @ webpack-internal:///(app-pages-browser)/./node_modules/@sentry/core/build/esm/instrument/console.js:53
[   93296ms] [LOG] [Fast Refresh] done in 8ms @ webpack-internal:///(app-pages-browser)/./node_modules/@sentry/core/build/esm/instrument/console.js:53
[   93435ms] [LOG] [Fast Refresh] rebuilding @ webpack-internal:///(app-pages-browser)/./node_modules/@sentry/core/build/esm/instrument/console.js:53
[   93493ms] [LOG] [Fast Refresh] done in 57ms @ webpack-internal:///(app-pages-browser)/./node_modules/@sentry/core/build/esm/instrument/console.js:53
[   93638ms] [LOG] [Fast Refresh] rebuilding @ webpack-internal:///(app-pages-browser)/./node_modules/@sentry/core/build/esm/instrument/console.js:53
[   94007ms] [LOG] [Fast Refresh] done in 370ms @ webpack-internal:///(app-pages-browser)/./node_modules/@sentry/core/build/esm/instrument/console.js:53
[   94157ms] [LOG] [Fast Refresh] rebuilding @ webpack-internal:///(app-pages-browser)/./node_modules/@sentry/core/build/esm/instrument/console.js:53
[   94175ms] [LOG] [Fast Refresh] done in 17ms @ webpack-internal:///(app-pages-browser)/./node_modules/@sentry/core/build/esm/instrument/console.js:53
[   94301ms] [LOG] [Fast Refresh] rebuilding @ webpack-internal:///(app-pages-browser)/./node_modules/@sentry/core/build/esm/instrument/console.js:53
[   94313ms] [LOG] [Fast Refresh] done in 12ms @ webpack-internal:///(app-pages-browser)/./node_modules/@sentry/core/build/esm/instrument/console.js:53
[   94432ms] [LOG] [Fast Refresh] rebuilding @ webpack-internal:///(app-pages-browser)/./node_modules/@sentry/core/build/esm/instrument/console.js:53
[   94441ms] [LOG] [Fast Refresh] done in 9ms @ webpack-internal:///(app-pages-browser)/./node_modules/@sentry/core/build/esm/instrument/console.js:53
[   94564ms] [LOG] [Fast Refresh] rebuilding @ webpack-internal:///(app-pages-browser)/./node_modules/@sentry/core/build/esm/instrument/console.js:53
[   94572ms] [LOG] [Fast Refresh] done in 9ms @ webpack-internal:///(app-pages-browser)/./node_modules/@sentry/core/build/esm/instrument/console.js:53
[   94693ms] [LOG] [Fast Refresh] rebuilding @ webpack-internal:///(app-pages-browser)/./node_modules/@sentry/core/build/esm/instrument/console.js:53
[   94708ms] [LOG] [Fast Refresh] done in 15ms @ webpack-internal:///(app-pages-browser)/./node_modules/@sentry/core/build/esm/instrument/console.js:53
[   94818ms] [LOG] [Fast Refresh] rebuilding @ webpack-internal:///(app-pages-browser)/./node_modules/@sentry/core/build/esm/instrument/console.js:53
[   94827ms] [LOG] [Fast Refresh] done in 9ms @ webpack-internal:///(app-pages-browser)/./node_modules/@sentry/core/build/esm/instrument/console.js:53
[   94952ms] [LOG] [Fast Refresh] rebuilding @ webpack-internal:///(app-pages-browser)/./node_modules/@sentry/core/build/esm/instrument/console.js:53
[   94967ms] [LOG] [Fast Refresh] done in 14ms @ webpack-internal:///(app-pages-browser)/./node_modules/@sentry/core/build/esm/instrument/console.js:53
[   95074ms] [LOG] [Fast Refresh] rebuilding @ webpack-internal:///(app-pages-browser)/./node_modules/@sentry/core/build/esm/instrument/console.js:53
[   95083ms] [LOG] [Fast Refresh] done in 9ms @ webpack-internal:///(app-pages-browser)/./node_modules/@sentry/core/build/esm/instrument/console.js:53
[   95200ms] [LOG] [Fast Refresh] rebuilding @ webpack-internal:///(app-pages-browser)/./node_modules/@sentry/core/build/esm/instrument/console.js:53
[   95206ms] [LOG] [Fast Refresh] done in 6ms @ webpack-internal:///(app-pages-browser)/./node_modules/@sentry/core/build/esm/instrument/console.js:53
[   95326ms] [LOG] [Fast Refresh] rebuilding @ webpack-internal:///(app-pages-browser)/./node_modules/@sentry/core/build/esm/instrument/console.js:53
[   95384ms] [LOG] [Fast Refresh] done in 58ms @ webpack-internal:///(app-pages-browser)/./node_modules/@sentry/core/build/esm/instrument/console.js:53
[   95450ms] [LOG] [Fast Refresh] rebuilding @ webpack-internal:///(app-pages-browser)/./node_modules/@sentry/core/build/esm/instrument/console.js:53
[   95459ms] [LOG] [Fast Refresh] done in 9ms @ webpack-internal:///(app-pages-browser)/./node_modules/@sentry/core/build/esm/instrument/console.js:53
[   95571ms] [LOG] [Fast Refresh] rebuilding @ webpack-internal:///(app-pages-browser)/./node_modules/@sentry/core/build/esm/instrument/console.js:53
[   95581ms] [LOG] [Fast Refresh] done in 10ms @ webpack-internal:///(app-pages-browser)/./node_modules/@sentry/core/build/esm/instrument/console.js:53
[   95696ms] [LOG] [Fast Refresh] rebuilding @ webpack-internal:///(app-pages-browser)/./node_modules/@sentry/core/build/esm/instrument/console.js:53
[   95759ms] [LOG] [Fast Refresh] done in 63ms @ webpack-internal:///(app-pages-browser)/./node_modules/@sentry/core/build/esm/instrument/console.js:53
[   95822ms] [LOG] [Fast Refresh] rebuilding @ webpack-internal:///(app-pages-browser)/./node_modules/@sentry/core/build/esm/instrument/console.js:53
[   95830ms] [LOG] [Fast Refresh] done in 8ms @ webpack-internal:///(app-pages-browser)/./node_modules/@sentry/core/build/esm/instrument/console.js:53
[   95946ms] [LOG] [Fast Refresh] rebuilding @ webpack-internal:///(app-pages-browser)/./node_modules/@sentry/core/build/esm/instrument/console.js:53
[   95962ms] [LOG] [Fast Refresh] done in 17ms @ webpack-internal:///(app-pages-browser)/./node_modules/@sentry/core/build/esm/instrument/console.js:53
[   96072ms] [LOG] [Fast Refresh] rebuilding @ webpack-internal:///(app-pages-browser)/./node_modules/@sentry/core/build/esm/instrument/console.js:53
[   96086ms] [LOG] [Fast Refresh] done in 13ms @ webpack-internal:///(app-pages-browser)/./node_modules/@sentry/core/build/esm/instrument/console.js:53
[   96276ms] [LOG] [Fast Refresh] rebuilding @ webpack-internal:///(app-pages-browser)/./node_modules/@sentry/core/build/esm/instrument/console.js:53
[   96291ms] [LOG] [Fast Refresh] done in 16ms @ webpack-internal:///(app-pages-browser)/./node_modules/@sentry/core/build/esm/instrument/console.js:53
[   96537ms] [LOG] [Fast Refresh] rebuilding @ webpack-internal:///(app-pages-browser)/./node_modules/@sentry/core/build/esm/instrument/console.js:53
[   96550ms] [LOG] [Fast Refresh] done in 14ms @ webpack-internal:///(app-pages-browser)/./node_modules/@sentry/core/build/esm/instrument/console.js:53
[   96682ms] [LOG] [Fast Refresh] rebuilding @ webpack-internal:///(app-pages-browser)/./node_modules/@sentry/core/build/esm/instrument/console.js:53
[   96690ms] [LOG] [Fast Refresh] done in 9ms @ webpack-internal:///(app-pages-browser)/./node_modules/@sentry/core/build/esm/instrument/console.js:53
[   96815ms] [LOG] [Fast Refresh] rebuilding @ webpack-internal:///(app-pages-browser)/./node_modules/@sentry/core/build/esm/instrument/console.js:53
[   96827ms] [LOG] [Fast Refresh] done in 12ms @ webpack-internal:///(app-pages-browser)/./node_modules/@sentry/core/build/esm/instrument/console.js:53
[   96932ms] [LOG] [Fast Refresh] rebuilding @ webpack-internal:///(app-pages-browser)/./node_modules/@sentry/core/build/esm/instrument/console.js:53
[   96952ms] [LOG] [Fast Refresh] done in 20ms @ webpack-internal:///(app-pages-browser)/./node_modules/@sentry/core/build/esm/instrument/console.js:53
[   97257ms] [LOG] [Fast Refresh] rebuilding @ webpack-internal:///(app-pages-browser)/./node_modules/@sentry/core/build/esm/instrument/console.js:53
[   97287ms] [LOG] [Fast Refresh] done in 30ms @ webpack-internal:///(app-pages-browser)/./node_modules/@sentry/core/build/esm/instrument/console.js:53
[   97318ms] [LOG] [Fast Refresh] rebuilding @ webpack-internal:///(app-pages-browser)/./node_modules/@sentry/core/build/esm/instrument/console.js:53
[   97319ms] [LOG] [Fast Refresh] done in 1ms @ webpack-internal:///(app-pages-browser)/./node_modules/@sentry/core/build/esm/instrument/console.js:53
[   97335ms] [ERROR] Failed to load resource: the server responded with a status of 500 (Internal Server Error) @ http://localhost:3000/dashboard/facturacion?tab=recibidas&_rsc=myjpi:0
[   97391ms] [LOG] [Fast Refresh] rebuilding @ webpack-internal:///(app-pages-browser)/./node_modules/@sentry/core/build/esm/instrument/console.js:53
[   97545ms] [LOG] [Fast Refresh] done in 155ms @ webpack-internal:///(app-pages-browser)/./node_modules/@sentry/core/build/esm/instrument/console.js:53
[   97710ms] [LOG] [Fast Refresh] rebuilding @ webpack-internal:///(app-pages-browser)/./node_modules/@sentry/core/build/esm/instrument/console.js:53
[   98457ms] [ERROR] Creating a worker from 'blob:http://localhost:3000/acc48eab-04d2-48a1-a3e7-bd3337e1b7e3' violates the following Content Security Policy directive: "script-src 'self' 'unsafe-inline' 'unsafe-eval' https://cdnjs.cloudflare.com https://*.sentry.io https://*.posthog.com". Note that 'worker-src' was not explicitly set, so 'script-src' is used as a fallback. The action has been blocked. @ webpack-internal:///(app-pages-browser)/./node_modules/@sentry/replay/build/npm/esm/index.js:5672
[   98464ms] [LOG] [Client Instrumentation Hook] Slow execution detected: 60ms (Note: Code download overhead is not included in this measurement) @ webpack-internal:///(app-pages-browser)/./node_modules/@sentry/core/build/esm/instrument/console.js:53
[   98498ms] [INFO] %cDownload the React DevTools for a better development experience: https://react.dev/link/react-devtools font-weight:bold @ webpack-internal:///(app-pages-browser)/./node_modules/@sentry/core/build/esm/instrument/console.js:53
[   98567ms] [LOG] [HMR] connected @ webpack-internal:///(app-pages-browser)/./node_modules/@sentry/core/build/esm/instrument/console.js:53
[   98588ms] [INFO] [analytics] NEXT_PUBLIC_POSTHOG_KEY not set — analytics disabled @ webpack-internal:///(app-pages-browser)/./node_modules/@sentry/core/build/esm/instrument/console.js:53
[   98772ms] [LOG] [Fast Refresh] rebuilding @ webpack-internal:///(app-pages-browser)/./node_modules/@sentry/core/build/esm/instrument/console.js:53
[   98871ms] [LOG] [Fast Refresh] done in 100ms @ webpack-internal:///(app-pages-browser)/./node_modules/@sentry/core/build/esm/instrument/console.js:53
[   99121ms] [LOG] [Fast Refresh] rebuilding @ webpack-internal:///(app-pages-browser)/./node_modules/@sentry/core/build/esm/instrument/console.js:53
[   99129ms] [LOG] [Fast Refresh] rebuilding @ webpack-internal:///(app-pages-browser)/./node_modules/@sentry/core/build/esm/instrument/console.js:53
[   99146ms] [LOG] [Fast Refresh] done in 16ms @ webpack-internal:///(app-pages-browser)/./node_modules/@sentry/core/build/esm/instrument/console.js:53
[   99188ms] [LOG] [Fast Refresh] done in 59ms @ webpack-internal:///(app-pages-browser)/./node_modules/@sentry/core/build/esm/instrument/console.js:53
[   99413ms] [ERROR] Failed to load resource: the server responded with a status of 500 (Internal Server Error) @ http://localhost:3000/api/prices/n8n-sync?active=1:0
[   99507ms] [LOG] [Fast Refresh] rebuilding @ webpack-internal:///(app-pages-browser)/./node_modules/@sentry/core/build/esm/instrument/console.js:53
[   99515ms] [LOG] [Fast Refresh] done in 8ms @ webpack-internal:///(app-pages-browser)/./node_modules/@sentry/core/build/esm/instrument/console.js:53
[   99604ms] [LOG] [Fast Refresh] rebuilding @ webpack-internal:///(app-pages-browser)/./node_modules/@sentry/core/build/esm/instrument/console.js:53
[   99610ms] [LOG] [Fast Refresh] done in 5ms @ webpack-internal:///(app-pages-browser)/./node_modules/@sentry/core/build/esm/instrument/console.js:53
[   99696ms] [LOG] [Fast Refresh] rebuilding @ webpack-internal:///(app-pages-browser)/./node_modules/@sentry/core/build/esm/instrument/console.js:53
[   99703ms] [LOG] [Fast Refresh] done in 8ms @ webpack-internal:///(app-pages-browser)/./node_modules/@sentry/core/build/esm/instrument/console.js:53
[   99786ms] [LOG] [Fast Refresh] rebuilding @ webpack-internal:///(app-pages-browser)/./node_modules/@sentry/core/build/esm/instrument/console.js:53
[   99878ms] [LOG] [Fast Refresh] done in 91ms @ webpack-internal:///(app-pages-browser)/./node_modules/@sentry/core/build/esm/instrument/console.js:53
[   99879ms] [LOG] [Fast Refresh] rebuilding @ webpack-internal:///(app-pages-browser)/./node_modules/@sentry/core/build/esm/instrument/console.js:53
[   99974ms] [LOG] [Fast Refresh] done in 95ms @ webpack-internal:///(app-pages-browser)/./node_modules/@sentry/core/build/esm/instrument/console.js:53
[   99976ms] [LOG] [Fast Refresh] rebuilding @ webpack-internal:///(app-pages-browser)/./node_modules/@sentry/core/build/esm/instrument/console.js:53
[  100067ms] [LOG] [Fast Refresh] done in 92ms @ webpack-internal:///(app-pages-browser)/./node_modules/@sentry/core/build/esm/instrument/console.js:53
[  100117ms] [LOG] [Fast Refresh] rebuilding @ webpack-internal:///(app-pages-browser)/./node_modules/@sentry/core/build/esm/instrument/console.js:53
[  100299ms] [LOG] [Fast Refresh] done in 182ms @ webpack-internal:///(app-pages-browser)/./node_modules/@sentry/core/build/esm/instrument/console.js:53
[  100300ms] [LOG] [Fast Refresh] rebuilding @ webpack-internal:///(app-pages-browser)/./node_modules/@sentry/core/build/esm/instrument/console.js:53
[  100389ms] [LOG] [Fast Refresh] done in 89ms @ webpack-internal:///(app-pages-browser)/./node_modules/@sentry/core/build/esm/instrument/console.js:53
[  100391ms] [LOG] [Fast Refresh] rebuilding @ webpack-internal:///(app-pages-browser)/./node_modules/@sentry/core/build/esm/instrument/console.js:53
[  100499ms] [LOG] [Fast Refresh] done in 109ms @ webpack-internal:///(app-pages-browser)/./node_modules/@sentry/core/build/esm/instrument/console.js:53
[  100500ms] [LOG] [Fast Refresh] rebuilding @ webpack-internal:///(app-pages-browser)/./node_modules/@sentry/core/build/esm/instrument/console.js:53
[  100772ms] [LOG] [Fast Refresh] rebuilding @ webpack-internal:///(app-pages-browser)/./node_modules/@sentry/core/build/esm/instrument/console.js:53
[  100773ms] [LOG] [Fast Refresh] done in 0ms @ webpack-internal:///(app-pages-browser)/./node_modules/@sentry/core/build/esm/instrument/console.js:53
[  100792ms] [LOG] [Fast Refresh] rebuilding @ webpack-internal:///(app-pages-browser)/./node_modules/@sentry/core/build/esm/instrument/console.js:53
[  100823ms] [LOG] [Fast Refresh] done in 31ms @ webpack-internal:///(app-pages-browser)/./node_modules/@sentry/core/build/esm/instrument/console.js:53
[  100840ms] [ERROR] Failed to load resource: the server responded with a status of 500 (Internal Server Error) @ http://localhost:3000/dashboard/facturacion?tab=recibidas&_rsc=myjpi:0
[  100841ms] [ERROR] Failed to load resource: the server responded with a status of 500 (Internal Server Error) @ http://localhost:3000/dashboard/facturacion?tab=recibidas&_rsc=myjpi:0
[  100842ms] [LOG] [Fast Refresh] rebuilding @ webpack-internal:///(app-pages-browser)/./node_modules/@sentry/core/build/esm/instrument/console.js:53
[  100935ms] [LOG] [Fast Refresh] done in 93ms @ webpack-internal:///(app-pages-browser)/./node_modules/@sentry/core/build/esm/instrument/console.js:53
[  101019ms] [LOG] [Fast Refresh] rebuilding @ webpack-internal:///(app-pages-browser)/./node_modules/@sentry/core/build/esm/instrument/console.js:53
[  101034ms] [LOG] [Fast Refresh] done in 15ms @ webpack-internal:///(app-pages-browser)/./node_modules/@sentry/core/build/esm/instrument/console.js:53
[  101044ms] [LOG] [Fast Refresh] rebuilding @ webpack-internal:///(app-pages-browser)/./node_modules/@sentry/core/build/esm/instrument/console.js:53
[  101261ms] [LOG] [Fast Refresh] done in 217ms @ webpack-internal:///(app-pages-browser)/./node_modules/@sentry/core/build/esm/instrument/console.js:53
[  101636ms] [ERROR] Failed to load resource: the server responded with a status of 500 (Internal Server Error) @ http://localhost:3000/dashboard/facturacion?tab=recibidas&_rsc=myjpi:0
[  101730ms] [LOG] [Fast Refresh] done in 686ms @ webpack-internal:///(app-pages-browser)/./node_modules/@sentry/core/build/esm/instrument/console.js:53
[  101734ms] [LOG] [Fast Refresh] rebuilding @ webpack-internal:///(app-pages-browser)/./node_modules/@sentry/core/build/esm/instrument/console.js:53
[  102033ms] [LOG] [Fast Refresh] done in 299ms @ webpack-internal:///(app-pages-browser)/./node_modules/@sentry/core/build/esm/instrument/console.js:53
[  102095ms] [LOG] [Fast Refresh] rebuilding @ webpack-internal:///(app-pages-browser)/./node_modules/@sentry/core/build/esm/instrument/console.js:53
[  102315ms] [LOG] [Fast Refresh] done in 220ms @ webpack-internal:///(app-pages-browser)/./node_modules/@sentry/core/build/esm/instrument/console.js:53
[  102396ms] [LOG] [Fast Refresh] rebuilding @ webpack-internal:///(app-pages-browser)/./node_modules/@sentry/core/build/esm/instrument/console.js:53
[  102502ms] [LOG] [Fast Refresh] done in 106ms @ webpack-internal:///(app-pages-browser)/./node_modules/@sentry/core/build/esm/instrument/console.js:53
[  102504ms] [LOG] [Fast Refresh] rebuilding @ webpack-internal:///(app-pages-browser)/./node_modules/@sentry/core/build/esm/instrument/console.js:53
[  102645ms] [LOG] [Fast Refresh] done in 141ms @ webpack-internal:///(app-pages-browser)/./node_modules/@sentry/core/build/esm/instrument/console.js:53
[  102645ms] [LOG] [Fast Refresh] rebuilding @ webpack-internal:///(app-pages-browser)/./node_modules/@sentry/core/build/esm/instrument/console.js:53
[  102970ms] [LOG] [Fast Refresh] done in 325ms @ webpack-internal:///(app-pages-browser)/./node_modules/@sentry/core/build/esm/instrument/console.js:53
[  102971ms] [LOG] [Fast Refresh] rebuilding @ webpack-internal:///(app-pages-browser)/./node_modules/@sentry/core/build/esm/instrument/console.js:53
[  103025ms] [LOG] [Fast Refresh] rebuilding @ webpack-internal:///(app-pages-browser)/./node_modules/@sentry/core/build/esm/instrument/console.js:53
[  103027ms] [LOG] [Fast Refresh] done in 2ms @ webpack-internal:///(app-pages-browser)/./node_modules/@sentry/core/build/esm/instrument/console.js:53
[  103342ms] [ERROR] Failed to load resource: the server responded with a status of 500 (Internal Server Error) @ http://localhost:3000/dashboard/facturacion?tab=recibidas:0
[  103956ms] [INFO] %cDownload the React DevTools for a better development experience: https://react.dev/link/react-devtools font-weight:bold @ webpack-internal:///(pages-dir-browser)/./node_modules/react-dom/cjs/react-dom-client.development.js:28004
[  103995ms] [ERROR] Creating a worker from 'blob:http://localhost:3000/a82f2cfd-4e2c-4836-9db2-ce173380a038' violates the following Content Security Policy directive: "script-src 'self' 'unsafe-inline' 'unsafe-eval' https://cdnjs.cloudflare.com https://*.sentry.io https://*.posthog.com". Note that 'worker-src' was not explicitly set, so 'script-src' is used as a fallback. The action has been blocked. @ webpack-internal:///(pages-dir-browser)/./node_modules/@sentry/replay/build/npm/esm/index.js:5672
[  103999ms] SyntaxError: Unexpected end of JSON input
    at JSON.parse (<anonymous>)
    at loadManifest (file:///Users/daniilkonovalyukpanasyuk/enlaze/node_modules/next/dist/server/load-manifest.external.js:54:25)
    at DevServer.getNextFontManifest (file:///Users/daniilkonovalyukpanasyuk/enlaze/node_modules/next/dist/server/next-server.js:867:55)
    at DevServer.findPageComponents (file:///Users/daniilkonovalyukpanasyuk/enlaze/node_modules/next/dist/server/dev/next-dev-server.js:703:39)
    at process.processTicksAndRejections (node:internal/process/task_queues:104:5)
    at async DevServer.renderPageComponent (file:///Users/daniilkonovalyukpanasyuk/enlaze/node_modules/next/dist/server/base-server.js:1492:24)
    at async DevServer.renderToResponseImpl (file:///Users/daniilkonovalyukpanasyuk/enlaze/node_modules/next/dist/server/base-server.js:1556:32)
    at async DevServer.pipeImpl (file:///Users/daniilkonovalyukpanasyuk/enlaze/node_modules/next/dist/server/base-server.js:1043:25)
    at async NextNodeServer.handleCatchallRenderRequest (file:///Users/daniilkonovalyukpanasyuk/enlaze/node_modules/next/dist/server/next-server.js:338:17)
    at async DevServer.handleRequestImpl (file:///Users/daniilkonovalyukpanasyuk/enlaze/node_modules/next/dist/server/base-server.js:934:17)
    at async (file:///Users/daniilkonovalyukpanasyuk/enlaze/node_modules/next/dist/server/dev/next-dev-server.js:394:20)
    at async Span.traceAsyncFn (file:///Users/daniilkonovalyukpanasyuk/enlaze/node_modules/next/dist/trace/trace.js:164:20)
    at async DevServer.handleRequest (file:///Users/daniilkonovalyukpanasyuk/enlaze/node_modules/next/dist/server/dev/next-dev-server.js:390:24)
    at async invokeRender (file:///Users/daniilkonovalyukpanasyuk/enlaze/node_modules/next/dist/server/lib/router-server.js:253:21)
    at async handleRequest (file:///Users/daniilkonovalyukpanasyuk/enlaze/node_modules/next/dist/server/lib/router-server.js:452:24)
    at async requestHandlerImpl (file:///Users/daniilkonovalyukpanasyuk/enlaze/node_modules/next/dist/server/lib/router-server.js:501:13)
    at async Server.requestListener (file:///Users/daniilkonovalyukpanasyuk/enlaze/node_modules/next/dist/server/lib/start-server.js:225:13)
[  103999ms] [LOG] [HMR] connected @ webpack-internal:///(pages-dir-browser)/./node_modules/@sentry/core/build/esm/instrument/console.js:53
[  104187ms] [LOG] [Fast Refresh] rebuilding @ webpack-internal:///(pages-dir-browser)/./node_modules/@sentry/core/build/esm/instrument/console.js:53
[  104198ms] [WARNING] [Fast Refresh] performing full reload because your application had an unrecoverable error @ webpack-internal:///(pages-dir-browser)/./node_modules/@sentry/core/build/esm/instrument/console.js:53
[  104297ms] [LOG] [Fast Refresh] rebuilding @ webpack-internal:///(pages-dir-browser)/./node_modules/@sentry/core/build/esm/instrument/console.js:53
[  104314ms] [WARNING] [Fast Refresh] performing full reload because your application had an unrecoverable error @ webpack-internal:///(pages-dir-browser)/./node_modules/@sentry/core/build/esm/instrument/console.js:53
[  104624ms] [LOG] [Fast Refresh] rebuilding @ webpack-internal:///(pages-dir-browser)/./node_modules/@sentry/core/build/esm/instrument/console.js:53
[  104640ms] [WARNING] [Fast Refresh] performing full reload because your application had an unrecoverable error @ webpack-internal:///(pages-dir-browser)/./node_modules/@sentry/core/build/esm/instrument/console.js:53
[  104678ms] [LOG] [Fast Refresh] rebuilding @ webpack-internal:///(pages-dir-browser)/./node_modules/@sentry/core/build/esm/instrument/console.js:53
[  104747ms] [WARNING] [Fast Refresh] performing full reload because your application had an unrecoverable error @ webpack-internal:///(pages-dir-browser)/./node_modules/@sentry/core/build/esm/instrument/console.js:53
[  105267ms] [ERROR] Failed to load resource: the server responded with a status of 500 (Internal Server Error) @ http://localhost:3000/dashboard/facturacion?tab=recibidas:0
[  105933ms] [INFO] %cDownload the React DevTools for a better development experience: https://react.dev/link/react-devtools font-weight:bold @ webpack-internal:///(pages-dir-browser)/./node_modules/react-dom/cjs/react-dom-client.development.js:28004
[  105968ms] [ERROR] Creating a worker from 'blob:http://localhost:3000/a9d4d5e4-d677-4b64-b047-f67d136ce3cb' violates the following Content Security Policy directive: "script-src 'self' 'unsafe-inline' 'unsafe-eval' https://cdnjs.cloudflare.com https://*.sentry.io https://*.posthog.com". Note that 'worker-src' was not explicitly set, so 'script-src' is used as a fallback. The action has been blocked. @ webpack-internal:///(pages-dir-browser)/./node_modules/@sentry/replay/build/npm/esm/index.js:5672
[  105972ms] SyntaxError: Unexpected end of JSON input
    at JSON.parse (<anonymous>)
    at loadManifest (file:///Users/daniilkonovalyukpanasyuk/enlaze/node_modules/next/dist/server/load-manifest.external.js:54:25)
    at DevServer.getNextFontManifest (file:///Users/daniilkonovalyukpanasyuk/enlaze/node_modules/next/dist/server/next-server.js:867:55)
    at DevServer.findPageComponents (file:///Users/daniilkonovalyukpanasyuk/enlaze/node_modules/next/dist/server/dev/next-dev-server.js:703:39)
    at process.processTicksAndRejections (node:internal/process/task_queues:104:5)
    at async DevServer.renderPageComponent (file:///Users/daniilkonovalyukpanasyuk/enlaze/node_modules/next/dist/server/base-server.js:1492:24)
    at async DevServer.renderToResponseImpl (file:///Users/daniilkonovalyukpanasyuk/enlaze/node_modules/next/dist/server/base-server.js:1556:32)
    at async DevServer.pipeImpl (file:///Users/daniilkonovalyukpanasyuk/enlaze/node_modules/next/dist/server/base-server.js:1043:25)
    at async NextNodeServer.handleCatchallRenderRequest (file:///Users/daniilkonovalyukpanasyuk/enlaze/node_modules/next/dist/server/next-server.js:338:17)
    at async DevServer.handleRequestImpl (file:///Users/daniilkonovalyukpanasyuk/enlaze/node_modules/next/dist/server/base-server.js:934:17)
    at async (file:///Users/daniilkonovalyukpanasyuk/enlaze/node_modules/next/dist/server/dev/next-dev-server.js:394:20)
    at async Span.traceAsyncFn (file:///Users/daniilkonovalyukpanasyuk/enlaze/node_modules/next/dist/trace/trace.js:164:20)
    at async DevServer.handleRequest (file:///Users/daniilkonovalyukpanasyuk/enlaze/node_modules/next/dist/server/dev/next-dev-server.js:390:24)
    at async invokeRender (file:///Users/daniilkonovalyukpanasyuk/enlaze/node_modules/next/dist/server/lib/router-server.js:253:21)
    at async handleRequest (file:///Users/daniilkonovalyukpanasyuk/enlaze/node_modules/next/dist/server/lib/router-server.js:452:24)
    at async requestHandlerImpl (file:///Users/daniilkonovalyukpanasyuk/enlaze/node_modules/next/dist/server/lib/router-server.js:501:13)
    at async Server.requestListener (file:///Users/daniilkonovalyukpanasyuk/enlaze/node_modules/next/dist/server/lib/start-server.js:225:13)
[  106015ms] [LOG] [HMR] connected @ webpack-internal:///(pages-dir-browser)/./node_modules/@sentry/core/build/esm/instrument/console.js:53
[  106087ms] [LOG] [Fast Refresh] rebuilding @ webpack-internal:///(pages-dir-browser)/./node_modules/@sentry/core/build/esm/instrument/console.js:53
[  106515ms] Invalid or unexpected token
[  107002ms] [ERROR] Creating a worker from 'blob:http://localhost:3000/62cb1ed8-7dee-474f-93c7-7cf76406404a' violates the following Content Security Policy directive: "script-src 'self' 'unsafe-inline' 'unsafe-eval' https://cdnjs.cloudflare.com https://*.sentry.io https://*.posthog.com". Note that 'worker-src' was not explicitly set, so 'script-src' is used as a fallback. The action has been blocked. @ webpack-internal:///(app-pages-browser)/./node_modules/@sentry/replay/build/npm/esm/index.js:5672
[  107010ms] [LOG] [Client Instrumentation Hook] Slow execution detected: 55ms (Note: Code download overhead is not included in this measurement) @ webpack-internal:///(app-pages-browser)/./node_modules/@sentry/core/build/esm/instrument/console.js:53
[  107040ms] [INFO] %cDownload the React DevTools for a better development experience: https://react.dev/link/react-devtools font-weight:bold @ webpack-internal:///(app-pages-browser)/./node_modules/@sentry/core/build/esm/instrument/console.js:53
[  107091ms] [LOG] [HMR] connected @ webpack-internal:///(app-pages-browser)/./node_modules/@sentry/core/build/esm/instrument/console.js:53
[  107124ms] [ERROR] Can't perform a React state update on a component that hasn't mounted yet. This indicates that you have a side-effect in your render function that asynchronously tries to update the component. Move this work to useEffect instead. @ webpack-internal:///(app-pages-browser)/./node_modules/@sentry/core/build/esm/instrument/console.js:53
[  107128ms] [LOG] [Fast Refresh] rebuilding @ webpack-internal:///(app-pages-browser)/./node_modules/@sentry/core/build/esm/instrument/console.js:53
[  107347ms] [LOG] [Fast Refresh] done in 218ms @ webpack-internal:///(app-pages-browser)/./node_modules/@sentry/core/build/esm/instrument/console.js:53
[  107347ms] [LOG] [Fast Refresh] rebuilding @ webpack-internal:///(app-pages-browser)/./node_modules/@sentry/core/build/esm/instrument/console.js:53
[  107415ms] [LOG] [Fast Refresh] done in 67ms @ webpack-internal:///(app-pages-browser)/./node_modules/@sentry/core/build/esm/instrument/console.js:53
[  107415ms] [LOG] [Fast Refresh] rebuilding @ webpack-internal:///(app-pages-browser)/./node_modules/@sentry/core/build/esm/instrument/console.js:53
[  107573ms] [LOG] [Fast Refresh] done in 157ms @ webpack-internal:///(app-pages-browser)/./node_modules/@sentry/core/build/esm/instrument/console.js:53
[  107574ms] [LOG] [Fast Refresh] rebuilding @ webpack-internal:///(app-pages-browser)/./node_modules/@sentry/core/build/esm/instrument/console.js:53
[  107680ms] [LOG] [Fast Refresh] done in 107ms @ webpack-internal:///(app-pages-browser)/./node_modules/@sentry/core/build/esm/instrument/console.js:53
[  107730ms] [LOG] [Fast Refresh] rebuilding @ webpack-internal:///(app-pages-browser)/./node_modules/@sentry/core/build/esm/instrument/console.js:53
[  107734ms] [LOG] [Fast Refresh] done in 5ms @ webpack-internal:///(app-pages-browser)/./node_modules/@sentry/core/build/esm/instrument/console.js:53
[  107855ms] [LOG] [Fast Refresh] rebuilding @ webpack-internal:///(app-pages-browser)/./node_modules/@sentry/core/build/esm/instrument/console.js:53
[  107865ms] [LOG] [Fast Refresh] done in 9ms @ webpack-internal:///(app-pages-browser)/./node_modules/@sentry/core/build/esm/instrument/console.js:53
[  108057ms] [LOG] [Fast Refresh] rebuilding @ webpack-internal:///(app-pages-browser)/./node_modules/@sentry/core/build/esm/instrument/console.js:53
[  108454ms] [LOG] [Fast Refresh] done in 396ms @ webpack-internal:///(app-pages-browser)/./node_modules/@sentry/core/build/esm/instrument/console.js:53
[  108593ms] [LOG] [Fast Refresh] rebuilding @ webpack-internal:///(app-pages-browser)/./node_modules/@sentry/core/build/esm/instrument/console.js:53
[  108656ms] [LOG] [Fast Refresh] done in 64ms @ webpack-internal:///(app-pages-browser)/./node_modules/@sentry/core/build/esm/instrument/console.js:53
[  108726ms] [LOG] [Fast Refresh] rebuilding @ webpack-internal:///(app-pages-browser)/./node_modules/@sentry/core/build/esm/instrument/console.js:53
[  108737ms] [LOG] [Fast Refresh] done in 11ms @ webpack-internal:///(app-pages-browser)/./node_modules/@sentry/core/build/esm/instrument/console.js:53
[  108862ms] [LOG] [Fast Refresh] rebuilding @ webpack-internal:///(app-pages-browser)/./node_modules/@sentry/core/build/esm/instrument/console.js:53
[  108869ms] [LOG] [Fast Refresh] done in 8ms @ webpack-internal:///(app-pages-browser)/./node_modules/@sentry/core/build/esm/instrument/console.js:53
[  109002ms] [LOG] [Fast Refresh] rebuilding @ webpack-internal:///(app-pages-browser)/./node_modules/@sentry/core/build/esm/instrument/console.js:53
[  109055ms] [LOG] [Fast Refresh] done in 52ms @ webpack-internal:///(app-pages-browser)/./node_modules/@sentry/core/build/esm/instrument/console.js:53
[  109126ms] [LOG] [Fast Refresh] rebuilding @ webpack-internal:///(app-pages-browser)/./node_modules/@sentry/core/build/esm/instrument/console.js:53
[  109137ms] [LOG] [Fast Refresh] done in 11ms @ webpack-internal:///(app-pages-browser)/./node_modules/@sentry/core/build/esm/instrument/console.js:53
[  109255ms] [LOG] [Fast Refresh] rebuilding @ webpack-internal:///(app-pages-browser)/./node_modules/@sentry/core/build/esm/instrument/console.js:53
[  109312ms] [LOG] [Fast Refresh] done in 58ms @ webpack-internal:///(app-pages-browser)/./node_modules/@sentry/core/build/esm/instrument/console.js:53
[  109383ms] [LOG] [Fast Refresh] rebuilding @ webpack-internal:///(app-pages-browser)/./node_modules/@sentry/core/build/esm/instrument/console.js:53
[  109390ms] [LOG] [Fast Refresh] done in 7ms @ webpack-internal:///(app-pages-browser)/./node_modules/@sentry/core/build/esm/instrument/console.js:53
[  109506ms] [LOG] [Fast Refresh] rebuilding @ webpack-internal:///(app-pages-browser)/./node_modules/@sentry/core/build/esm/instrument/console.js:53
[  109521ms] [LOG] [Fast Refresh] done in 16ms @ webpack-internal:///(app-pages-browser)/./node_modules/@sentry/core/build/esm/instrument/console.js:53
[  109626ms] [LOG] [Fast Refresh] rebuilding @ webpack-internal:///(app-pages-browser)/./node_modules/@sentry/core/build/esm/instrument/console.js:53
[  109657ms] [LOG] [Fast Refresh] done in 32ms @ webpack-internal:///(app-pages-browser)/./node_modules/@sentry/core/build/esm/instrument/console.js:53
[  109789ms] [LOG] [Fast Refresh] rebuilding @ webpack-internal:///(app-pages-browser)/./node_modules/@sentry/core/build/esm/instrument/console.js:53
[  109803ms] [LOG] [Fast Refresh] done in 15ms @ webpack-internal:///(app-pages-browser)/./node_modules/@sentry/core/build/esm/instrument/console.js:53
[  109916ms] [LOG] [Fast Refresh] rebuilding @ webpack-internal:///(app-pages-browser)/./node_modules/@sentry/core/build/esm/instrument/console.js:53
[  109923ms] [LOG] [Fast Refresh] done in 7ms @ webpack-internal:///(app-pages-browser)/./node_modules/@sentry/core/build/esm/instrument/console.js:53
[  110041ms] [LOG] [Fast Refresh] rebuilding @ webpack-internal:///(app-pages-browser)/./node_modules/@sentry/core/build/esm/instrument/console.js:53
[  110053ms] [LOG] [Fast Refresh] done in 11ms @ webpack-internal:///(app-pages-browser)/./node_modules/@sentry/core/build/esm/instrument/console.js:53
[  110168ms] [LOG] [Fast Refresh] rebuilding @ webpack-internal:///(app-pages-browser)/./node_modules/@sentry/core/build/esm/instrument/console.js:53
[  110178ms] [LOG] [Fast Refresh] done in 10ms @ webpack-internal:///(app-pages-browser)/./node_modules/@sentry/core/build/esm/instrument/console.js:53
[  110300ms] [LOG] [Fast Refresh] rebuilding @ webpack-internal:///(app-pages-browser)/./node_modules/@sentry/core/build/esm/instrument/console.js:53
[  110308ms] [LOG] [Fast Refresh] done in 8ms @ webpack-internal:///(app-pages-browser)/./node_modules/@sentry/core/build/esm/instrument/console.js:53
[  110427ms] [LOG] [Fast Refresh] rebuilding @ webpack-internal:///(app-pages-browser)/./node_modules/@sentry/core/build/esm/instrument/console.js:53
[  110434ms] [LOG] [Fast Refresh] done in 7ms @ webpack-internal:///(app-pages-browser)/./node_modules/@sentry/core/build/esm/instrument/console.js:53
[  110547ms] [LOG] [Fast Refresh] rebuilding @ webpack-internal:///(app-pages-browser)/./node_modules/@sentry/core/build/esm/instrument/console.js:53
[  110570ms] [LOG] [Fast Refresh] done in 23ms @ webpack-internal:///(app-pages-browser)/./node_modules/@sentry/core/build/esm/instrument/console.js:53
[  111368ms] [LOG] [Fast Refresh] rebuilding @ webpack-internal:///(app-pages-browser)/./node_modules/@sentry/core/build/esm/instrument/console.js:53
[  111401ms] [LOG] [Fast Refresh] done in 34ms @ webpack-internal:///(app-pages-browser)/./node_modules/@sentry/core/build/esm/instrument/console.js:53
[  111438ms] [LOG] [Fast Refresh] rebuilding @ webpack-internal:///(app-pages-browser)/./node_modules/@sentry/core/build/esm/instrument/console.js:53
[  111439ms] [LOG] [Fast Refresh] done in 2ms @ webpack-internal:///(app-pages-browser)/./node_modules/@sentry/core/build/esm/instrument/console.js:53
[  111457ms] [ERROR] Failed to load resource: the server responded with a status of 500 (Internal Server Error) @ http://localhost:3000/dashboard/facturacion?tab=recibidas&_rsc=myjpi:0
[  111546ms] [LOG] [Fast Refresh] rebuilding @ webpack-internal:///(app-pages-browser)/./node_modules/@sentry/core/build/esm/instrument/console.js:53
[  111770ms] [LOG] [Fast Refresh] done in 224ms @ webpack-internal:///(app-pages-browser)/./node_modules/@sentry/core/build/esm/instrument/console.js:53
[  111835ms] [LOG] [Fast Refresh] rebuilding @ webpack-internal:///(app-pages-browser)/./node_modules/@sentry/core/build/esm/instrument/console.js:53
[  112065ms] Invalid or unexpected token
[  112539ms] [ERROR] Creating a worker from 'blob:http://localhost:3000/e56fa1c3-4f2a-46d8-821a-11b0938dc57d' violates the following Content Security Policy directive: "script-src 'self' 'unsafe-inline' 'unsafe-eval' https://cdnjs.cloudflare.com https://*.sentry.io https://*.posthog.com". Note that 'worker-src' was not explicitly set, so 'script-src' is used as a fallback. The action has been blocked. @ webpack-internal:///(app-pages-browser)/./node_modules/@sentry/replay/build/npm/esm/index.js:5672
[  112546ms] [LOG] [Client Instrumentation Hook] Slow execution detected: 50ms (Note: Code download overhead is not included in this measurement) @ webpack-internal:///(app-pages-browser)/./node_modules/@sentry/core/build/esm/instrument/console.js:53
[  112573ms] [INFO] %cDownload the React DevTools for a better development experience: https://react.dev/link/react-devtools font-weight:bold @ webpack-internal:///(app-pages-browser)/./node_modules/@sentry/core/build/esm/instrument/console.js:53
[  112611ms] [LOG] [HMR] connected @ webpack-internal:///(app-pages-browser)/./node_modules/@sentry/core/build/esm/instrument/console.js:53
[  112661ms] [ERROR] Can't perform a React state update on a component that hasn't mounted yet. This indicates that you have a side-effect in your render function that asynchronously tries to update the component. Move this work to useEffect instead. @ webpack-internal:///(app-pages-browser)/./node_modules/@sentry/core/build/esm/instrument/console.js:53
[  112665ms] [LOG] [Fast Refresh] rebuilding @ webpack-internal:///(app-pages-browser)/./node_modules/@sentry/core/build/esm/instrument/console.js:53
[  112799ms] [LOG] [Fast Refresh] done in 134ms @ webpack-internal:///(app-pages-browser)/./node_modules/@sentry/core/build/esm/instrument/console.js:53
[  112806ms] [LOG] [Fast Refresh] rebuilding @ webpack-internal:///(app-pages-browser)/./node_modules/@sentry/core/build/esm/instrument/console.js:53
[  112824ms] [LOG] [Fast Refresh] done in 18ms @ webpack-internal:///(app-pages-browser)/./node_modules/@sentry/core/build/esm/instrument/console.js:53
[  112947ms] [LOG] [Fast Refresh] rebuilding @ webpack-internal:///(app-pages-browser)/./node_modules/@sentry/core/build/esm/instrument/console.js:53
[  112955ms] [LOG] [Fast Refresh] done in 9ms @ webpack-internal:///(app-pages-browser)/./node_modules/@sentry/core/build/esm/instrument/console.js:53
[  113098ms] [LOG] [Fast Refresh] rebuilding @ webpack-internal:///(app-pages-browser)/./node_modules/@sentry/core/build/esm/instrument/console.js:53
[  113158ms] [LOG] [Fast Refresh] done in 60ms @ webpack-internal:///(app-pages-browser)/./node_modules/@sentry/core/build/esm/instrument/console.js:53
[  113234ms] [LOG] [Fast Refresh] rebuilding @ webpack-internal:///(app-pages-browser)/./node_modules/@sentry/core/build/esm/instrument/console.js:53
[  113244ms] [LOG] [Fast Refresh] done in 10ms @ webpack-internal:///(app-pages-browser)/./node_modules/@sentry/core/build/esm/instrument/console.js:53
[  113371ms] [LOG] [Fast Refresh] rebuilding @ webpack-internal:///(app-pages-browser)/./node_modules/@sentry/core/build/esm/instrument/console.js:53
[  113378ms] [LOG] [Fast Refresh] done in 7ms @ webpack-internal:///(app-pages-browser)/./node_modules/@sentry/core/build/esm/instrument/console.js:53
[  113500ms] [LOG] [Fast Refresh] rebuilding @ webpack-internal:///(app-pages-browser)/./node_modules/@sentry/core/build/esm/instrument/console.js:53
[  113510ms] [LOG] [Fast Refresh] done in 9ms @ webpack-internal:///(app-pages-browser)/./node_modules/@sentry/core/build/esm/instrument/console.js:53
[  113624ms] [LOG] [Fast Refresh] rebuilding @ webpack-internal:///(app-pages-browser)/./node_modules/@sentry/core/build/esm/instrument/console.js:53
[  113634ms] [LOG] [Fast Refresh] done in 9ms @ webpack-internal:///(app-pages-browser)/./node_modules/@sentry/core/build/esm/instrument/console.js:53
[  113767ms] [LOG] [Fast Refresh] rebuilding @ webpack-internal:///(app-pages-browser)/./node_modules/@sentry/core/build/esm/instrument/console.js:53
[  113775ms] [LOG] [Fast Refresh] done in 9ms @ webpack-internal:///(app-pages-browser)/./node_modules/@sentry/core/build/esm/instrument/console.js:53
[  114431ms] [LOG] [Fast Refresh] rebuilding @ webpack-internal:///(app-pages-browser)/./node_modules/@sentry/core/build/esm/instrument/console.js:53
[  114464ms] [LOG] [Fast Refresh] done in 33ms @ webpack-internal:///(app-pages-browser)/./node_modules/@sentry/core/build/esm/instrument/console.js:53
[  114754ms] [LOG] [Fast Refresh] rebuilding @ webpack-internal:///(app-pages-browser)/./node_modules/@sentry/core/build/esm/instrument/console.js:53
[  114889ms] [LOG] [Fast Refresh] done in 135ms @ webpack-internal:///(app-pages-browser)/./node_modules/@sentry/core/build/esm/instrument/console.js:53
[  114889ms] [LOG] [Fast Refresh] rebuilding @ webpack-internal:///(app-pages-browser)/./node_modules/@sentry/core/build/esm/instrument/console.js:53
[  115134ms] [LOG] [Fast Refresh] done in 245ms @ webpack-internal:///(app-pages-browser)/./node_modules/@sentry/core/build/esm/instrument/console.js:53
[  115135ms] [LOG] [Fast Refresh] rebuilding @ webpack-internal:///(app-pages-browser)/./node_modules/@sentry/core/build/esm/instrument/console.js:53
[  115175ms] [LOG] [Fast Refresh] done in 40ms @ webpack-internal:///(app-pages-browser)/./node_modules/@sentry/core/build/esm/instrument/console.js:53
[  115525ms] [LOG] [Fast Refresh] rebuilding @ webpack-internal:///(app-pages-browser)/./node_modules/@sentry/core/build/esm/instrument/console.js:53
[  115544ms] [LOG] [Fast Refresh] done in 18ms @ webpack-internal:///(app-pages-browser)/./node_modules/@sentry/core/build/esm/instrument/console.js:53
[  115586ms] [LOG] [Fast Refresh] rebuilding @ webpack-internal:///(app-pages-browser)/./node_modules/@sentry/core/build/esm/instrument/console.js:53
[  115587ms] [LOG] [Fast Refresh] done in 2ms @ webpack-internal:///(app-pages-browser)/./node_modules/@sentry/core/build/esm/instrument/console.js:53
[  115611ms] [ERROR] Failed to load resource: the server responded with a status of 500 (Internal Server Error) @ http://localhost:3000/dashboard/facturacion?tab=emitidas&_rsc=iwmrp:0
[  115687ms] [LOG] [Fast Refresh] rebuilding @ webpack-internal:///(app-pages-browser)/./node_modules/@sentry/core/build/esm/instrument/console.js:53
[  116443ms] [ERROR] Creating a worker from 'blob:http://localhost:3000/9598aac6-a8a1-4767-96a9-f7b003bf476e' violates the following Content Security Policy directive: "script-src 'self' 'unsafe-inline' 'unsafe-eval' https://cdnjs.cloudflare.com https://*.sentry.io https://*.posthog.com". Note that 'worker-src' was not explicitly set, so 'script-src' is used as a fallback. The action has been blocked. @ webpack-internal:///(app-pages-browser)/./node_modules/@sentry/replay/build/npm/esm/index.js:5672
[  116449ms] [LOG] [Client Instrumentation Hook] Slow execution detected: 51ms (Note: Code download overhead is not included in this measurement) @ webpack-internal:///(app-pages-browser)/./node_modules/@sentry/core/build/esm/instrument/console.js:53
[  116479ms] [INFO] %cDownload the React DevTools for a better development experience: https://react.dev/link/react-devtools font-weight:bold @ webpack-internal:///(app-pages-browser)/./node_modules/@sentry/core/build/esm/instrument/console.js:53
[  116515ms] [LOG] [HMR] connected @ webpack-internal:///(app-pages-browser)/./node_modules/@sentry/core/build/esm/instrument/console.js:53
[  116537ms] [INFO] [analytics] NEXT_PUBLIC_POSTHOG_KEY not set — analytics disabled @ webpack-internal:///(app-pages-browser)/./node_modules/@sentry/core/build/esm/instrument/console.js:53
[  116574ms] [LOG] [Fast Refresh] rebuilding @ webpack-internal:///(app-pages-browser)/./node_modules/@sentry/core/build/esm/instrument/console.js:53
[  116661ms] [LOG] [Fast Refresh] done in 87ms @ webpack-internal:///(app-pages-browser)/./node_modules/@sentry/core/build/esm/instrument/console.js:53
[  116772ms] [LOG] [Fast Refresh] rebuilding @ webpack-internal:///(app-pages-browser)/./node_modules/@sentry/core/build/esm/instrument/console.js:53
[  116839ms] [LOG] [Fast Refresh] done in 66ms @ webpack-internal:///(app-pages-browser)/./node_modules/@sentry/core/build/esm/instrument/console.js:53
[  116888ms] [LOG] [Fast Refresh] rebuilding @ webpack-internal:///(app-pages-browser)/./node_modules/@sentry/core/build/esm/instrument/console.js:53
[  116900ms] [LOG] [Fast Refresh] done in 12ms @ webpack-internal:///(app-pages-browser)/./node_modules/@sentry/core/build/esm/instrument/console.js:53
[  117020ms] [LOG] [Fast Refresh] rebuilding @ webpack-internal:///(app-pages-browser)/./node_modules/@sentry/core/build/esm/instrument/console.js:53
[  117037ms] [LOG] [Fast Refresh] done in 16ms @ webpack-internal:///(app-pages-browser)/./node_modules/@sentry/core/build/esm/instrument/console.js:53
[  117343ms] [LOG] [Fast Refresh] rebuilding @ webpack-internal:///(app-pages-browser)/./node_modules/@sentry/core/build/esm/instrument/console.js:53
[  117360ms] [LOG] [Fast Refresh] done in 17ms @ webpack-internal:///(app-pages-browser)/./node_modules/@sentry/core/build/esm/instrument/console.js:53
[  117395ms] [LOG] [Fast Refresh] rebuilding @ webpack-internal:///(app-pages-browser)/./node_modules/@sentry/core/build/esm/instrument/console.js:53
[  117396ms] [LOG] [Fast Refresh] done in 1ms @ webpack-internal:///(app-pages-browser)/./node_modules/@sentry/core/build/esm/instrument/console.js:53
[  117717ms] [ERROR] Failed to load resource: the server responded with a status of 500 (Internal Server Error) @ http://localhost:3000/dashboard/facturacion?tab=emitidas&_rsc=iwmrp:0
[  118042ms] NotFoundError: Failed to execute 'removeChild' on 'Node': The node to be removed is not a child of this node.
    at removeChildFromContainer (webpack-internal:///(app-pages-browser)/./node_modules/next/dist/compiled/react-dom/cjs/react-dom-client.development.js:23775:9)
    at runWithFiberInDEV (webpack-internal:///(app-pages-browser)/./node_modules/next/dist/compiled/react-dom/cjs/react-dom-client.development.js:987:30)
    at commitDeletionEffectsOnFiber (webpack-internal:///(app-pages-browser)/./node_modules/next/dist/compiled/react-dom/cjs/react-dom-client.development.js:15419:17)
    at recursivelyTraverseMutationEffects (webpack-internal:///(app-pages-browser)/./node_modules/next/dist/compiled/react-dom/cjs/react-dom-client.development.js:15693:11)
    at commitMutationEffectsOnFiber (webpack-internal:///(app-pages-browser)/./node_modules/next/dist/compiled/react-dom/cjs/react-dom-client.development.js:15729:11)
    at recursivelyTraverseMutationEffects (webpack-internal:///(app-pages-browser)/./node_modules/next/dist/compiled/react-dom/cjs/react-dom-client.development.js:15714:11)
    at commitMutationEffectsOnFiber (webpack-internal:///(app-pages-browser)/./node_modules/next/dist/compiled/react-dom/cjs/react-dom-client.development.js:16170:11)
    at recursivelyTraverseMutationEffects (webpack-internal:///(app-pages-browser)/./node_modules/next/dist/compiled/react-dom/cjs/react-dom-client.development.js:15714:11)
    at commitMutationEffectsOnFiber (webpack-internal:///(app-pages-browser)/./node_modules/next/dist/compiled/react-dom/cjs/react-dom-client.development.js:16170:11)
    at recursivelyTraverseMutationEffects (webpack-internal:///(app-pages-browser)/./node_modules/next/dist/compiled/react-dom/cjs/react-dom-client.development.js:15714:11)
    at commitMutationEffectsOnFiber (webpack-internal:///(app-pages-browser)/./node_modules/next/dist/compiled/react-dom/cjs/react-dom-client.development.js:15729:11)
    at recursivelyTraverseMutationEffects (webpack-internal:///(app-pages-browser)/./node_modules/next/dist/compiled/react-dom/cjs/react-dom-client.development.js:15714:11)
    at commitMutationEffectsOnFiber (webpack-internal:///(app-pages-browser)/./node_modules/next/dist/compiled/react-dom/cjs/react-dom-client.development.js:16170:11)
    at recursivelyTraverseMutationEffects (webpack-internal:///(app-pages-browser)/./node_modules/next/dist/compiled/react-dom/cjs/react-dom-client.development.js:15714:11)
    at commitMutationEffectsOnFiber (webpack-internal:///(app-pages-browser)/./node_modules/next/dist/compiled/react-dom/cjs/react-dom-client.development.js:15729:11)
    at recursivelyTraverseMutationEffects (webpack-internal:///(app-pages-browser)/./node_modules/next/dist/compiled/react-dom/cjs/react-dom-client.development.js:15714:11)
    at commitMutationEffectsOnFiber (webpack-internal:///(app-pages-browser)/./node_modules/next/dist/compiled/react-dom/cjs/react-dom-client.development.js:15729:11)
    at recursivelyTraverseMutationEffects (webpack-internal:///(app-pages-browser)/./node_modules/next/dist/compiled/react-dom/cjs/react-dom-client.development.js:15714:11)
    at commitMutationEffectsOnFiber (webpack-internal:///(app-pages-browser)/./node_modules/next/dist/compiled/react-dom/cjs/react-dom-client.development.js:16170:11)
    at recursivelyTraverseMutationEffects (webpack-internal:///(app-pages-browser)/./node_modules/next/dist/compiled/react-dom/cjs/react-dom-client.development.js:15714:11)
    at commitMutationEffectsOnFiber (webpack-internal:///(app-pages-browser)/./node_modules/next/dist/compiled/react-dom/cjs/react-dom-client.development.js:15729:11)
    at recursivelyTraverseMutationEffects (webpack-internal:///(app-pages-browser)/./node_modules/next/dist/compiled/react-dom/cjs/react-dom-client.development.js:15714:11)
    at commitMutationEffectsOnFiber (webpack-internal:///(app-pages-browser)/./node_modules/next/dist/compiled/react-dom/cjs/react-dom-client.development.js:15729:11)
    at recursivelyTraverseMutationEffects (webpack-internal:///(app-pages-browser)/./node_modules/next/dist/compiled/react-dom/cjs/react-dom-client.development.js:15714:11)
    at commitMutationEffectsOnFiber (webpack-internal:///(app-pages-browser)/./node_modules/next/dist/compiled/react-dom/cjs/react-dom-client.development.js:15922:11)
    at recursivelyTraverseMutationEffects (webpack-internal:///(app-pages-browser)/./node_modules/next/dist/compiled/react-dom/cjs/react-dom-client.development.js:15714:11)
    at commitMutationEffectsOnFiber (webpack-internal:///(app-pages-browser)/./node_modules/next/dist/compiled/react-dom/cjs/react-dom-client.development.js:15922:11)
    at recursivelyTraverseMutationEffects (webpack-internal:///(app-pages-browser)/./node_modules/next/dist/compiled/react-dom/cjs/react-dom-client.development.js:15714:11)
    at commitMutationEffectsOnFiber (webpack-internal:///(app-pages-browser)/./node_modules/next/dist/compiled/react-dom/cjs/react-dom-client.development.js:16170:11)
    at recursivelyTraverseMutationEffects (webpack-internal:///(app-pages-browser)/./node_modules/next/dist/compiled/react-dom/cjs/react-dom-client.development.js:15714:11)
    at commitMutationEffectsOnFiber (webpack-internal:///(app-pages-browser)/./node_modules/next/dist/compiled/react-dom/cjs/react-dom-client.development.js:15729:11)
    at recursivelyTraverseMutationEffects (webpack-internal:///(app-pages-browser)/./node_modules/next/dist/compiled/react-dom/cjs/react-dom-client.development.js:15714:11)
    at commitMutationEffectsOnFiber (webpack-internal:///(app-pages-browser)/./node_modules/next/dist/compiled/react-dom/cjs/react-dom-client.development.js:15729:11)
    at recursivelyTraverseMutationEffects (webpack-internal:///(app-pages-browser)/./node_modules/next/dist/compiled/react-dom/cjs/react-dom-client.development.js:15714:11)
    at commitMutationEffectsOnFiber (webpack-internal:///(app-pages-browser)/./node_modules/next/dist/compiled/react-dom/cjs/react-dom-client.development.js:15745:11)
    at recursivelyTraverseMutationEffects (webpack-internal:///(app-pages-browser)/./node_modules/next/dist/compiled/react-dom/cjs/react-dom-client.development.js:15714:11)
    at commitMutationEffectsOnFiber (webpack-internal:///(app-pages-browser)/./node_modules/next/dist/compiled/react-dom/cjs/react-dom-client.development.js:15729:11)
    at recursivelyTraverseMutationEffects (webpack-internal:///(app-pages-browser)/./node_modules/next/dist/compiled/react-dom/cjs/react-dom-client.development.js:15714:11)
    at commitMutationEffectsOnFiber (webpack-internal:///(app-pages-browser)/./node_modules/next/dist/compiled/react-dom/cjs/react-dom-client.development.js:15745:11)
    at recursivelyTraverseMutationEffects (webpack-internal:///(app-pages-browser)/./node_modules/next/dist/compiled/react-dom/cjs/react-dom-client.development.js:15714:11)
    at commitMutationEffectsOnFiber (webpack-internal:///(app-pages-browser)/./node_modules/next/dist/compiled/react-dom/cjs/react-dom-client.development.js:15729:11)
    at recursivelyTraverseMutationEffects (webpack-internal:///(app-pages-browser)/./node_modules/next/dist/compiled/react-dom/cjs/react-dom-client.development.js:15714:11)
    at commitMutationEffectsOnFiber (webpack-internal:///(app-pages-browser)/./node_modules/next/dist/compiled/react-dom/cjs/react-dom-client.development.js:15729:11)
    at recursivelyTraverseMutationEffects (webpack-internal:///(app-pages-browser)/./node_modules/next/dist/compiled/react-dom/cjs/react-dom-client.development.js:15714:11)
    at commitMutationEffectsOnFiber (webpack-internal:///(app-pages-browser)/./node_modules/next/dist/compiled/react-dom/cjs/react-dom-client.development.js:15745:11)
    at recursivelyTraverseMutationEffects (webpack-internal:///(app-pages-browser)/./node_modules/next/dist/compiled/react-dom/cjs/react-dom-client.development.js:15714:11)
    at commitMutationEffectsOnFiber (webpack-internal:///(app-pages-browser)/./node_modules/next/dist/compiled/react-dom/cjs/react-dom-client.development.js:15729:11)
    at recursivelyTraverseMutationEffects (webpack-internal:///(app-pages-browser)/./node_modules/next/dist/compiled/react-dom/cjs/react-dom-client.development.js:15714:11)
    at commitMutationEffectsOnFiber (webpack-internal:///(app-pages-browser)/./node_modules/next/dist/compiled/react-dom/cjs/react-dom-client.development.js:16170:11)
    at recursivelyTraverseMutationEffects (webpack-internal:///(app-pages-browser)/./node_modules/next/dist/compiled/react-dom/cjs/react-dom-client.development.js:15714:11)
[  118490ms] Invalid or unexpected token
[  119038ms] [ERROR] Creating a worker from 'blob:http://localhost:3000/59de001d-24e3-4304-8669-ceb141d954f4' violates the following Content Security Policy directive: "script-src 'self' 'unsafe-inline' 'unsafe-eval' https://cdnjs.cloudflare.com https://*.sentry.io https://*.posthog.com". Note that 'worker-src' was not explicitly set, so 'script-src' is used as a fallback. The action has been blocked. @ webpack-internal:///(app-pages-browser)/./node_modules/@sentry/replay/build/npm/esm/index.js:5672
[  119046ms] [LOG] [Client Instrumentation Hook] Slow execution detected: 63ms (Note: Code download overhead is not included in this measurement) @ webpack-internal:///(app-pages-browser)/./node_modules/@sentry/core/build/esm/instrument/console.js:53
[  119079ms] [INFO] %cDownload the React DevTools for a better development experience: https://react.dev/link/react-devtools font-weight:bold @ webpack-internal:///(app-pages-browser)/./node_modules/@sentry/core/build/esm/instrument/console.js:53
[  119119ms] [LOG] [HMR] connected @ webpack-internal:///(app-pages-browser)/./node_modules/@sentry/core/build/esm/instrument/console.js:53
[  119126ms] [LOG] [Fast Refresh] rebuilding @ webpack-internal:///(app-pages-browser)/./node_modules/@sentry/core/build/esm/instrument/console.js:53
[  119231ms] [ERROR] Can't perform a React state update on a component that hasn't mounted yet. This indicates that you have a side-effect in your render function that asynchronously tries to update the component. Move this work to useEffect instead. @ webpack-internal:///(app-pages-browser)/./node_modules/@sentry/core/build/esm/instrument/console.js:53
[  119234ms] [LOG] [Fast Refresh] rebuilding @ webpack-internal:///(app-pages-browser)/./node_modules/@sentry/core/build/esm/instrument/console.js:53
[  119368ms] [LOG] [Fast Refresh] done in 133ms @ webpack-internal:///(app-pages-browser)/./node_modules/@sentry/core/build/esm/instrument/console.js:53
[  119370ms] [LOG] [Fast Refresh] rebuilding @ webpack-internal:///(app-pages-browser)/./node_modules/@sentry/core/build/esm/instrument/console.js:53
[  119447ms] [LOG] [Fast Refresh] done in 76ms @ webpack-internal:///(app-pages-browser)/./node_modules/@sentry/core/build/esm/instrument/console.js:53
[  119508ms] [LOG] [Fast Refresh] rebuilding @ webpack-internal:///(app-pages-browser)/./node_modules/@sentry/core/build/esm/instrument/console.js:53
[  119517ms] [LOG] [Fast Refresh] done in 10ms @ webpack-internal:///(app-pages-browser)/./node_modules/@sentry/core/build/esm/instrument/console.js:53
[  119638ms] [LOG] [Fast Refresh] rebuilding @ webpack-internal:///(app-pages-browser)/./node_modules/@sentry/core/build/esm/instrument/console.js:53
[  119654ms] [LOG] [Fast Refresh] done in 16ms @ webpack-internal:///(app-pages-browser)/./node_modules/@sentry/core/build/esm/instrument/console.js:53
[  119764ms] [LOG] [Fast Refresh] rebuilding @ webpack-internal:///(app-pages-browser)/./node_modules/@sentry/core/build/esm/instrument/console.js:53
[  119775ms] [LOG] [Fast Refresh] done in 11ms @ webpack-internal:///(app-pages-browser)/./node_modules/@sentry/core/build/esm/instrument/console.js:53
[  119900ms] [LOG] [Fast Refresh] rebuilding @ webpack-internal:///(app-pages-browser)/./node_modules/@sentry/core/build/esm/instrument/console.js:53
[  119911ms] [LOG] [Fast Refresh] done in 11ms @ webpack-internal:///(app-pages-browser)/./node_modules/@sentry/core/build/esm/instrument/console.js:53
[  120027ms] [LOG] [Fast Refresh] rebuilding @ webpack-internal:///(app-pages-browser)/./node_modules/@sentry/core/build/esm/instrument/console.js:53
[  120033ms] [LOG] [Fast Refresh] done in 5ms @ webpack-internal:///(app-pages-browser)/./node_modules/@sentry/core/build/esm/instrument/console.js:53
[  120154ms] [LOG] [Fast Refresh] rebuilding @ webpack-internal:///(app-pages-browser)/./node_modules/@sentry/core/build/esm/instrument/console.js:53
[  120221ms] [LOG] [Fast Refresh] done in 67ms @ webpack-internal:///(app-pages-browser)/./node_modules/@sentry/core/build/esm/instrument/console.js:53
[  120378ms] [LOG] [Fast Refresh] rebuilding @ webpack-internal:///(app-pages-browser)/./node_modules/@sentry/core/build/esm/instrument/console.js:53
[  120414ms] [LOG] [Fast Refresh] done in 35ms @ webpack-internal:///(app-pages-browser)/./node_modules/@sentry/core/build/esm/instrument/console.js:53
[  120706ms] [LOG] [Fast Refresh] rebuilding @ webpack-internal:///(app-pages-browser)/./node_modules/@sentry/core/build/esm/instrument/console.js:53
[  120723ms] [LOG] [Fast Refresh] done in 16ms @ webpack-internal:///(app-pages-browser)/./node_modules/@sentry/core/build/esm/instrument/console.js:53
[  120767ms] [LOG] [Fast Refresh] rebuilding @ webpack-internal:///(app-pages-browser)/./node_modules/@sentry/core/build/esm/instrument/console.js:53
[  120902ms] [LOG] [Fast Refresh] done in 135ms @ webpack-internal:///(app-pages-browser)/./node_modules/@sentry/core/build/esm/instrument/console.js:53
[  120931ms] [ERROR] Failed to load resource: the server responded with a status of 500 (Internal Server Error) @ http://localhost:3000/dashboard/facturacion?tab=emitidas&_rsc=iwmrp:0
[  120932ms] [ERROR] Failed to load resource: the server responded with a status of 500 (Internal Server Error) @ http://localhost:3000/dashboard/facturacion?tab=emitidas&_rsc=iwmrp:0
[  120987ms] [LOG] [Fast Refresh] rebuilding @ webpack-internal:///(app-pages-browser)/./node_modules/@sentry/core/build/esm/instrument/console.js:53
[  122223ms] [ERROR] Creating a worker from 'blob:http://localhost:3000/0b2e364c-9137-4428-84b3-10ea70971832' violates the following Content Security Policy directive: "script-src 'self' 'unsafe-inline' 'unsafe-eval' https://cdnjs.cloudflare.com https://*.sentry.io https://*.posthog.com". Note that 'worker-src' was not explicitly set, so 'script-src' is used as a fallback. The action has been blocked. @ webpack-internal:///(app-pages-browser)/./node_modules/@sentry/replay/build/npm/esm/index.js:5672
[  122229ms] [LOG] [Client Instrumentation Hook] Slow execution detected: 52ms (Note: Code download overhead is not included in this measurement) @ webpack-internal:///(app-pages-browser)/./node_modules/@sentry/core/build/esm/instrument/console.js:53
[  122257ms] [INFO] %cDownload the React DevTools for a better development experience: https://react.dev/link/react-devtools font-weight:bold @ webpack-internal:///(app-pages-browser)/./node_modules/@sentry/core/build/esm/instrument/console.js:53
[  122294ms] [LOG] [HMR] connected @ webpack-internal:///(app-pages-browser)/./node_modules/@sentry/core/build/esm/instrument/console.js:53
[  122315ms] [INFO] [analytics] NEXT_PUBLIC_POSTHOG_KEY not set — analytics disabled @ webpack-internal:///(app-pages-browser)/./node_modules/@sentry/core/build/esm/instrument/console.js:53
[  122360ms] [LOG] [Fast Refresh] rebuilding @ webpack-internal:///(app-pages-browser)/./node_modules/@sentry/core/build/esm/instrument/console.js:53
[  122488ms] [LOG] [Fast Refresh] done in 129ms @ webpack-internal:///(app-pages-browser)/./node_modules/@sentry/core/build/esm/instrument/console.js:53
[  122547ms] [LOG] [Fast Refresh] rebuilding @ webpack-internal:///(app-pages-browser)/./node_modules/@sentry/core/build/esm/instrument/console.js:53
[  122600ms] [LOG] [Fast Refresh] done in 53ms @ webpack-internal:///(app-pages-browser)/./node_modules/@sentry/core/build/esm/instrument/console.js:53
[  122663ms] [LOG] [Fast Refresh] rebuilding @ webpack-internal:///(app-pages-browser)/./node_modules/@sentry/core/build/esm/instrument/console.js:53
[  122687ms] [LOG] [Fast Refresh] done in 24ms @ webpack-internal:///(app-pages-browser)/./node_modules/@sentry/core/build/esm/instrument/console.js:53
[  122829ms] [LOG] [Fast Refresh] rebuilding @ webpack-internal:///(app-pages-browser)/./node_modules/@sentry/core/build/esm/instrument/console.js:53
[  122906ms] [LOG] [Fast Refresh] done in 77ms @ webpack-internal:///(app-pages-browser)/./node_modules/@sentry/core/build/esm/instrument/console.js:53
[  122979ms] [LOG] [Fast Refresh] rebuilding @ webpack-internal:///(app-pages-browser)/./node_modules/@sentry/core/build/esm/instrument/console.js:53
[  123049ms] [LOG] [Fast Refresh] done in 70ms @ webpack-internal:///(app-pages-browser)/./node_modules/@sentry/core/build/esm/instrument/console.js:53
[  123094ms] [LOG] [Fast Refresh] rebuilding @ webpack-internal:///(app-pages-browser)/./node_modules/@sentry/core/build/esm/instrument/console.js:53
[  123173ms] [LOG] [Fast Refresh] done in 79ms @ webpack-internal:///(app-pages-browser)/./node_modules/@sentry/core/build/esm/instrument/console.js:53
[  123230ms] [LOG] [Fast Refresh] rebuilding @ webpack-internal:///(app-pages-browser)/./node_modules/@sentry/core/build/esm/instrument/console.js:53
[  123289ms] [LOG] [Fast Refresh] done in 60ms @ webpack-internal:///(app-pages-browser)/./node_modules/@sentry/core/build/esm/instrument/console.js:53
[  123354ms] [LOG] [Fast Refresh] rebuilding @ webpack-internal:///(app-pages-browser)/./node_modules/@sentry/core/build/esm/instrument/console.js:53
[  123374ms] [LOG] [Fast Refresh] done in 19ms @ webpack-internal:///(app-pages-browser)/./node_modules/@sentry/core/build/esm/instrument/console.js:53
[  123465ms] [LOG] [Fast Refresh] rebuilding @ webpack-internal:///(app-pages-browser)/./node_modules/@sentry/core/build/esm/instrument/console.js:53
[  123485ms] [LOG] [Fast Refresh] done in 21ms @ webpack-internal:///(app-pages-browser)/./node_modules/@sentry/core/build/esm/instrument/console.js:53
[  123752ms] [LOG] [Fast Refresh] rebuilding @ webpack-internal:///(app-pages-browser)/./node_modules/@sentry/core/build/esm/instrument/console.js:53
[  123768ms] [LOG] [Fast Refresh] done in 16ms @ webpack-internal:///(app-pages-browser)/./node_modules/@sentry/core/build/esm/instrument/console.js:53
[  123808ms] [LOG] [Fast Refresh] rebuilding @ webpack-internal:///(app-pages-browser)/./node_modules/@sentry/core/build/esm/instrument/console.js:53
[  123810ms] [LOG] [Fast Refresh] done in 1ms @ webpack-internal:///(app-pages-browser)/./node_modules/@sentry/core/build/esm/instrument/console.js:53
[  123825ms] [ERROR] Failed to load resource: the server responded with a status of 500 (Internal Server Error) @ http://localhost:3000/dashboard/facturacion?tab=emitidas&_rsc=iwmrp:0
[  123897ms] [LOG] [Fast Refresh] rebuilding @ webpack-internal:///(app-pages-browser)/./node_modules/@sentry/core/build/esm/instrument/console.js:53
[  124156ms] [LOG] [Fast Refresh] done in 259ms @ webpack-internal:///(app-pages-browser)/./node_modules/@sentry/core/build/esm/instrument/console.js:53
[  124201ms] [LOG] [Fast Refresh] rebuilding @ webpack-internal:///(app-pages-browser)/./node_modules/@sentry/core/build/esm/instrument/console.js:53
[  124214ms] [LOG] [Fast Refresh] done in 13ms @ webpack-internal:///(app-pages-browser)/./node_modules/@sentry/core/build/esm/instrument/console.js:53
[  124540ms] [ERROR] Failed to load resource: the server responded with a status of 500 (Internal Server Error) @ http://localhost:3000/dashboard/facturacion?tab=emitidas:0
[  125005ms] [INFO] %cDownload the React DevTools for a better development experience: https://react.dev/link/react-devtools font-weight:bold @ webpack-internal:///(pages-dir-browser)/./node_modules/react-dom/cjs/react-dom-client.development.js:28004
[  125044ms] [ERROR] Creating a worker from 'blob:http://localhost:3000/8530cb5a-c2dd-4347-acbf-c16f81d2db66' violates the following Content Security Policy directive: "script-src 'self' 'unsafe-inline' 'unsafe-eval' https://cdnjs.cloudflare.com https://*.sentry.io https://*.posthog.com". Note that 'worker-src' was not explicitly set, so 'script-src' is used as a fallback. The action has been blocked. @ webpack-internal:///(pages-dir-browser)/./node_modules/@sentry/replay/build/npm/esm/index.js:5672
[  125048ms] SyntaxError: Unexpected end of JSON input
    at JSON.parse (<anonymous>)
    at loadManifest (file:///Users/daniilkonovalyukpanasyuk/enlaze/node_modules/next/dist/server/load-manifest.external.js:54:25)
    at loadManifestFromRelativePath (file:///Users/daniilkonovalyukpanasyuk/enlaze/node_modules/next/dist/server/load-manifest.external.js:111:12)
    at AppPageRouteModule.loadManifests (file:///Users/daniilkonovalyukpanasyuk/enlaze/node_modules/next/dist/compiled/next-server/app-page.runtime.dev.js:71:33979)
    at AppPageRouteModule.prepare (file:///Users/daniilkonovalyukpanasyuk/enlaze/node_modules/next/dist/compiled/next-server/app-page.runtime.dev.js:71:41329)
    at process.processTicksAndRejections (node:internal/process/task_queues:104:5)
    at async Module.handler (webpack-internal:///(rsc)/./node_modules/next/dist/build/webpack/loaders/next-app-loader/index.js?name=app%2Fdashboard%2Ffacturacion%2Fpage&page=%2Fdashboard%2Ffacturacion%2Fpage&appPaths=%2Fdashboard%2Ffacturacion%2Fpage&allNormalizedAppPaths=&pagePath=private-next-app-dir%2Fdashboard%2Ffacturacion%2Fpage.tsx&appDir=%2FUsers%2Fdaniilkonovalyukpanasyuk%2Fenlaze%2Fapp&pageExtensions=tsx&pageExtensions=ts&pageExtensions=jsx&pageExtensions=js&rootDir=%2FUsers%2Fdaniilkonovalyukpanasyuk%2Fenlaze&isDev=true&tsconfigPath=&basePath=&assetPrefix=&nextConfigOutput=&preferredRegion=&middlewareConfig=e30%3D&isGlobalNotFoundEnabled=!:253:27)
    at async DevServer.renderToResponseWithComponentsImpl (file:///Users/daniilkonovalyukpanasyuk/enlaze/node_modules/next/dist/server/base-server.js:1454:9)
    at async DevServer.renderPageComponent (file:///Users/daniilkonovalyukpanasyuk/enlaze/node_modules/next/dist/server/base-server.js:1506:24)
    at async DevServer.renderToResponseImpl (file:///Users/daniilkonovalyukpanasyuk/enlaze/node_modules/next/dist/server/base-server.js:1556:32)
    at async DevServer.pipeImpl (file:///Users/daniilkonovalyukpanasyuk/enlaze/node_modules/next/dist/server/base-server.js:1043:25)
    at async NextNodeServer.handleCatchallRenderRequest (file:///Users/daniilkonovalyukpanasyuk/enlaze/node_modules/next/dist/server/next-server.js:338:17)
    at async DevServer.handleRequestImpl (file:///Users/daniilkonovalyukpanasyuk/enlaze/node_modules/next/dist/server/base-server.js:934:17)
    at async (file:///Users/daniilkonovalyukpanasyuk/enlaze/node_modules/next/dist/server/dev/next-dev-server.js:394:20)
    at async Span.traceAsyncFn (file:///Users/daniilkonovalyukpanasyuk/enlaze/node_modules/next/dist/trace/trace.js:164:20)
    at async DevServer.handleRequest (file:///Users/daniilkonovalyukpanasyuk/enlaze/node_modules/next/dist/server/dev/next-dev-server.js:390:24)
    at async invokeRender (file:///Users/daniilkonovalyukpanasyuk/enlaze/node_modules/next/dist/server/lib/router-server.js:253:21)
    at async handleRequest (file:///Users/daniilkonovalyukpanasyuk/enlaze/node_modules/next/dist/server/lib/router-server.js:452:24)
    at async requestHandlerImpl (file:///Users/daniilkonovalyukpanasyuk/enlaze/node_modules/next/dist/server/lib/router-server.js:501:13)
    at async Server.requestListener (file:///Users/daniilkonovalyukpanasyuk/enlaze/node_modules/next/dist/server/lib/start-server.js:225:13)
[  125048ms] [LOG] [HMR] connected @ webpack-internal:///(pages-dir-browser)/./node_modules/@sentry/core/build/esm/instrument/console.js:53
[  125081ms] [LOG] [Fast Refresh] rebuilding @ webpack-internal:///(pages-dir-browser)/./node_modules/@sentry/core/build/esm/instrument/console.js:53
[  125256ms] [LOG] [Fast Refresh] rebuilding @ webpack-internal:///(pages-dir-browser)/./node_modules/@sentry/core/build/esm/instrument/console.js:53
[  125267ms] [WARNING] [Fast Refresh] performing full reload because your application had an unrecoverable error @ webpack-internal:///(pages-dir-browser)/./node_modules/@sentry/core/build/esm/instrument/console.js:53
[  125672ms] Invalid or unexpected token
[  126362ms] [ERROR] Creating a worker from 'blob:http://localhost:3000/8d787e89-43c1-41f0-b785-2f8695c5d05b' violates the following Content Security Policy directive: "script-src 'self' 'unsafe-inline' 'unsafe-eval' https://cdnjs.cloudflare.com https://*.sentry.io https://*.posthog.com". Note that 'worker-src' was not explicitly set, so 'script-src' is used as a fallback. The action has been blocked. @ webpack-internal:///(app-pages-browser)/./node_modules/@sentry/replay/build/npm/esm/index.js:5672
[  126369ms] [LOG] [Client Instrumentation Hook] Slow execution detected: 54ms (Note: Code download overhead is not included in this measurement) @ webpack-internal:///(app-pages-browser)/./node_modules/@sentry/core/build/esm/instrument/console.js:53
[  126399ms] [INFO] %cDownload the React DevTools for a better development experience: https://react.dev/link/react-devtools font-weight:bold @ webpack-internal:///(app-pages-browser)/./node_modules/@sentry/core/build/esm/instrument/console.js:53
[  126451ms] [LOG] [HMR] connected @ webpack-internal:///(app-pages-browser)/./node_modules/@sentry/core/build/esm/instrument/console.js:53
[  126477ms] [INFO] [analytics] NEXT_PUBLIC_POSTHOG_KEY not set — analytics disabled @ webpack-internal:///(app-pages-browser)/./node_modules/@sentry/core/build/esm/instrument/console.js:53
[  126527ms] [LOG] [Fast Refresh] rebuilding @ webpack-internal:///(app-pages-browser)/./node_modules/@sentry/core/build/esm/instrument/console.js:53
[  126535ms] [LOG] [Fast Refresh] done in 7ms @ webpack-internal:///(app-pages-browser)/./node_modules/@sentry/core/build/esm/instrument/console.js:53
[  126741ms] [LOG] [Fast Refresh] rebuilding @ webpack-internal:///(app-pages-browser)/./node_modules/@sentry/core/build/esm/instrument/console.js:53
[  126814ms] [LOG] [Fast Refresh] done in 73ms @ webpack-internal:///(app-pages-browser)/./node_modules/@sentry/core/build/esm/instrument/console.js:53
[  126866ms] [LOG] [Fast Refresh] rebuilding @ webpack-internal:///(app-pages-browser)/./node_modules/@sentry/core/build/esm/instrument/console.js:53
[  126899ms] [LOG] [Fast Refresh] done in 32ms @ webpack-internal:///(app-pages-browser)/./node_modules/@sentry/core/build/esm/instrument/console.js:53
[  127038ms] [LOG] [Fast Refresh] rebuilding @ webpack-internal:///(app-pages-browser)/./node_modules/@sentry/core/build/esm/instrument/console.js:53
[  127056ms] [LOG] [Fast Refresh] done in 18ms @ webpack-internal:///(app-pages-browser)/./node_modules/@sentry/core/build/esm/instrument/console.js:53
[  127186ms] [LOG] [Fast Refresh] rebuilding @ webpack-internal:///(app-pages-browser)/./node_modules/@sentry/core/build/esm/instrument/console.js:53
[  127299ms] [LOG] [Fast Refresh] done in 113ms @ webpack-internal:///(app-pages-browser)/./node_modules/@sentry/core/build/esm/instrument/console.js:53
[  127375ms] [LOG] [Fast Refresh] rebuilding @ webpack-internal:///(app-pages-browser)/./node_modules/@sentry/core/build/esm/instrument/console.js:53
[  127432ms] [LOG] [Fast Refresh] done in 57ms @ webpack-internal:///(app-pages-browser)/./node_modules/@sentry/core/build/esm/instrument/console.js:53
[  127476ms] [LOG] [Fast Refresh] rebuilding @ webpack-internal:///(app-pages-browser)/./node_modules/@sentry/core/build/esm/instrument/console.js:53
[  127506ms] [LOG] [Fast Refresh] done in 30ms @ webpack-internal:///(app-pages-browser)/./node_modules/@sentry/core/build/esm/instrument/console.js:53
[  127662ms] NotFoundError: Failed to execute 'insertBefore' on 'Node': The node before which the new node is to be inserted is not a child of this node.
    at insertOrAppendPlacementNodeIntoContainer (webpack-internal:///(app-pages-browser)/./node_modules/next/dist/compiled/react-dom/cjs/react-dom-client.development.js:14131:17)
    at commitPlacement (webpack-internal:///(app-pages-browser)/./node_modules/next/dist/compiled/react-dom/cjs/react-dom-client.development.js:14261:11)
    at runWithFiberInDEV (webpack-internal:///(app-pages-browser)/./node_modules/next/dist/compiled/react-dom/cjs/react-dom-client.development.js:987:30)
    at commitReconciliationEffects (webpack-internal:///(app-pages-browser)/./node_modules/next/dist/compiled/react-dom/cjs/react-dom-client.development.js:16207:11)
    at commitMutationEffectsOnFiber (webpack-internal:///(app-pages-browser)/./node_modules/next/dist/compiled/react-dom/cjs/react-dom-client.development.js:15941:11)
    at recursivelyTraverseMutationEffects (webpack-internal:///(app-pages-browser)/./node_modules/next/dist/compiled/react-dom/cjs/react-dom-client.development.js:15714:11)
    at commitMutationEffectsOnFiber (webpack-internal:///(app-pages-browser)/./node_modules/next/dist/compiled/react-dom/cjs/react-dom-client.development.js:16170:11)
    at recursivelyTraverseMutationEffects (webpack-internal:///(app-pages-browser)/./node_modules/next/dist/compiled/react-dom/cjs/react-dom-client.development.js:15714:11)
    at commitMutationEffectsOnFiber (webpack-internal:///(app-pages-browser)/./node_modules/next/dist/compiled/react-dom/cjs/react-dom-client.development.js:15729:11)
    at recursivelyTraverseMutationEffects (webpack-internal:///(app-pages-browser)/./node_modules/next/dist/compiled/react-dom/cjs/react-dom-client.development.js:15714:11)
    at commitMutationEffectsOnFiber (webpack-internal:///(app-pages-browser)/./node_modules/next/dist/compiled/react-dom/cjs/react-dom-client.development.js:15745:11)
    at recursivelyTraverseMutationEffects (webpack-internal:///(app-pages-browser)/./node_modules/next/dist/compiled/react-dom/cjs/react-dom-client.development.js:15714:11)
    at commitMutationEffectsOnFiber (webpack-internal:///(app-pages-browser)/./node_modules/next/dist/compiled/react-dom/cjs/react-dom-client.development.js:15729:11)
    at recursivelyTraverseMutationEffects (webpack-internal:///(app-pages-browser)/./node_modules/next/dist/compiled/react-dom/cjs/react-dom-client.development.js:15714:11)
    at commitMutationEffectsOnFiber (webpack-internal:///(app-pages-browser)/./node_modules/next/dist/compiled/react-dom/cjs/react-dom-client.development.js:15745:11)
    at recursivelyTraverseMutationEffects (webpack-internal:///(app-pages-browser)/./node_modules/next/dist/compiled/react-dom/cjs/react-dom-client.development.js:15714:11)
    at commitMutationEffectsOnFiber (webpack-internal:///(app-pages-browser)/./node_modules/next/dist/compiled/react-dom/cjs/react-dom-client.development.js:15729:11)
    at recursivelyTraverseMutationEffects (webpack-internal:///(app-pages-browser)/./node_modules/next/dist/compiled/react-dom/cjs/react-dom-client.development.js:15714:11)
    at commitMutationEffectsOnFiber (webpack-internal:///(app-pages-browser)/./node_modules/next/dist/compiled/react-dom/cjs/react-dom-client.development.js:15729:11)
    at recursivelyTraverseMutationEffects (webpack-internal:///(app-pages-browser)/./node_modules/next/dist/compiled/react-dom/cjs/react-dom-client.development.js:15714:11)
    at commitMutationEffectsOnFiber (webpack-internal:///(app-pages-browser)/./node_modules/next/dist/compiled/react-dom/cjs/react-dom-client.development.js:15745:11)
    at recursivelyTraverseMutationEffects (webpack-internal:///(app-pages-browser)/./node_modules/next/dist/compiled/react-dom/cjs/react-dom-client.development.js:15714:11)
    at commitMutationEffectsOnFiber (webpack-internal:///(app-pages-browser)/./node_modules/next/dist/compiled/react-dom/cjs/react-dom-client.development.js:15729:11)
    at recursivelyTraverseMutationEffects (webpack-internal:///(app-pages-browser)/./node_modules/next/dist/compiled/react-dom/cjs/react-dom-client.development.js:15714:11)
    at commitMutationEffectsOnFiber (webpack-internal:///(app-pages-browser)/./node_modules/next/dist/compiled/react-dom/cjs/react-dom-client.development.js:16170:11)
    at recursivelyTraverseMutationEffects (webpack-internal:///(app-pages-browser)/./node_modules/next/dist/compiled/react-dom/cjs/react-dom-client.development.js:15714:11)
    at commitMutationEffectsOnFiber (webpack-internal:///(app-pages-browser)/./node_modules/next/dist/compiled/react-dom/cjs/react-dom-client.development.js:16170:11)
    at recursivelyTraverseMutationEffects (webpack-internal:///(app-pages-browser)/./node_modules/next/dist/compiled/react-dom/cjs/react-dom-client.development.js:15714:11)
    at commitMutationEffectsOnFiber (webpack-internal:///(app-pages-browser)/./node_modules/next/dist/compiled/react-dom/cjs/react-dom-client.development.js:16170:11)
    at recursivelyTraverseMutationEffects (webpack-internal:///(app-pages-browser)/./node_modules/next/dist/compiled/react-dom/cjs/react-dom-client.development.js:15714:11)
    at commitMutationEffectsOnFiber (webpack-internal:///(app-pages-browser)/./node_modules/next/dist/compiled/react-dom/cjs/react-dom-client.development.js:16170:11)
    at recursivelyTraverseMutationEffects (webpack-internal:///(app-pages-browser)/./node_modules/next/dist/compiled/react-dom/cjs/react-dom-client.development.js:15714:11)
    at commitMutationEffectsOnFiber (webpack-internal:///(app-pages-browser)/./node_modules/next/dist/compiled/react-dom/cjs/react-dom-client.development.js:16170:11)
    at recursivelyTraverseMutationEffects (webpack-internal:///(app-pages-browser)/./node_modules/next/dist/compiled/react-dom/cjs/react-dom-client.development.js:15714:11)
    at commitMutationEffectsOnFiber (webpack-internal:///(app-pages-browser)/./node_modules/next/dist/compiled/react-dom/cjs/react-dom-client.development.js:16170:11)
    at recursivelyTraverseMutationEffects (webpack-internal:///(app-pages-browser)/./node_modules/next/dist/compiled/react-dom/cjs/react-dom-client.development.js:15714:11)
    at commitMutationEffectsOnFiber (webpack-internal:///(app-pages-browser)/./node_modules/next/dist/compiled/react-dom/cjs/react-dom-client.development.js:16170:11)
    at recursivelyTraverseMutationEffects (webpack-internal:///(app-pages-browser)/./node_modules/next/dist/compiled/react-dom/cjs/react-dom-client.development.js:15714:11)
    at commitMutationEffectsOnFiber (webpack-internal:///(app-pages-browser)/./node_modules/next/dist/compiled/react-dom/cjs/react-dom-client.development.js:15729:11)
    at recursivelyTraverseMutationEffects (webpack-internal:///(app-pages-browser)/./node_modules/next/dist/compiled/react-dom/cjs/react-dom-client.development.js:15714:11)
    at commitMutationEffectsOnFiber (webpack-internal:///(app-pages-browser)/./node_modules/next/dist/compiled/react-dom/cjs/react-dom-client.development.js:15745:11)
    at recursivelyTraverseMutationEffects (webpack-internal:///(app-pages-browser)/./node_modules/next/dist/compiled/react-dom/cjs/react-dom-client.development.js:15714:11)
    at commitMutationEffectsOnFiber (webpack-internal:///(app-pages-browser)/./node_modules/next/dist/compiled/react-dom/cjs/react-dom-client.development.js:15729:11)
    at recursivelyTraverseMutationEffects (webpack-internal:///(app-pages-browser)/./node_modules/next/dist/compiled/react-dom/cjs/react-dom-client.development.js:15714:11)
    at commitMutationEffectsOnFiber (webpack-internal:///(app-pages-browser)/./node_modules/next/dist/compiled/react-dom/cjs/react-dom-client.development.js:15729:11)
    at recursivelyTraverseMutationEffects (webpack-internal:///(app-pages-browser)/./node_modules/next/dist/compiled/react-dom/cjs/react-dom-client.development.js:15714:11)
    at commitMutationEffectsOnFiber (webpack-internal:///(app-pages-browser)/./node_modules/next/dist/compiled/react-dom/cjs/react-dom-client.development.js:15729:11)
    at recursivelyTraverseMutationEffects (webpack-internal:///(app-pages-browser)/./node_modules/next/dist/compiled/react-dom/cjs/react-dom-client.development.js:15714:11)
    at commitMutationEffectsOnFiber (webpack-internal:///(app-pages-browser)/./node_modules/next/dist/compiled/react-dom/cjs/react-dom-client.development.js:16170:11)
    at recursivelyTraverseMutationEffects (webpack-internal:///(app-pages-browser)/./node_modules/next/dist/compiled/react-dom/cjs/react-dom-client.development.js:15714:11)
[  127664ms] NotFoundError: Failed to execute 'removeChild' on 'Node': The node to be removed is not a child of this node.
    at removeChildFromContainer (webpack-internal:///(app-pages-browser)/./node_modules/next/dist/compiled/react-dom/cjs/react-dom-client.development.js:23775:9)
    at runWithFiberInDEV (webpack-internal:///(app-pages-browser)/./node_modules/next/dist/compiled/react-dom/cjs/react-dom-client.development.js:987:30)
    at commitDeletionEffectsOnFiber (webpack-internal:///(app-pages-browser)/./node_modules/next/dist/compiled/react-dom/cjs/react-dom-client.development.js:15419:17)
    at recursivelyTraverseDeletionEffects (webpack-internal:///(app-pages-browser)/./node_modules/next/dist/compiled/react-dom/cjs/react-dom-client.development.js:15334:9)
    at commitDeletionEffectsOnFiber (webpack-internal:///(app-pages-browser)/./node_modules/next/dist/compiled/react-dom/cjs/react-dom-client.development.js:15546:11)
    at recursivelyTraverseDeletionEffects (webpack-internal:///(app-pages-browser)/./node_modules/next/dist/compiled/react-dom/cjs/react-dom-client.development.js:15334:9)
    at commitDeletionEffectsOnFiber (webpack-internal:///(app-pages-browser)/./node_modules/next/dist/compiled/react-dom/cjs/react-dom-client.development.js:15493:11)
    at recursivelyTraverseDeletionEffects (webpack-internal:///(app-pages-browser)/./node_modules/next/dist/compiled/react-dom/cjs/react-dom-client.development.js:15334:9)
    at commitDeletionEffectsOnFiber (webpack-internal:///(app-pages-browser)/./node_modules/next/dist/compiled/react-dom/cjs/react-dom-client.development.js:15509:11)
    at recursivelyTraverseDeletionEffects (webpack-internal:///(app-pages-browser)/./node_modules/next/dist/compiled/react-dom/cjs/react-dom-client.development.js:15334:9)
    at commitDeletionEffectsOnFiber (webpack-internal:///(app-pages-browser)/./node_modules/next/dist/compiled/react-dom/cjs/react-dom-client.development.js:15493:11)
    at recursivelyTraverseDeletionEffects (webpack-internal:///(app-pages-browser)/./node_modules/next/dist/compiled/react-dom/cjs/react-dom-client.development.js:15334:9)
    at commitDeletionEffectsOnFiber (webpack-internal:///(app-pages-browser)/./node_modules/next/dist/compiled/react-dom/cjs/react-dom-client.development.js:15509:11)
    at recursivelyTraverseDeletionEffects (webpack-internal:///(app-pages-browser)/./node_modules/next/dist/compiled/react-dom/cjs/react-dom-client.development.js:15334:9)
    at commitDeletionEffectsOnFiber (webpack-internal:///(app-pages-browser)/./node_modules/next/dist/compiled/react-dom/cjs/react-dom-client.development.js:15493:11)
    at recursivelyTraverseDeletionEffects (webpack-internal:///(app-pages-browser)/./node_modules/next/dist/compiled/react-dom/cjs/react-dom-client.development.js:15334:9)
    at commitDeletionEffectsOnFiber (webpack-internal:///(app-pages-browser)/./node_modules/next/dist/compiled/react-dom/cjs/react-dom-client.development.js:15493:11)
    at recursivelyTraverseMutationEffects (webpack-internal:///(app-pages-browser)/./node_modules/next/dist/compiled/react-dom/cjs/react-dom-client.development.js:15693:11)
    at commitMutationEffectsOnFiber (webpack-internal:///(app-pages-browser)/./node_modules/next/dist/compiled/react-dom/cjs/react-dom-client.development.js:15745:11)
    at recursivelyTraverseMutationEffects (webpack-internal:///(app-pages-browser)/./node_modules/next/dist/compiled/react-dom/cjs/react-dom-client.development.js:15714:11)
    at commitMutationEffectsOnFiber (webpack-internal:///(app-pages-browser)/./node_modules/next/dist/compiled/react-dom/cjs/react-dom-client.development.js:15729:11)
    at recursivelyTraverseMutationEffects (webpack-internal:///(app-pages-browser)/./node_modules/next/dist/compiled/react-dom/cjs/react-dom-client.development.js:15714:11)
    at commitMutationEffectsOnFiber (webpack-internal:///(app-pages-browser)/./node_modules/next/dist/compiled/react-dom/cjs/react-dom-client.development.js:16170:11)
    at recursivelyTraverseMutationEffects (webpack-internal:///(app-pages-browser)/./node_modules/next/dist/compiled/react-dom/cjs/react-dom-client.development.js:15714:11)
    at commitMutationEffectsOnFiber (webpack-internal:///(app-pages-browser)/./node_modules/next/dist/compiled/react-dom/cjs/react-dom-client.development.js:16170:11)
    at recursivelyTraverseMutationEffects (webpack-internal:///(app-pages-browser)/./node_modules/next/dist/compiled/react-dom/cjs/react-dom-client.development.js:15714:11)
    at commitMutationEffectsOnFiber (webpack-internal:///(app-pages-browser)/./node_modules/next/dist/compiled/react-dom/cjs/react-dom-client.development.js:16170:11)
    at recursivelyTraverseMutationEffects (webpack-internal:///(app-pages-browser)/./node_modules/next/dist/compiled/react-dom/cjs/react-dom-client.development.js:15714:11)
    at commitMutationEffectsOnFiber (webpack-internal:///(app-pages-browser)/./node_modules/next/dist/compiled/react-dom/cjs/react-dom-client.development.js:16170:11)
    at recursivelyTraverseMutationEffects (webpack-internal:///(app-pages-browser)/./node_modules/next/dist/compiled/react-dom/cjs/react-dom-client.development.js:15714:11)
    at commitMutationEffectsOnFiber (webpack-internal:///(app-pages-browser)/./node_modules/next/dist/compiled/react-dom/cjs/react-dom-client.development.js:16170:11)
    at recursivelyTraverseMutationEffects (webpack-internal:///(app-pages-browser)/./node_modules/next/dist/compiled/react-dom/cjs/react-dom-client.development.js:15714:11)
    at commitMutationEffectsOnFiber (webpack-internal:///(app-pages-browser)/./node_modules/next/dist/compiled/react-dom/cjs/react-dom-client.development.js:16170:11)
    at recursivelyTraverseMutationEffects (webpack-internal:///(app-pages-browser)/./node_modules/next/dist/compiled/react-dom/cjs/react-dom-client.development.js:15714:11)
    at commitMutationEffectsOnFiber (webpack-internal:///(app-pages-browser)/./node_modules/next/dist/compiled/react-dom/cjs/react-dom-client.development.js:16170:11)
    at recursivelyTraverseMutationEffects (webpack-internal:///(app-pages-browser)/./node_modules/next/dist/compiled/react-dom/cjs/react-dom-client.development.js:15714:11)
    at commitMutationEffectsOnFiber (webpack-internal:///(app-pages-browser)/./node_modules/next/dist/compiled/react-dom/cjs/react-dom-client.development.js:15729:11)
    at recursivelyTraverseMutationEffects (webpack-internal:///(app-pages-browser)/./node_modules/next/dist/compiled/react-dom/cjs/react-dom-client.development.js:15714:11)
    at commitMutationEffectsOnFiber (webpack-internal:///(app-pages-browser)/./node_modules/next/dist/compiled/react-dom/cjs/react-dom-client.development.js:15745:11)
    at recursivelyTraverseMutationEffects (webpack-internal:///(app-pages-browser)/./node_modules/next/dist/compiled/react-dom/cjs/react-dom-client.development.js:15714:11)
    at commitMutationEffectsOnFiber (webpack-internal:///(app-pages-browser)/./node_modules/next/dist/compiled/react-dom/cjs/react-dom-client.development.js:15729:11)
    at recursivelyTraverseMutationEffects (webpack-internal:///(app-pages-browser)/./node_modules/next/dist/compiled/react-dom/cjs/react-dom-client.development.js:15714:11)
    at commitMutationEffectsOnFiber (webpack-internal:///(app-pages-browser)/./node_modules/next/dist/compiled/react-dom/cjs/react-dom-client.development.js:15729:11)
    at recursivelyTraverseMutationEffects (webpack-internal:///(app-pages-browser)/./node_modules/next/dist/compiled/react-dom/cjs/react-dom-client.development.js:15714:11)
    at commitMutationEffectsOnFiber (webpack-internal:///(app-pages-browser)/./node_modules/next/dist/compiled/react-dom/cjs/react-dom-client.development.js:15729:11)
    at recursivelyTraverseMutationEffects (webpack-internal:///(app-pages-browser)/./node_modules/next/dist/compiled/react-dom/cjs/react-dom-client.development.js:15714:11)
    at commitMutationEffectsOnFiber (webpack-internal:///(app-pages-browser)/./node_modules/next/dist/compiled/react-dom/cjs/react-dom-client.development.js:16170:11)
    at recursivelyTraverseMutationEffects (webpack-internal:///(app-pages-browser)/./node_modules/next/dist/compiled/react-dom/cjs/react-dom-client.development.js:15714:11)
    at commitMutationEffectsOnFiber (webpack-internal:///(app-pages-browser)/./node_modules/next/dist/compiled/react-dom/cjs/react-dom-client.development.js:15729:11)
    at recursivelyTraverseMutationEffects (webpack-internal:///(app-pages-browser)/./node_modules/next/dist/compiled/react-dom/cjs/react-dom-client.development.js:15714:11)
[  127666ms] NotFoundError: Failed to execute 'removeChild' on 'Node': The node to be removed is not a child of this node.
    at removeChildFromContainer (webpack-internal:///(app-pages-browser)/./node_modules/next/dist/compiled/react-dom/cjs/react-dom-client.development.js:23775:9)
    at runWithFiberInDEV (webpack-internal:///(app-pages-browser)/./node_modules/next/dist/compiled/react-dom/cjs/react-dom-client.development.js:987:30)
    at commitDeletionEffectsOnFiber (webpack-internal:///(app-pages-browser)/./node_modules/next/dist/compiled/react-dom/cjs/react-dom-client.development.js:15419:17)
    at recursivelyTraverseDeletionEffects (webpack-internal:///(app-pages-browser)/./node_modules/next/dist/compiled/react-dom/cjs/react-dom-client.development.js:15334:9)
    at commitDeletionEffectsOnFiber (webpack-internal:///(app-pages-browser)/./node_modules/next/dist/compiled/react-dom/cjs/react-dom-client.development.js:15493:11)
    at recursivelyTraverseDeletionEffects (webpack-internal:///(app-pages-browser)/./node_modules/next/dist/compiled/react-dom/cjs/react-dom-client.development.js:15334:9)
    at commitDeletionEffectsOnFiber (webpack-internal:///(app-pages-browser)/./node_modules/next/dist/compiled/react-dom/cjs/react-dom-client.development.js:15546:11)
    at recursivelyTraverseDeletionEffects (webpack-internal:///(app-pages-browser)/./node_modules/next/dist/compiled/react-dom/cjs/react-dom-client.development.js:15334:9)
    at commitDeletionEffectsOnFiber (webpack-internal:///(app-pages-browser)/./node_modules/next/dist/compiled/react-dom/cjs/react-dom-client.development.js:15553:11)
    at recursivelyTraverseDeletionEffects (webpack-internal:///(app-pages-browser)/./node_modules/next/dist/compiled/react-dom/cjs/react-dom-client.development.js:15334:9)
    at commitDeletionEffectsOnFiber (webpack-internal:///(app-pages-browser)/./node_modules/next/dist/compiled/react-dom/cjs/react-dom-client.development.js:15493:11)
    at recursivelyTraverseDeletionEffects (webpack-internal:///(app-pages-browser)/./node_modules/next/dist/compiled/react-dom/cjs/react-dom-client.development.js:15334:9)
    at commitDeletionEffectsOnFiber (webpack-internal:///(app-pages-browser)/./node_modules/next/dist/compiled/react-dom/cjs/react-dom-client.development.js:15553:11)
    at recursivelyTraverseDeletionEffects (webpack-internal:///(app-pages-browser)/./node_modules/next/dist/compiled/react-dom/cjs/react-dom-client.development.js:15334:9)
    at commitDeletionEffectsOnFiber (webpack-internal:///(app-pages-browser)/./node_modules/next/dist/compiled/react-dom/cjs/react-dom-client.development.js:15493:11)
    at recursivelyTraverseDeletionEffects (webpack-internal:///(app-pages-browser)/./node_modules/next/dist/compiled/react-dom/cjs/react-dom-client.development.js:15334:9)
    at commitDeletionEffectsOnFiber (webpack-internal:///(app-pages-browser)/./node_modules/next/dist/compiled/react-dom/cjs/react-dom-client.development.js:15493:11)
    at recursivelyTraverseDeletionEffects (webpack-internal:///(app-pages-browser)/./node_modules/next/dist/compiled/react-dom/cjs/react-dom-client.development.js:15334:9)
    at commitDeletionEffectsOnFiber (webpack-internal:///(app-pages-browser)/./node_modules/next/dist/compiled/react-dom/cjs/react-dom-client.development.js:15553:11)
    at recursivelyTraverseDeletionEffects (webpack-internal:///(app-pages-browser)/./node_modules/next/dist/compiled/react-dom/cjs/react-dom-client.development.js:15334:9)
    at commitDeletionEffectsOnFiber (webpack-internal:///(app-pages-browser)/./node_modules/next/dist/compiled/react-dom/cjs/react-dom-client.development.js:15493:11)
    at recursivelyTraverseDeletionEffects (webpack-internal:///(app-pages-browser)/./node_modules/next/dist/compiled/react-dom/cjs/react-dom-client.development.js:15334:9)
    at commitDeletionEffectsOnFiber (webpack-internal:///(app-pages-browser)/./node_modules/next/dist/compiled/react-dom/cjs/react-dom-client.development.js:15493:11)
    at recursivelyTraverseDeletionEffects (webpack-internal:///(app-pages-browser)/./node_modules/next/dist/compiled/react-dom/cjs/react-dom-client.development.js:15334:9)
    at commitDeletionEffectsOnFiber (webpack-internal:///(app-pages-browser)/./node_modules/next/dist/compiled/react-dom/cjs/react-dom-client.development.js:15387:11)
    at recursivelyTraverseDeletionEffects (webpack-internal:///(app-pages-browser)/./node_modules/next/dist/compiled/react-dom/cjs/react-dom-client.development.js:15334:9)
    at commitDeletionEffectsOnFiber (webpack-internal:///(app-pages-browser)/./node_modules/next/dist/compiled/react-dom/cjs/react-dom-client.development.js:15387:11)
    at recursivelyTraverseDeletionEffects (webpack-internal:///(app-pages-browser)/./node_modules/next/dist/compiled/react-dom/cjs/react-dom-client.development.js:15334:9)
    at commitDeletionEffectsOnFiber (webpack-internal:///(app-pages-browser)/./node_modules/next/dist/compiled/react-dom/cjs/react-dom-client.development.js:15546:11)
    at recursivelyTraverseDeletionEffects (webpack-internal:///(app-pages-browser)/./node_modules/next/dist/compiled/react-dom/cjs/react-dom-client.development.js:15334:9)
    at commitDeletionEffectsOnFiber (webpack-internal:///(app-pages-browser)/./node_modules/next/dist/compiled/react-dom/cjs/react-dom-client.development.js:15493:11)
    at recursivelyTraverseDeletionEffects (webpack-internal:///(app-pages-browser)/./node_modules/next/dist/compiled/react-dom/cjs/react-dom-client.development.js:15334:9)
    at commitDeletionEffectsOnFiber (webpack-internal:///(app-pages-browser)/./node_modules/next/dist/compiled/react-dom/cjs/react-dom-client.development.js:15493:11)
    at recursivelyTraverseDeletionEffects (webpack-internal:///(app-pages-browser)/./node_modules/next/dist/compiled/react-dom/cjs/react-dom-client.development.js:15334:9)
    at commitDeletionEffectsOnFiber (webpack-internal:///(app-pages-browser)/./node_modules/next/dist/compiled/react-dom/cjs/react-dom-client.development.js:15509:11)
    at recursivelyTraverseDeletionEffects (webpack-internal:///(app-pages-browser)/./node_modules/next/dist/compiled/react-dom/cjs/react-dom-client.development.js:15334:9)
    at commitDeletionEffectsOnFiber (webpack-internal:///(app-pages-browser)/./node_modules/next/dist/compiled/react-dom/cjs/react-dom-client.development.js:15493:11)
    at recursivelyTraverseDeletionEffects (webpack-internal:///(app-pages-browser)/./node_modules/next/dist/compiled/react-dom/cjs/react-dom-client.development.js:15334:9)
    at commitDeletionEffectsOnFiber (webpack-internal:///(app-pages-browser)/./node_modules/next/dist/compiled/react-dom/cjs/react-dom-client.development.js:15509:11)
    at recursivelyTraverseDeletionEffects (webpack-internal:///(app-pages-browser)/./node_modules/next/dist/compiled/react-dom/cjs/react-dom-client.development.js:15334:9)
    at commitDeletionEffectsOnFiber (webpack-internal:///(app-pages-browser)/./node_modules/next/dist/compiled/react-dom/cjs/react-dom-client.development.js:15493:11)
    at recursivelyTraverseDeletionEffects (webpack-internal:///(app-pages-browser)/./node_modules/next/dist/compiled/react-dom/cjs/react-dom-client.development.js:15334:9)
    at commitDeletionEffectsOnFiber (webpack-internal:///(app-pages-browser)/./node_modules/next/dist/compiled/react-dom/cjs/react-dom-client.development.js:15493:11)
    at recursivelyTraverseMutationEffects (webpack-internal:///(app-pages-browser)/./node_modules/next/dist/compiled/react-dom/cjs/react-dom-client.development.js:15693:11)
    at commitMutationEffectsOnFiber (webpack-internal:///(app-pages-browser)/./node_modules/next/dist/compiled/react-dom/cjs/react-dom-client.development.js:15745:11)
    at recursivelyTraverseMutationEffects (webpack-internal:///(app-pages-browser)/./node_modules/next/dist/compiled/react-dom/cjs/react-dom-client.development.js:15714:11)
    at commitMutationEffectsOnFiber (webpack-internal:///(app-pages-browser)/./node_modules/next/dist/compiled/react-dom/cjs/react-dom-client.development.js:15729:11)
    at recursivelyTraverseMutationEffects (webpack-internal:///(app-pages-browser)/./node_modules/next/dist/compiled/react-dom/cjs/react-dom-client.development.js:15714:11)
    at commitMutationEffectsOnFiber (webpack-internal:///(app-pages-browser)/./node_modules/next/dist/compiled/react-dom/cjs/react-dom-client.development.js:16170:11)
    at recursivelyTraverseMutationEffects (webpack-internal:///(app-pages-browser)/./node_modules/next/dist/compiled/react-dom/cjs/react-dom-client.development.js:15714:11)
[  127683ms] [LOG] [Fast Refresh] rebuilding @ webpack-internal:///(app-pages-browser)/./node_modules/@sentry/core/build/esm/instrument/console.js:53
[  128127ms] [WARNING] [Fast Refresh] performing full reload because your application had an unrecoverable error @ webpack-internal:///(app-pages-browser)/./node_modules/@sentry/core/build/esm/instrument/console.js:53
[  128737ms] [LOG] [Fast Refresh] rebuilding @ webpack-internal:///(app-pages-browser)/./node_modules/@sentry/core/build/esm/instrument/console.js:53
[  128771ms] [WARNING] [Fast Refresh] performing full reload because your application had an unrecoverable error @ webpack-internal:///(app-pages-browser)/./node_modules/@sentry/core/build/esm/instrument/console.js:53
[  129079ms] [LOG] [Fast Refresh] rebuilding @ webpack-internal:///(app-pages-browser)/./node_modules/@sentry/core/build/esm/instrument/console.js:53
[  129094ms] [WARNING] [Fast Refresh] performing full reload because your application had an unrecoverable error @ webpack-internal:///(app-pages-browser)/./node_modules/@sentry/core/build/esm/instrument/console.js:53
[  129134ms] [LOG] [Fast Refresh] rebuilding @ webpack-internal:///(app-pages-browser)/./node_modules/@sentry/core/build/esm/instrument/console.js:53
[  129135ms] [LOG] [Fast Refresh] done in 2ms @ webpack-internal:///(app-pages-browser)/./node_modules/@sentry/core/build/esm/instrument/console.js:53
[  129185ms] [ERROR] Failed to load resource: the server responded with a status of 500 (Internal Server Error) @ http://localhost:3000/dashboard/facturacion?tab=emitidas:0
[  129250ms] [INFO] %cDownload the React DevTools for a better development experience: https://react.dev/link/react-devtools font-weight:bold @ webpack-internal:///(pages-dir-browser)/./node_modules/react-dom/cjs/react-dom-client.development.js:28004
[  129289ms] [ERROR] Creating a worker from 'blob:http://localhost:3000/d1202557-0693-4968-97f6-96640e44b050' violates the following Content Security Policy directive: "script-src 'self' 'unsafe-inline' 'unsafe-eval' https://cdnjs.cloudflare.com https://*.sentry.io https://*.posthog.com". Note that 'worker-src' was not explicitly set, so 'script-src' is used as a fallback. The action has been blocked. @ webpack-internal:///(pages-dir-browser)/./node_modules/@sentry/replay/build/npm/esm/index.js:5672
[  129301ms] Error: Manifest file is empty
    at evalManifest (file:///Users/daniilkonovalyukpanasyuk/enlaze/node_modules/next/dist/server/load-manifest.external.js:83:37)
    at loadManifestFromRelativePath (file:///Users/daniilkonovalyukpanasyuk/enlaze/node_modules/next/dist/server/load-manifest.external.js:109:16)
    at AppPageRouteModule.loadManifests (file:///Users/daniilkonovalyukpanasyuk/enlaze/node_modules/next/dist/compiled/next-server/app-page.runtime.dev.js:71:36620)
    at AppPageRouteModule.prepare (file:///Users/daniilkonovalyukpanasyuk/enlaze/node_modules/next/dist/compiled/next-server/app-page.runtime.dev.js:71:41329)
    at process.processTicksAndRejections (node:internal/process/task_queues:104:5)
    at async Module.handler (webpack-internal:///(rsc)/./node_modules/next/dist/build/webpack/loaders/next-app-loader/index.js?name=app%2Fdashboard%2Ffacturacion%2Fpage&page=%2Fdashboard%2Ffacturacion%2Fpage&appPaths=%2Fdashboard%2Ffacturacion%2Fpage&allNormalizedAppPaths=&pagePath=private-next-app-dir%2Fdashboard%2Ffacturacion%2Fpage.tsx&appDir=%2FUsers%2Fdaniilkonovalyukpanasyuk%2Fenlaze%2Fapp&pageExtensions=tsx&pageExtensions=ts&pageExtensions=jsx&pageExtensions=js&rootDir=%2FUsers%2Fdaniilkonovalyukpanasyuk%2Fenlaze&isDev=true&tsconfigPath=&basePath=&assetPrefix=&nextConfigOutput=&preferredRegion=&middlewareConfig=e30%3D&isGlobalNotFoundEnabled=!:253:27)
    at async DevServer.renderToResponseWithComponentsImpl (file:///Users/daniilkonovalyukpanasyuk/enlaze/node_modules/next/dist/server/base-server.js:1454:9)
    at async DevServer.renderPageComponent (file:///Users/daniilkonovalyukpanasyuk/enlaze/node_modules/next/dist/server/base-server.js:1506:24)
    at async DevServer.renderToResponseImpl (file:///Users/daniilkonovalyukpanasyuk/enlaze/node_modules/next/dist/server/base-server.js:1556:32)
    at async DevServer.pipeImpl (file:///Users/daniilkonovalyukpanasyuk/enlaze/node_modules/next/dist/server/base-server.js:1043:25)
    at async NextNodeServer.handleCatchallRenderRequest (file:///Users/daniilkonovalyukpanasyuk/enlaze/node_modules/next/dist/server/next-server.js:338:17)
    at async DevServer.handleRequestImpl (file:///Users/daniilkonovalyukpanasyuk/enlaze/node_modules/next/dist/server/base-server.js:934:17)
    at async (file:///Users/daniilkonovalyukpanasyuk/enlaze/node_modules/next/dist/server/dev/next-dev-server.js:394:20)
    at async Span.traceAsyncFn (file:///Users/daniilkonovalyukpanasyuk/enlaze/node_modules/next/dist/trace/trace.js:164:20)
    at async DevServer.handleRequest (file:///Users/daniilkonovalyukpanasyuk/enlaze/node_modules/next/dist/server/dev/next-dev-server.js:390:24)
    at async invokeRender (file:///Users/daniilkonovalyukpanasyuk/enlaze/node_modules/next/dist/server/lib/router-server.js:253:21)
    at async handleRequest (file:///Users/daniilkonovalyukpanasyuk/enlaze/node_modules/next/dist/server/lib/router-server.js:452:24)
    at async requestHandlerImpl (file:///Users/daniilkonovalyukpanasyuk/enlaze/node_modules/next/dist/server/lib/router-server.js:501:13)
    at async Server.requestListener (file:///Users/daniilkonovalyukpanasyuk/enlaze/node_modules/next/dist/server/lib/start-server.js:225:13)
[  129354ms] [LOG] [HMR] connected @ webpack-internal:///(pages-dir-browser)/./node_modules/@sentry/core/build/esm/instrument/console.js:53
[  129633ms] [WARNING] [Fast Refresh] performing full reload because your application had an unrecoverable error @ webpack-internal:///(pages-dir-browser)/./node_modules/@sentry/core/build/esm/instrument/console.js:53
[  129737ms] [LOG] [Fast Refresh] rebuilding @ webpack-internal:///(pages-dir-browser)/./node_modules/@sentry/core/build/esm/instrument/console.js:53
[  129740ms] [LOG] [Fast Refresh] rebuilding @ webpack-internal:///(pages-dir-browser)/./node_modules/@sentry/core/build/esm/instrument/console.js:53
[  129788ms] [WARNING] [Fast Refresh] performing full reload because your application had an unrecoverable error @ webpack-internal:///(pages-dir-browser)/./node_modules/@sentry/core/build/esm/instrument/console.js:53
[  129870ms] [LOG] [Fast Refresh] rebuilding @ webpack-internal:///(pages-dir-browser)/./node_modules/@sentry/core/build/esm/instrument/console.js:53
[  129873ms] [WARNING] [Fast Refresh] performing full reload because your application had an unrecoverable error @ webpack-internal:///(pages-dir-browser)/./node_modules/@sentry/core/build/esm/instrument/console.js:53
[  129964ms] [WARNING] [Fast Refresh] performing full reload because your application had an unrecoverable error @ webpack-internal:///(pages-dir-browser)/./node_modules/@sentry/core/build/esm/instrument/console.js:53
[  129999ms] [LOG] [Fast Refresh] rebuilding @ webpack-internal:///(pages-dir-browser)/./node_modules/@sentry/core/build/esm/instrument/console.js:53
[  130015ms] [WARNING] [Fast Refresh] performing full reload because your application had an unrecoverable error @ webpack-internal:///(pages-dir-browser)/./node_modules/@sentry/core/build/esm/instrument/console.js:53
[  130203ms] [ERROR] Failed to load resource: the server responded with a status of 500 (Internal Server Error) @ http://localhost:3000/dashboard/facturacion?tab=emitidas:0
[  130273ms] [INFO] %cDownload the React DevTools for a better development experience: https://react.dev/link/react-devtools font-weight:bold @ webpack-internal:///(pages-dir-browser)/./node_modules/react-dom/cjs/react-dom-client.development.js:28004
[  130313ms] [ERROR] Creating a worker from 'blob:http://localhost:3000/b0634ae7-700e-403e-b28d-6ee9887044fa' violates the following Content Security Policy directive: "script-src 'self' 'unsafe-inline' 'unsafe-eval' https://cdnjs.cloudflare.com https://*.sentry.io https://*.posthog.com". Note that 'worker-src' was not explicitly set, so 'script-src' is used as a fallback. The action has been blocked. @ webpack-internal:///(pages-dir-browser)/./node_modules/@sentry/replay/build/npm/esm/index.js:5672
[  130315ms] SyntaxError: Unexpected end of JSON input
    at JSON.parse (<anonymous>)
    at loadManifest (file:///Users/daniilkonovalyukpanasyuk/enlaze/node_modules/next/dist/server/load-manifest.external.js:54:25)
    at DevServer.getNextFontManifest (file:///Users/daniilkonovalyukpanasyuk/enlaze/node_modules/next/dist/server/next-server.js:867:55)
    at DevServer.findPageComponents (file:///Users/daniilkonovalyukpanasyuk/enlaze/node_modules/next/dist/server/dev/next-dev-server.js:703:39)
    at process.processTicksAndRejections (node:internal/process/task_queues:104:5)
    at async DevServer.renderPageComponent (file:///Users/daniilkonovalyukpanasyuk/enlaze/node_modules/next/dist/server/base-server.js:1492:24)
    at async DevServer.renderToResponseImpl (file:///Users/daniilkonovalyukpanasyuk/enlaze/node_modules/next/dist/server/base-server.js:1556:32)
    at async DevServer.pipeImpl (file:///Users/daniilkonovalyukpanasyuk/enlaze/node_modules/next/dist/server/base-server.js:1043:25)
    at async NextNodeServer.handleCatchallRenderRequest (file:///Users/daniilkonovalyukpanasyuk/enlaze/node_modules/next/dist/server/next-server.js:338:17)
    at async DevServer.handleRequestImpl (file:///Users/daniilkonovalyukpanasyuk/enlaze/node_modules/next/dist/server/base-server.js:934:17)
    at async (file:///Users/daniilkonovalyukpanasyuk/enlaze/node_modules/next/dist/server/dev/next-dev-server.js:394:20)
    at async Span.traceAsyncFn (file:///Users/daniilkonovalyukpanasyuk/enlaze/node_modules/next/dist/trace/trace.js:164:20)
    at async DevServer.handleRequest (file:///Users/daniilkonovalyukpanasyuk/enlaze/node_modules/next/dist/server/dev/next-dev-server.js:390:24)
    at async invokeRender (file:///Users/daniilkonovalyukpanasyuk/enlaze/node_modules/next/dist/server/lib/router-server.js:253:21)
    at async handleRequest (file:///Users/daniilkonovalyukpanasyuk/enlaze/node_modules/next/dist/server/lib/router-server.js:452:24)
    at async requestHandlerImpl (file:///Users/daniilkonovalyukpanasyuk/enlaze/node_modules/next/dist/server/lib/router-server.js:501:13)
    at async Server.requestListener (file:///Users/daniilkonovalyukpanasyuk/enlaze/node_modules/next/dist/server/lib/start-server.js:225:13)
[  130367ms] [LOG] [HMR] connected @ webpack-internal:///(pages-dir-browser)/./node_modules/@sentry/core/build/esm/instrument/console.js:53
[  130540ms] [WARNING] [Fast Refresh] performing full reload because your application had an unrecoverable error @ webpack-internal:///(pages-dir-browser)/./node_modules/@sentry/core/build/esm/instrument/console.js:53
[  130586ms] [LOG] [Fast Refresh] rebuilding @ webpack-internal:///(pages-dir-browser)/./node_modules/@sentry/core/build/esm/instrument/console.js:53
[  130868ms] [WARNING] [Fast Refresh] performing full reload because your application had an unrecoverable error @ webpack-internal:///(pages-dir-browser)/./node_modules/@sentry/core/build/esm/instrument/console.js:53
[  130895ms] [LOG] [Fast Refresh] rebuilding @ webpack-internal:///(pages-dir-browser)/./node_modules/@sentry/core/build/esm/instrument/console.js:53
[  131122ms] [WARNING] [Fast Refresh] performing full reload because your application had an unrecoverable error @ webpack-internal:///(pages-dir-browser)/./node_modules/@sentry/core/build/esm/instrument/console.js:53
[  131156ms] [LOG] [Fast Refresh] rebuilding @ webpack-internal:///(pages-dir-browser)/./node_modules/@sentry/core/build/esm/instrument/console.js:53
[  132439ms] [ERROR] Creating a worker from 'blob:http://localhost:3000/333ea659-f3fd-4724-94d7-583ad95af0f0' violates the following Content Security Policy directive: "script-src 'self' 'unsafe-inline' 'unsafe-eval' https://cdnjs.cloudflare.com https://*.sentry.io https://*.posthog.com". Note that 'worker-src' was not explicitly set, so 'script-src' is used as a fallback. The action has been blocked. @ webpack-internal:///(app-pages-browser)/./node_modules/@sentry/replay/build/npm/esm/index.js:5672
[  132446ms] [LOG] [Client Instrumentation Hook] Slow execution detected: 52ms (Note: Code download overhead is not included in this measurement) @ webpack-internal:///(app-pages-browser)/./node_modules/@sentry/core/build/esm/instrument/console.js:53
[  132474ms] [INFO] %cDownload the React DevTools for a better development experience: https://react.dev/link/react-devtools font-weight:bold @ webpack-internal:///(app-pages-browser)/./node_modules/@sentry/core/build/esm/instrument/console.js:53
[  132518ms] [LOG] [HMR] connected @ webpack-internal:///(app-pages-browser)/./node_modules/@sentry/core/build/esm/instrument/console.js:53
[  132540ms] [INFO] [analytics] NEXT_PUBLIC_POSTHOG_KEY not set — analytics disabled @ webpack-internal:///(app-pages-browser)/./node_modules/@sentry/core/build/esm/instrument/console.js:53
[  132564ms] [LOG] [Fast Refresh] rebuilding @ webpack-internal:///(app-pages-browser)/./node_modules/@sentry/core/build/esm/instrument/console.js:53
[  132767ms] [LOG] [Fast Refresh] done in 203ms @ webpack-internal:///(app-pages-browser)/./node_modules/@sentry/core/build/esm/instrument/console.js:53
[  132769ms] [LOG] [Fast Refresh] rebuilding @ webpack-internal:///(app-pages-browser)/./node_modules/@sentry/core/build/esm/instrument/console.js:53
[  132828ms] [LOG] [Fast Refresh] done in 58ms @ webpack-internal:///(app-pages-browser)/./node_modules/@sentry/core/build/esm/instrument/console.js:53
[  132876ms] [LOG] [Fast Refresh] rebuilding @ webpack-internal:///(app-pages-browser)/./node_modules/@sentry/core/build/esm/instrument/console.js:53
[  132881ms] [LOG] [Fast Refresh] done in 5ms @ webpack-internal:///(app-pages-browser)/./node_modules/@sentry/core/build/esm/instrument/console.js:53
[  133014ms] [LOG] [Fast Refresh] rebuilding @ webpack-internal:///(app-pages-browser)/./node_modules/@sentry/core/build/esm/instrument/console.js:53
[  133017ms] [LOG] [Fast Refresh] done in 3ms @ webpack-internal:///(app-pages-browser)/./node_modules/@sentry/core/build/esm/instrument/console.js:53
[  133257ms] [LOG] [Fast Refresh] rebuilding @ webpack-internal:///(app-pages-browser)/./node_modules/@sentry/core/build/esm/instrument/console.js:53
[  133288ms] [LOG] [Fast Refresh] done in 30ms @ webpack-internal:///(app-pages-browser)/./node_modules/@sentry/core/build/esm/instrument/console.js:53
[  133565ms] [LOG] [Fast Refresh] rebuilding @ webpack-internal:///(app-pages-browser)/./node_modules/@sentry/core/build/esm/instrument/console.js:53
[  133580ms] [LOG] [Fast Refresh] done in 14ms @ webpack-internal:///(app-pages-browser)/./node_modules/@sentry/core/build/esm/instrument/console.js:53
[  133617ms] [LOG] [Fast Refresh] rebuilding @ webpack-internal:///(app-pages-browser)/./node_modules/@sentry/core/build/esm/instrument/console.js:53
[  133619ms] [LOG] [Fast Refresh] done in 1ms @ webpack-internal:///(app-pages-browser)/./node_modules/@sentry/core/build/esm/instrument/console.js:53
[  133633ms] [ERROR] Failed to load resource: the server responded with a status of 500 (Internal Server Error) @ http://localhost:3000/dashboard/facturacion?tab=emitidas&_rsc=iwmrp:0
[  133684ms] [LOG] [Fast Refresh] rebuilding @ webpack-internal:///(app-pages-browser)/./node_modules/@sentry/core/build/esm/instrument/console.js:53
[  133995ms] [LOG] [Fast Refresh] done in 311ms @ webpack-internal:///(app-pages-browser)/./node_modules/@sentry/core/build/esm/instrument/console.js:53
[  134044ms] [LOG] [Fast Refresh] rebuilding @ webpack-internal:///(app-pages-browser)/./node_modules/@sentry/core/build/esm/instrument/console.js:53
[  134051ms] [LOG] [Fast Refresh] done in 6ms @ webpack-internal:///(app-pages-browser)/./node_modules/@sentry/core/build/esm/instrument/console.js:53
[  134324ms] [ERROR] Failed to load resource: the server responded with a status of 500 (Internal Server Error) @ http://localhost:3000/dashboard/facturacion?tab=emitidas&_rsc=iwmrp:0
[  134339ms] [ERROR] Failed to load resource: the server responded with a status of 500 (Internal Server Error) @ http://localhost:3000/dashboard/facturacion?tab=emitidas:0
[  134361ms] [INFO] %cDownload the React DevTools for a better development experience: https://react.dev/link/react-devtools font-weight:bold @ webpack-internal:///(pages-dir-browser)/./node_modules/react-dom/cjs/react-dom-client.development.js:28004
[  134394ms] [ERROR] Creating a worker from 'blob:http://localhost:3000/827f06bf-9197-4260-b3d0-7940799c47e5' violates the following Content Security Policy directive: "script-src 'self' 'unsafe-inline' 'unsafe-eval' https://cdnjs.cloudflare.com https://*.sentry.io https://*.posthog.com". Note that 'worker-src' was not explicitly set, so 'script-src' is used as a fallback. The action has been blocked. @ webpack-internal:///(pages-dir-browser)/./node_modules/@sentry/replay/build/npm/esm/index.js:5672
[  134398ms] SyntaxError: Unexpected end of JSON input
    at JSON.parse (<anonymous>)
    at loadManifest (file:///Users/daniilkonovalyukpanasyuk/enlaze/node_modules/next/dist/server/load-manifest.external.js:54:25)
    at loadManifestFromRelativePath (file:///Users/daniilkonovalyukpanasyuk/enlaze/node_modules/next/dist/server/load-manifest.external.js:111:12)
    at AppPageRouteModule.loadManifests (file:///Users/daniilkonovalyukpanasyuk/enlaze/node_modules/next/dist/compiled/next-server/app-page.runtime.dev.js:71:33979)
    at AppPageRouteModule.prepare (file:///Users/daniilkonovalyukpanasyuk/enlaze/node_modules/next/dist/compiled/next-server/app-page.runtime.dev.js:71:41329)
    at process.processTicksAndRejections (node:internal/process/task_queues:104:5)
    at async Module.handler (webpack-internal:///(rsc)/./node_modules/next/dist/build/webpack/loaders/next-app-loader/index.js?name=app%2Fdashboard%2Ffacturacion%2Fpage&page=%2Fdashboard%2Ffacturacion%2Fpage&appPaths=%2Fdashboard%2Ffacturacion%2Fpage&allNormalizedAppPaths=&pagePath=private-next-app-dir%2Fdashboard%2Ffacturacion%2Fpage.tsx&appDir=%2FUsers%2Fdaniilkonovalyukpanasyuk%2Fenlaze%2Fapp&pageExtensions=tsx&pageExtensions=ts&pageExtensions=jsx&pageExtensions=js&rootDir=%2FUsers%2Fdaniilkonovalyukpanasyuk%2Fenlaze&isDev=true&tsconfigPath=&basePath=&assetPrefix=&nextConfigOutput=&preferredRegion=&middlewareConfig=e30%3D&isGlobalNotFoundEnabled=!:253:27)
    at async DevServer.renderToResponseWithComponentsImpl (file:///Users/daniilkonovalyukpanasyuk/enlaze/node_modules/next/dist/server/base-server.js:1454:9)
    at async DevServer.renderPageComponent (file:///Users/daniilkonovalyukpanasyuk/enlaze/node_modules/next/dist/server/base-server.js:1506:24)
    at async DevServer.renderToResponseImpl (file:///Users/daniilkonovalyukpanasyuk/enlaze/node_modules/next/dist/server/base-server.js:1556:32)
    at async DevServer.pipeImpl (file:///Users/daniilkonovalyukpanasyuk/enlaze/node_modules/next/dist/server/base-server.js:1043:25)
    at async NextNodeServer.handleCatchallRenderRequest (file:///Users/daniilkonovalyukpanasyuk/enlaze/node_modules/next/dist/server/next-server.js:338:17)
    at async DevServer.handleRequestImpl (file:///Users/daniilkonovalyukpanasyuk/enlaze/node_modules/next/dist/server/base-server.js:934:17)
    at async (file:///Users/daniilkonovalyukpanasyuk/enlaze/node_modules/next/dist/server/dev/next-dev-server.js:394:20)
    at async Span.traceAsyncFn (file:///Users/daniilkonovalyukpanasyuk/enlaze/node_modules/next/dist/trace/trace.js:164:20)
    at async DevServer.handleRequest (file:///Users/daniilkonovalyukpanasyuk/enlaze/node_modules/next/dist/server/dev/next-dev-server.js:390:24)
    at async invokeRender (file:///Users/daniilkonovalyukpanasyuk/enlaze/node_modules/next/dist/server/lib/router-server.js:253:21)
    at async handleRequest (file:///Users/daniilkonovalyukpanasyuk/enlaze/node_modules/next/dist/server/lib/router-server.js:452:24)
    at async requestHandlerImpl (file:///Users/daniilkonovalyukpanasyuk/enlaze/node_modules/next/dist/server/lib/router-server.js:501:13)
    at async Server.requestListener (file:///Users/daniilkonovalyukpanasyuk/enlaze/node_modules/next/dist/server/lib/start-server.js:225:13)
[  134457ms] [LOG] [HMR] connected @ webpack-internal:///(pages-dir-browser)/./node_modules/@sentry/core/build/esm/instrument/console.js:53
[  134525ms] [LOG] [Fast Refresh] rebuilding @ webpack-internal:///(pages-dir-browser)/./node_modules/@sentry/core/build/esm/instrument/console.js:53
[  134742ms] [WARNING] [Fast Refresh] performing full reload because your application had an unrecoverable error @ webpack-internal:///(pages-dir-browser)/./node_modules/@sentry/core/build/esm/instrument/console.js:53
[  134785ms] [LOG] [Fast Refresh] rebuilding @ webpack-internal:///(pages-dir-browser)/./node_modules/@sentry/core/build/esm/instrument/console.js:53
[  134787ms] [WARNING] [Fast Refresh] performing full reload because your application had an unrecoverable error @ webpack-internal:///(pages-dir-browser)/./node_modules/@sentry/core/build/esm/instrument/console.js:53
[  135941ms] [ERROR] Creating a worker from 'blob:http://localhost:3000/16fcb783-c159-4454-954d-1d5e621b4b31' violates the following Content Security Policy directive: "script-src 'self' 'unsafe-inline' 'unsafe-eval' https://cdnjs.cloudflare.com https://*.sentry.io https://*.posthog.com". Note that 'worker-src' was not explicitly set, so 'script-src' is used as a fallback. The action has been blocked. @ webpack-internal:///(app-pages-browser)/./node_modules/@sentry/replay/build/npm/esm/index.js:5672
[  135947ms] [LOG] [Client Instrumentation Hook] Slow execution detected: 53ms (Note: Code download overhead is not included in this measurement) @ webpack-internal:///(app-pages-browser)/./node_modules/@sentry/core/build/esm/instrument/console.js:53
[  135976ms] [INFO] %cDownload the React DevTools for a better development experience: https://react.dev/link/react-devtools font-weight:bold @ webpack-internal:///(app-pages-browser)/./node_modules/@sentry/core/build/esm/instrument/console.js:53
[  136025ms] [LOG] [HMR] connected @ webpack-internal:///(app-pages-browser)/./node_modules/@sentry/core/build/esm/instrument/console.js:53
[  136053ms] [INFO] [analytics] NEXT_PUBLIC_POSTHOG_KEY not set — analytics disabled @ webpack-internal:///(app-pages-browser)/./node_modules/@sentry/core/build/esm/instrument/console.js:53
[  136190ms] [LOG] [Fast Refresh] rebuilding @ webpack-internal:///(app-pages-browser)/./node_modules/@sentry/core/build/esm/instrument/console.js:53
[  136430ms] [LOG] [Fast Refresh] done in 239ms @ webpack-internal:///(app-pages-browser)/./node_modules/@sentry/core/build/esm/instrument/console.js:53
[  136430ms] [LOG] [Fast Refresh] rebuilding @ webpack-internal:///(app-pages-browser)/./node_modules/@sentry/core/build/esm/instrument/console.js:53
[  136505ms] [LOG] [Fast Refresh] done in 75ms @ webpack-internal:///(app-pages-browser)/./node_modules/@sentry/core/build/esm/instrument/console.js:53
[  136505ms] [LOG] [Fast Refresh] rebuilding @ webpack-internal:///(app-pages-browser)/./node_modules/@sentry/core/build/esm/instrument/console.js:53
[  136649ms] [LOG] [Fast Refresh] done in 144ms @ webpack-internal:///(app-pages-browser)/./node_modules/@sentry/core/build/esm/instrument/console.js:53
[  136651ms] [LOG] [Fast Refresh] rebuilding @ webpack-internal:///(app-pages-browser)/./node_modules/@sentry/core/build/esm/instrument/console.js:53
[  136732ms] [LOG] [Fast Refresh] done in 81ms @ webpack-internal:///(app-pages-browser)/./node_modules/@sentry/core/build/esm/instrument/console.js:53
[  136818ms] [LOG] [Fast Refresh] rebuilding @ webpack-internal:///(app-pages-browser)/./node_modules/@sentry/core/build/esm/instrument/console.js:53
[  136883ms] [LOG] [Fast Refresh] done in 66ms @ webpack-internal:///(app-pages-browser)/./node_modules/@sentry/core/build/esm/instrument/console.js:53
[  136974ms] [LOG] [Fast Refresh] rebuilding @ webpack-internal:///(app-pages-browser)/./node_modules/@sentry/core/build/esm/instrument/console.js:53
[  137069ms] [LOG] [Fast Refresh] done in 96ms @ webpack-internal:///(app-pages-browser)/./node_modules/@sentry/core/build/esm/instrument/console.js:53
[  137139ms] [LOG] [Fast Refresh] rebuilding @ webpack-internal:///(app-pages-browser)/./node_modules/@sentry/core/build/esm/instrument/console.js:53
[  138065ms] [ERROR] Creating a worker from 'blob:http://localhost:3000/84f5c5d5-14ef-467b-9b07-d6c3fd823ad7' violates the following Content Security Policy directive: "script-src 'self' 'unsafe-inline' 'unsafe-eval' https://cdnjs.cloudflare.com https://*.sentry.io https://*.posthog.com". Note that 'worker-src' was not explicitly set, so 'script-src' is used as a fallback. The action has been blocked. @ webpack-internal:///(app-pages-browser)/./node_modules/@sentry/replay/build/npm/esm/index.js:5672
[  138073ms] [LOG] [Client Instrumentation Hook] Slow execution detected: 61ms (Note: Code download overhead is not included in this measurement) @ webpack-internal:///(app-pages-browser)/./node_modules/@sentry/core/build/esm/instrument/console.js:53
[  138104ms] [INFO] %cDownload the React DevTools for a better development experience: https://react.dev/link/react-devtools font-weight:bold @ webpack-internal:///(app-pages-browser)/./node_modules/@sentry/core/build/esm/instrument/console.js:53
[  138203ms] [LOG] [HMR] connected @ webpack-internal:///(app-pages-browser)/./node_modules/@sentry/core/build/esm/instrument/console.js:53
[  138372ms] [ERROR] Can't perform a React state update on a component that hasn't mounted yet. This indicates that you have a side-effect in your render function that asynchronously tries to update the component. Move this work to useEffect instead. @ webpack-internal:///(app-pages-browser)/./node_modules/@sentry/core/build/esm/instrument/console.js:53
[  138376ms] [LOG] [Fast Refresh] rebuilding @ webpack-internal:///(app-pages-browser)/./node_modules/@sentry/core/build/esm/instrument/console.js:53
[  138526ms] [LOG] [Fast Refresh] done in 151ms @ webpack-internal:///(app-pages-browser)/./node_modules/@sentry/core/build/esm/instrument/console.js:53
[  138527ms] [LOG] [Fast Refresh] rebuilding @ webpack-internal:///(app-pages-browser)/./node_modules/@sentry/core/build/esm/instrument/console.js:53
[  138540ms] [LOG] [Fast Refresh] done in 13ms @ webpack-internal:///(app-pages-browser)/./node_modules/@sentry/core/build/esm/instrument/console.js:53
[  138657ms] [LOG] [Fast Refresh] rebuilding @ webpack-internal:///(app-pages-browser)/./node_modules/@sentry/core/build/esm/instrument/console.js:53
[  138666ms] [LOG] [Fast Refresh] done in 9ms @ webpack-internal:///(app-pages-browser)/./node_modules/@sentry/core/build/esm/instrument/console.js:53
[  138794ms] [LOG] [Fast Refresh] rebuilding @ webpack-internal:///(app-pages-browser)/./node_modules/@sentry/core/build/esm/instrument/console.js:53
[  138806ms] [LOG] [Fast Refresh] done in 12ms @ webpack-internal:///(app-pages-browser)/./node_modules/@sentry/core/build/esm/instrument/console.js:53
[  138926ms] [LOG] [Fast Refresh] rebuilding @ webpack-internal:///(app-pages-browser)/./node_modules/@sentry/core/build/esm/instrument/console.js:53
[  138936ms] [LOG] [Fast Refresh] done in 10ms @ webpack-internal:///(app-pages-browser)/./node_modules/@sentry/core/build/esm/instrument/console.js:53
[  139056ms] [LOG] [Fast Refresh] rebuilding @ webpack-internal:///(app-pages-browser)/./node_modules/@sentry/core/build/esm/instrument/console.js:53
[  139060ms] [LOG] [Fast Refresh] done in 5ms @ webpack-internal:///(app-pages-browser)/./node_modules/@sentry/core/build/esm/instrument/console.js:53
[  139183ms] [LOG] [Fast Refresh] rebuilding @ webpack-internal:///(app-pages-browser)/./node_modules/@sentry/core/build/esm/instrument/console.js:53
[  139248ms] [LOG] [Fast Refresh] done in 64ms @ webpack-internal:///(app-pages-browser)/./node_modules/@sentry/core/build/esm/instrument/console.js:53
[  139307ms] [LOG] [Fast Refresh] rebuilding @ webpack-internal:///(app-pages-browser)/./node_modules/@sentry/core/build/esm/instrument/console.js:53
[  139317ms] [LOG] [Fast Refresh] done in 10ms @ webpack-internal:///(app-pages-browser)/./node_modules/@sentry/core/build/esm/instrument/console.js:53
[  139430ms] [LOG] [Fast Refresh] rebuilding @ webpack-internal:///(app-pages-browser)/./node_modules/@sentry/core/build/esm/instrument/console.js:53
[  139445ms] [LOG] [Fast Refresh] done in 15ms @ webpack-internal:///(app-pages-browser)/./node_modules/@sentry/core/build/esm/instrument/console.js:53
[  139554ms] [LOG] [Fast Refresh] rebuilding @ webpack-internal:///(app-pages-browser)/./node_modules/@sentry/core/build/esm/instrument/console.js:53
[  139564ms] [LOG] [Fast Refresh] done in 9ms @ webpack-internal:///(app-pages-browser)/./node_modules/@sentry/core/build/esm/instrument/console.js:53
[  139715ms] [LOG] [Fast Refresh] rebuilding @ webpack-internal:///(app-pages-browser)/./node_modules/@sentry/core/build/esm/instrument/console.js:53
[  139758ms] [LOG] [Fast Refresh] done in 43ms @ webpack-internal:///(app-pages-browser)/./node_modules/@sentry/core/build/esm/instrument/console.js:53
[  139824ms] [LOG] [Fast Refresh] rebuilding @ webpack-internal:///(app-pages-browser)/./node_modules/@sentry/core/build/esm/instrument/console.js:53
[  139900ms] [LOG] [Fast Refresh] done in 76ms @ webpack-internal:///(app-pages-browser)/./node_modules/@sentry/core/build/esm/instrument/console.js:53
[  139965ms] [LOG] [Fast Refresh] rebuilding @ webpack-internal:///(app-pages-browser)/./node_modules/@sentry/core/build/esm/instrument/console.js:53
[  139974ms] [LOG] [Fast Refresh] done in 9ms @ webpack-internal:///(app-pages-browser)/./node_modules/@sentry/core/build/esm/instrument/console.js:53
[  140105ms] [LOG] [Fast Refresh] rebuilding @ webpack-internal:///(app-pages-browser)/./node_modules/@sentry/core/build/esm/instrument/console.js:53
[  140124ms] [LOG] [Fast Refresh] done in 19ms @ webpack-internal:///(app-pages-browser)/./node_modules/@sentry/core/build/esm/instrument/console.js:53
[  140280ms] [LOG] [Fast Refresh] rebuilding @ webpack-internal:///(app-pages-browser)/./node_modules/@sentry/core/build/esm/instrument/console.js:53
[  140288ms] [LOG] [Fast Refresh] done in 8ms @ webpack-internal:///(app-pages-browser)/./node_modules/@sentry/core/build/esm/instrument/console.js:53
[  140417ms] [LOG] [Fast Refresh] rebuilding @ webpack-internal:///(app-pages-browser)/./node_modules/@sentry/core/build/esm/instrument/console.js:53
[  140433ms] [LOG] [Fast Refresh] done in 15ms @ webpack-internal:///(app-pages-browser)/./node_modules/@sentry/core/build/esm/instrument/console.js:53
[  140626ms] [LOG] [Fast Refresh] rebuilding @ webpack-internal:///(app-pages-browser)/./node_modules/@sentry/core/build/esm/instrument/console.js:53
[  140656ms] [LOG] [Fast Refresh] done in 29ms @ webpack-internal:///(app-pages-browser)/./node_modules/@sentry/core/build/esm/instrument/console.js:53
[  140889ms] [LOG] [Fast Refresh] rebuilding @ webpack-internal:///(app-pages-browser)/./node_modules/@sentry/core/build/esm/instrument/console.js:53
[  140899ms] [LOG] [Fast Refresh] done in 9ms @ webpack-internal:///(app-pages-browser)/./node_modules/@sentry/core/build/esm/instrument/console.js:53
[  141027ms] [LOG] [Fast Refresh] rebuilding @ webpack-internal:///(app-pages-browser)/./node_modules/@sentry/core/build/esm/instrument/console.js:53
[  141034ms] [LOG] [Fast Refresh] done in 7ms @ webpack-internal:///(app-pages-browser)/./node_modules/@sentry/core/build/esm/instrument/console.js:53
[  141151ms] [LOG] [Fast Refresh] rebuilding @ webpack-internal:///(app-pages-browser)/./node_modules/@sentry/core/build/esm/instrument/console.js:53
[  141168ms] [LOG] [Fast Refresh] done in 18ms @ webpack-internal:///(app-pages-browser)/./node_modules/@sentry/core/build/esm/instrument/console.js:53
[  141288ms] [LOG] [Fast Refresh] rebuilding @ webpack-internal:///(app-pages-browser)/./node_modules/@sentry/core/build/esm/instrument/console.js:53
[  141297ms] [LOG] [Fast Refresh] done in 9ms @ webpack-internal:///(app-pages-browser)/./node_modules/@sentry/core/build/esm/instrument/console.js:53
[  141416ms] [LOG] [Fast Refresh] rebuilding @ webpack-internal:///(app-pages-browser)/./node_modules/@sentry/core/build/esm/instrument/console.js:53
[  141426ms] [LOG] [Fast Refresh] done in 9ms @ webpack-internal:///(app-pages-browser)/./node_modules/@sentry/core/build/esm/instrument/console.js:53
[  141535ms] [LOG] [Fast Refresh] rebuilding @ webpack-internal:///(app-pages-browser)/./node_modules/@sentry/core/build/esm/instrument/console.js:53
[  141540ms] [LOG] [Fast Refresh] done in 5ms @ webpack-internal:///(app-pages-browser)/./node_modules/@sentry/core/build/esm/instrument/console.js:53
[  141658ms] [LOG] [Fast Refresh] rebuilding @ webpack-internal:///(app-pages-browser)/./node_modules/@sentry/core/build/esm/instrument/console.js:53
[  141667ms] [LOG] [Fast Refresh] done in 9ms @ webpack-internal:///(app-pages-browser)/./node_modules/@sentry/core/build/esm/instrument/console.js:53
[  141784ms] [LOG] [Fast Refresh] rebuilding @ webpack-internal:///(app-pages-browser)/./node_modules/@sentry/core/build/esm/instrument/console.js:53
[  141800ms] [LOG] [Fast Refresh] done in 17ms @ webpack-internal:///(app-pages-browser)/./node_modules/@sentry/core/build/esm/instrument/console.js:53
[  141907ms] [LOG] [Fast Refresh] rebuilding @ webpack-internal:///(app-pages-browser)/./node_modules/@sentry/core/build/esm/instrument/console.js:53
[  141918ms] [LOG] [Fast Refresh] done in 10ms @ webpack-internal:///(app-pages-browser)/./node_modules/@sentry/core/build/esm/instrument/console.js:53
[  142042ms] [LOG] [Fast Refresh] rebuilding @ webpack-internal:///(app-pages-browser)/./node_modules/@sentry/core/build/esm/instrument/console.js:53
[  142050ms] [LOG] [Fast Refresh] done in 9ms @ webpack-internal:///(app-pages-browser)/./node_modules/@sentry/core/build/esm/instrument/console.js:53
[  142166ms] [LOG] [Fast Refresh] rebuilding @ webpack-internal:///(app-pages-browser)/./node_modules/@sentry/core/build/esm/instrument/console.js:53
[  142171ms] [LOG] [Fast Refresh] done in 5ms @ webpack-internal:///(app-pages-browser)/./node_modules/@sentry/core/build/esm/instrument/console.js:53
[  142291ms] [LOG] [Fast Refresh] rebuilding @ webpack-internal:///(app-pages-browser)/./node_modules/@sentry/core/build/esm/instrument/console.js:53
[  142298ms] [LOG] [Fast Refresh] done in 8ms @ webpack-internal:///(app-pages-browser)/./node_modules/@sentry/core/build/esm/instrument/console.js:53
[  142412ms] [LOG] [Fast Refresh] rebuilding @ webpack-internal:///(app-pages-browser)/./node_modules/@sentry/core/build/esm/instrument/console.js:53
[  142421ms] [LOG] [Fast Refresh] done in 9ms @ webpack-internal:///(app-pages-browser)/./node_modules/@sentry/core/build/esm/instrument/console.js:53
[  142540ms] [LOG] [Fast Refresh] rebuilding @ webpack-internal:///(app-pages-browser)/./node_modules/@sentry/core/build/esm/instrument/console.js:53
[  142549ms] [LOG] [Fast Refresh] done in 9ms @ webpack-internal:///(app-pages-browser)/./node_modules/@sentry/core/build/esm/instrument/console.js:53
[  142659ms] [LOG] [Fast Refresh] rebuilding @ webpack-internal:///(app-pages-browser)/./node_modules/@sentry/core/build/esm/instrument/console.js:53
[  142674ms] [LOG] [Fast Refresh] done in 14ms @ webpack-internal:///(app-pages-browser)/./node_modules/@sentry/core/build/esm/instrument/console.js:53
[  142784ms] [LOG] [Fast Refresh] rebuilding @ webpack-internal:///(app-pages-browser)/./node_modules/@sentry/core/build/esm/instrument/console.js:53
[  142792ms] [LOG] [Fast Refresh] done in 9ms @ webpack-internal:///(app-pages-browser)/./node_modules/@sentry/core/build/esm/instrument/console.js:53
[  142912ms] [LOG] [Fast Refresh] rebuilding @ webpack-internal:///(app-pages-browser)/./node_modules/@sentry/core/build/esm/instrument/console.js:53
[  142922ms] [LOG] [Fast Refresh] done in 11ms @ webpack-internal:///(app-pages-browser)/./node_modules/@sentry/core/build/esm/instrument/console.js:53
[  143116ms] [LOG] [Fast Refresh] rebuilding @ webpack-internal:///(app-pages-browser)/./node_modules/@sentry/core/build/esm/instrument/console.js:53
[  143140ms] [LOG] [Fast Refresh] done in 25ms @ webpack-internal:///(app-pages-browser)/./node_modules/@sentry/core/build/esm/instrument/console.js:53
[  143362ms] [LOG] [Fast Refresh] rebuilding @ webpack-internal:///(app-pages-browser)/./node_modules/@sentry/core/build/esm/instrument/console.js:53
[  143377ms] [LOG] [Fast Refresh] done in 14ms @ webpack-internal:///(app-pages-browser)/./node_modules/@sentry/core/build/esm/instrument/console.js:53
[  143525ms] [LOG] [Fast Refresh] rebuilding @ webpack-internal:///(app-pages-browser)/./node_modules/@sentry/core/build/esm/instrument/console.js:53
[  143537ms] [LOG] [Fast Refresh] done in 11ms @ webpack-internal:///(app-pages-browser)/./node_modules/@sentry/core/build/esm/instrument/console.js:53
[  143664ms] [LOG] [Fast Refresh] rebuilding @ webpack-internal:///(app-pages-browser)/./node_modules/@sentry/core/build/esm/instrument/console.js:53
[  143671ms] [LOG] [Fast Refresh] done in 7ms @ webpack-internal:///(app-pages-browser)/./node_modules/@sentry/core/build/esm/instrument/console.js:53
[  143796ms] [LOG] [Fast Refresh] rebuilding @ webpack-internal:///(app-pages-browser)/./node_modules/@sentry/core/build/esm/instrument/console.js:53
[  143806ms] [LOG] [Fast Refresh] done in 9ms @ webpack-internal:///(app-pages-browser)/./node_modules/@sentry/core/build/esm/instrument/console.js:53
[  143924ms] [LOG] [Fast Refresh] rebuilding @ webpack-internal:///(app-pages-browser)/./node_modules/@sentry/core/build/esm/instrument/console.js:53
[  143942ms] [LOG] [Fast Refresh] done in 19ms @ webpack-internal:///(app-pages-browser)/./node_modules/@sentry/core/build/esm/instrument/console.js:53
[  144058ms] [LOG] [Fast Refresh] rebuilding @ webpack-internal:///(app-pages-browser)/./node_modules/@sentry/core/build/esm/instrument/console.js:53
[  144066ms] [LOG] [Fast Refresh] done in 8ms @ webpack-internal:///(app-pages-browser)/./node_modules/@sentry/core/build/esm/instrument/console.js:53
[  144198ms] [LOG] [Fast Refresh] rebuilding @ webpack-internal:///(app-pages-browser)/./node_modules/@sentry/core/build/esm/instrument/console.js:53
[  144254ms] [LOG] [Fast Refresh] done in 55ms @ webpack-internal:///(app-pages-browser)/./node_modules/@sentry/core/build/esm/instrument/console.js:53
[  144309ms] [LOG] [Fast Refresh] rebuilding @ webpack-internal:///(app-pages-browser)/./node_modules/@sentry/core/build/esm/instrument/console.js:53
[  144325ms] [LOG] [Fast Refresh] done in 16ms @ webpack-internal:///(app-pages-browser)/./node_modules/@sentry/core/build/esm/instrument/console.js:53
[  144643ms] [LOG] [Fast Refresh] rebuilding @ webpack-internal:///(app-pages-browser)/./node_modules/@sentry/core/build/esm/instrument/console.js:53
[  144655ms] [LOG] [Fast Refresh] done in 11ms @ webpack-internal:///(app-pages-browser)/./node_modules/@sentry/core/build/esm/instrument/console.js:53
[  144695ms] [LOG] [Fast Refresh] rebuilding @ webpack-internal:///(app-pages-browser)/./node_modules/@sentry/core/build/esm/instrument/console.js:53
[  144695ms] [LOG] [Fast Refresh] done in 0ms @ webpack-internal:///(app-pages-browser)/./node_modules/@sentry/core/build/esm/instrument/console.js:53
[  144708ms] [ERROR] Failed to load resource: the server responded with a status of 500 (Internal Server Error) @ http://localhost:3000/dashboard/facturacion?tab=escanear&_rsc=2f5wg:0
[  144766ms] [LOG] [Fast Refresh] rebuilding @ webpack-internal:///(app-pages-browser)/./node_modules/@sentry/core/build/esm/instrument/console.js:53
[  144909ms] [LOG] [Fast Refresh] done in 143ms @ webpack-internal:///(app-pages-browser)/./node_modules/@sentry/core/build/esm/instrument/console.js:53
[  145044ms] [LOG] [Fast Refresh] rebuilding @ webpack-internal:///(app-pages-browser)/./node_modules/@sentry/core/build/esm/instrument/console.js:53
[  148706ms] [WARNING] The resource http://localhost:3000/_next/static/media/e4af272ccee01ff0-s.p.woff2?v=1788472736294 was preloaded using link preload but not used within a few seconds from the window's load event. Please make sure it has an appropriate `as` value and it is preloaded intentionally. @ http://localhost:3000/dashboard/facturacion?tab=escanear:0
[  160506ms] [ERROR] Creating a worker from 'blob:http://localhost:3000/2c435159-a40e-4ff9-8746-0f93c761c2ed' violates the following Content Security Policy directive: "script-src 'self' 'unsafe-inline' 'unsafe-eval' https://cdnjs.cloudflare.com https://*.sentry.io https://*.posthog.com". Note that 'worker-src' was not explicitly set, so 'script-src' is used as a fallback. The action has been blocked. @ webpack-internal:///(app-pages-browser)/./node_modules/@sentry/replay/build/npm/esm/index.js:5672
[  160512ms] [LOG] [Client Instrumentation Hook] Slow execution detected: 50ms (Note: Code download overhead is not included in this measurement) @ webpack-internal:///(app-pages-browser)/./node_modules/@sentry/core/build/esm/instrument/console.js:53
[  160539ms] [INFO] %cDownload the React DevTools for a better development experience: https://react.dev/link/react-devtools font-weight:bold @ webpack-internal:///(app-pages-browser)/./node_modules/@sentry/core/build/esm/instrument/console.js:53
[  160597ms] [LOG] [HMR] connected @ webpack-internal:///(app-pages-browser)/./node_modules/@sentry/core/build/esm/instrument/console.js:53
[  160617ms] [INFO] [analytics] NEXT_PUBLIC_POSTHOG_KEY not set — analytics disabled @ webpack-internal:///(app-pages-browser)/./node_modules/@sentry/core/build/esm/instrument/console.js:53
[  160730ms] [LOG] [Fast Refresh] rebuilding @ webpack-internal:///(app-pages-browser)/./node_modules/@sentry/core/build/esm/instrument/console.js:53
[  160841ms] [LOG] [Fast Refresh] done in 111ms @ webpack-internal:///(app-pages-browser)/./node_modules/@sentry/core/build/esm/instrument/console.js:53
[  160843ms] [LOG] [Fast Refresh] rebuilding @ webpack-internal:///(app-pages-browser)/./node_modules/@sentry/core/build/esm/instrument/console.js:53
[  160919ms] [LOG] [Fast Refresh] done in 76ms @ webpack-internal:///(app-pages-browser)/./node_modules/@sentry/core/build/esm/instrument/console.js:53
[  161007ms] [LOG] [Fast Refresh] rebuilding @ webpack-internal:///(app-pages-browser)/./node_modules/@sentry/core/build/esm/instrument/console.js:53
[  161029ms] [LOG] [Fast Refresh] done in 22ms @ webpack-internal:///(app-pages-browser)/./node_modules/@sentry/core/build/esm/instrument/console.js:53
[  161151ms] [LOG] [Fast Refresh] rebuilding @ webpack-internal:///(app-pages-browser)/./node_modules/@sentry/core/build/esm/instrument/console.js:53
[  161169ms] [LOG] [Fast Refresh] done in 19ms @ webpack-internal:///(app-pages-browser)/./node_modules/@sentry/core/build/esm/instrument/console.js:53
[  161769ms] [LOG] [Fast Refresh] rebuilding @ webpack-internal:///(app-pages-browser)/./node_modules/@sentry/core/build/esm/instrument/console.js:53
[  161788ms] [LOG] [Fast Refresh] done in 19ms @ webpack-internal:///(app-pages-browser)/./node_modules/@sentry/core/build/esm/instrument/console.js:53
[  161825ms] [LOG] [Fast Refresh] rebuilding @ webpack-internal:///(app-pages-browser)/./node_modules/@sentry/core/build/esm/instrument/console.js:53
[  161827ms] [LOG] [Fast Refresh] done in 1ms @ webpack-internal:///(app-pages-browser)/./node_modules/@sentry/core/build/esm/instrument/console.js:53
[  161841ms] [ERROR] Failed to load resource: the server responded with a status of 500 (Internal Server Error) @ http://localhost:3000/dashboard/facturacion?tab=escanear&_rsc=2f5wg:0
[  161892ms] [LOG] [Fast Refresh] rebuilding @ webpack-internal:///(app-pages-browser)/./node_modules/@sentry/core/build/esm/instrument/console.js:53
[  162094ms] NotFoundError: Failed to execute 'removeChild' on 'Node': The node to be removed is not a child of this node.
    at removeChildFromContainer (webpack-internal:///(app-pages-browser)/./node_modules/next/dist/compiled/react-dom/cjs/react-dom-client.development.js:23775:9)
    at runWithFiberInDEV (webpack-internal:///(app-pages-browser)/./node_modules/next/dist/compiled/react-dom/cjs/react-dom-client.development.js:987:30)
    at commitDeletionEffectsOnFiber (webpack-internal:///(app-pages-browser)/./node_modules/next/dist/compiled/react-dom/cjs/react-dom-client.development.js:15419:17)
    at recursivelyTraverseMutationEffects (webpack-internal:///(app-pages-browser)/./node_modules/next/dist/compiled/react-dom/cjs/react-dom-client.development.js:15693:11)
    at commitMutationEffectsOnFiber (webpack-internal:///(app-pages-browser)/./node_modules/next/dist/compiled/react-dom/cjs/react-dom-client.development.js:15729:11)
    at recursivelyTraverseMutationEffects (webpack-internal:///(app-pages-browser)/./node_modules/next/dist/compiled/react-dom/cjs/react-dom-client.development.js:15714:11)
    at commitMutationEffectsOnFiber (webpack-internal:///(app-pages-browser)/./node_modules/next/dist/compiled/react-dom/cjs/react-dom-client.development.js:16170:11)
    at recursivelyTraverseMutationEffects (webpack-internal:///(app-pages-browser)/./node_modules/next/dist/compiled/react-dom/cjs/react-dom-client.development.js:15714:11)
    at commitMutationEffectsOnFiber (webpack-internal:///(app-pages-browser)/./node_modules/next/dist/compiled/react-dom/cjs/react-dom-client.development.js:16170:11)
    at recursivelyTraverseMutationEffects (webpack-internal:///(app-pages-browser)/./node_modules/next/dist/compiled/react-dom/cjs/react-dom-client.development.js:15714:11)
    at commitMutationEffectsOnFiber (webpack-internal:///(app-pages-browser)/./node_modules/next/dist/compiled/react-dom/cjs/react-dom-client.development.js:15729:11)
    at recursivelyTraverseMutationEffects (webpack-internal:///(app-pages-browser)/./node_modules/next/dist/compiled/react-dom/cjs/react-dom-client.development.js:15714:11)
    at commitMutationEffectsOnFiber (webpack-internal:///(app-pages-browser)/./node_modules/next/dist/compiled/react-dom/cjs/react-dom-client.development.js:16170:11)
    at recursivelyTraverseMutationEffects (webpack-internal:///(app-pages-browser)/./node_modules/next/dist/compiled/react-dom/cjs/react-dom-client.development.js:15714:11)
    at commitMutationEffectsOnFiber (webpack-internal:///(app-pages-browser)/./node_modules/next/dist/compiled/react-dom/cjs/react-dom-client.development.js:15729:11)
    at recursivelyTraverseMutationEffects (webpack-internal:///(app-pages-browser)/./node_modules/next/dist/compiled/react-dom/cjs/react-dom-client.development.js:15714:11)
    at commitMutationEffectsOnFiber (webpack-internal:///(app-pages-browser)/./node_modules/next/dist/compiled/react-dom/cjs/react-dom-client.development.js:15729:11)
    at recursivelyTraverseMutationEffects (webpack-internal:///(app-pages-browser)/./node_modules/next/dist/compiled/react-dom/cjs/react-dom-client.development.js:15714:11)
    at commitMutationEffectsOnFiber (webpack-internal:///(app-pages-browser)/./node_modules/next/dist/compiled/react-dom/cjs/react-dom-client.development.js:16170:11)
    at recursivelyTraverseMutationEffects (webpack-internal:///(app-pages-browser)/./node_modules/next/dist/compiled/react-dom/cjs/react-dom-client.development.js:15714:11)
    at commitMutationEffectsOnFiber (webpack-internal:///(app-pages-browser)/./node_modules/next/dist/compiled/react-dom/cjs/react-dom-client.development.js:15729:11)
    at recursivelyTraverseMutationEffects (webpack-internal:///(app-pages-browser)/./node_modules/next/dist/compiled/react-dom/cjs/react-dom-client.development.js:15714:11)
    at commitMutationEffectsOnFiber (webpack-internal:///(app-pages-browser)/./node_modules/next/dist/compiled/react-dom/cjs/react-dom-client.development.js:15729:11)
    at recursivelyTraverseMutationEffects (webpack-internal:///(app-pages-browser)/./node_modules/next/dist/compiled/react-dom/cjs/react-dom-client.development.js:15714:11)
    at commitMutationEffectsOnFiber (webpack-internal:///(app-pages-browser)/./node_modules/next/dist/compiled/react-dom/cjs/react-dom-client.development.js:15922:11)
    at recursivelyTraverseMutationEffects (webpack-internal:///(app-pages-browser)/./node_modules/next/dist/compiled/react-dom/cjs/react-dom-client.development.js:15714:11)
    at commitMutationEffectsOnFiber (webpack-internal:///(app-pages-browser)/./node_modules/next/dist/compiled/react-dom/cjs/react-dom-client.development.js:15922:11)
    at recursivelyTraverseMutationEffects (webpack-internal:///(app-pages-browser)/./node_modules/next/dist/compiled/react-dom/cjs/react-dom-client.development.js:15714:11)
    at commitMutationEffectsOnFiber (webpack-internal:///(app-pages-browser)/./node_modules/next/dist/compiled/react-dom/cjs/react-dom-client.development.js:16170:11)
    at recursivelyTraverseMutationEffects (webpack-internal:///(app-pages-browser)/./node_modules/next/dist/compiled/react-dom/cjs/react-dom-client.development.js:15714:11)
    at commitMutationEffectsOnFiber (webpack-internal:///(app-pages-browser)/./node_modules/next/dist/compiled/react-dom/cjs/react-dom-client.development.js:15729:11)
    at recursivelyTraverseMutationEffects (webpack-internal:///(app-pages-browser)/./node_modules/next/dist/compiled/react-dom/cjs/react-dom-client.development.js:15714:11)
    at commitMutationEffectsOnFiber (webpack-internal:///(app-pages-browser)/./node_modules/next/dist/compiled/react-dom/cjs/react-dom-client.development.js:15729:11)
    at recursivelyTraverseMutationEffects (webpack-internal:///(app-pages-browser)/./node_modules/next/dist/compiled/react-dom/cjs/react-dom-client.development.js:15714:11)
    at commitMutationEffectsOnFiber (webpack-internal:///(app-pages-browser)/./node_modules/next/dist/compiled/react-dom/cjs/react-dom-client.development.js:15745:11)
    at recursivelyTraverseMutationEffects (webpack-internal:///(app-pages-browser)/./node_modules/next/dist/compiled/react-dom/cjs/react-dom-client.development.js:15714:11)
    at commitMutationEffectsOnFiber (webpack-internal:///(app-pages-browser)/./node_modules/next/dist/compiled/react-dom/cjs/react-dom-client.development.js:15729:11)
    at recursivelyTraverseMutationEffects (webpack-internal:///(app-pages-browser)/./node_modules/next/dist/compiled/react-dom/cjs/react-dom-client.development.js:15714:11)
    at commitMutationEffectsOnFiber (webpack-internal:///(app-pages-browser)/./node_modules/next/dist/compiled/react-dom/cjs/react-dom-client.development.js:15745:11)
    at recursivelyTraverseMutationEffects (webpack-internal:///(app-pages-browser)/./node_modules/next/dist/compiled/react-dom/cjs/react-dom-client.development.js:15714:11)
    at commitMutationEffectsOnFiber (webpack-internal:///(app-pages-browser)/./node_modules/next/dist/compiled/react-dom/cjs/react-dom-client.development.js:15729:11)
    at recursivelyTraverseMutationEffects (webpack-internal:///(app-pages-browser)/./node_modules/next/dist/compiled/react-dom/cjs/react-dom-client.development.js:15714:11)
    at commitMutationEffectsOnFiber (webpack-internal:///(app-pages-browser)/./node_modules/next/dist/compiled/react-dom/cjs/react-dom-client.development.js:15729:11)
    at recursivelyTraverseMutationEffects (webpack-internal:///(app-pages-browser)/./node_modules/next/dist/compiled/react-dom/cjs/react-dom-client.development.js:15714:11)
    at commitMutationEffectsOnFiber (webpack-internal:///(app-pages-browser)/./node_modules/next/dist/compiled/react-dom/cjs/react-dom-client.development.js:15745:11)
    at recursivelyTraverseMutationEffects (webpack-internal:///(app-pages-browser)/./node_modules/next/dist/compiled/react-dom/cjs/react-dom-client.development.js:15714:11)
    at commitMutationEffectsOnFiber (webpack-internal:///(app-pages-browser)/./node_modules/next/dist/compiled/react-dom/cjs/react-dom-client.development.js:15729:11)
    at recursivelyTraverseMutationEffects (webpack-internal:///(app-pages-browser)/./node_modules/next/dist/compiled/react-dom/cjs/react-dom-client.development.js:15714:11)
    at commitMutationEffectsOnFiber (webpack-internal:///(app-pages-browser)/./node_modules/next/dist/compiled/react-dom/cjs/react-dom-client.development.js:16170:11)
    at recursivelyTraverseMutationEffects (webpack-internal:///(app-pages-browser)/./node_modules/next/dist/compiled/react-dom/cjs/react-dom-client.development.js:15714:11)
[  162187ms] [LOG] [Fast Refresh] rebuilding @ webpack-internal:///(app-pages-browser)/./node_modules/@sentry/core/build/esm/instrument/console.js:53
[  165936ms] [WARNING] The resource http://localhost:3000/_next/static/media/e4af272ccee01ff0-s.p.woff2?v=1788472753396 was preloaded using link preload but not used within a few seconds from the window's load event. Please make sure it has an appropriate `as` value and it is preloaded intentionally. @ http://localhost:3000/dashboard/facturacion?tab=escanear:0
[  186828ms] [ERROR] Creating a worker from 'blob:http://localhost:3000/3799a38d-aff7-4cba-aeed-8aa23d04e8b2' violates the following Content Security Policy directive: "script-src 'self' 'unsafe-inline' 'unsafe-eval' https://cdnjs.cloudflare.com https://*.sentry.io https://*.posthog.com". Note that 'worker-src' was not explicitly set, so 'script-src' is used as a fallback. The action has been blocked. @ webpack-internal:///(app-pages-browser)/./node_modules/@sentry/replay/build/npm/esm/index.js:5672
[  186833ms] [LOG] [Client Instrumentation Hook] Slow execution detected: 45ms (Note: Code download overhead is not included in this measurement) @ webpack-internal:///(app-pages-browser)/./node_modules/@sentry/core/build/esm/instrument/console.js:53
[  186859ms] [INFO] %cDownload the React DevTools for a better development experience: https://react.dev/link/react-devtools font-weight:bold @ webpack-internal:///(app-pages-browser)/./node_modules/@sentry/core/build/esm/instrument/console.js:53
[  186914ms] [LOG] [HMR] connected @ webpack-internal:///(app-pages-browser)/./node_modules/@sentry/core/build/esm/instrument/console.js:53
[  186934ms] [INFO] [analytics] NEXT_PUBLIC_POSTHOG_KEY not set — analytics disabled @ webpack-internal:///(app-pages-browser)/./node_modules/@sentry/core/build/esm/instrument/console.js:53
[  186972ms] [LOG] [Fast Refresh] rebuilding @ webpack-internal:///(app-pages-browser)/./node_modules/@sentry/core/build/esm/instrument/console.js:53
[  186980ms] [LOG] [Fast Refresh] done in 8ms @ webpack-internal:///(app-pages-browser)/./node_modules/@sentry/core/build/esm/instrument/console.js:53
[  187160ms] [LOG] [Fast Refresh] rebuilding @ webpack-internal:///(app-pages-browser)/./node_modules/@sentry/core/build/esm/instrument/console.js:53
[  187213ms] [LOG] [Fast Refresh] done in 53ms @ webpack-internal:///(app-pages-browser)/./node_modules/@sentry/core/build/esm/instrument/console.js:53
[  187254ms] [LOG] [Fast Refresh] rebuilding @ webpack-internal:///(app-pages-browser)/./node_modules/@sentry/core/build/esm/instrument/console.js:53
[  187259ms] [LOG] [Fast Refresh] done in 4ms @ webpack-internal:///(app-pages-browser)/./node_modules/@sentry/core/build/esm/instrument/console.js:53
[  187380ms] [LOG] [Fast Refresh] rebuilding @ webpack-internal:///(app-pages-browser)/./node_modules/@sentry/core/build/esm/instrument/console.js:53
[  187391ms] [LOG] [Fast Refresh] done in 10ms @ webpack-internal:///(app-pages-browser)/./node_modules/@sentry/core/build/esm/instrument/console.js:53
[  187504ms] [LOG] [Fast Refresh] rebuilding @ webpack-internal:///(app-pages-browser)/./node_modules/@sentry/core/build/esm/instrument/console.js:53
[  187506ms] [LOG] [Fast Refresh] done in 3ms @ webpack-internal:///(app-pages-browser)/./node_modules/@sentry/core/build/esm/instrument/console.js:53
[  187675ms] [LOG] [Fast Refresh] rebuilding @ webpack-internal:///(app-pages-browser)/./node_modules/@sentry/core/build/esm/instrument/console.js:53
[  187686ms] [LOG] [Fast Refresh] done in 12ms @ webpack-internal:///(app-pages-browser)/./node_modules/@sentry/core/build/esm/instrument/console.js:53
[  187948ms] [LOG] [Fast Refresh] rebuilding @ webpack-internal:///(app-pages-browser)/./node_modules/@sentry/core/build/esm/instrument/console.js:53
[  188003ms] [LOG] [Fast Refresh] done in 56ms @ webpack-internal:///(app-pages-browser)/./node_modules/@sentry/core/build/esm/instrument/console.js:53
[  188083ms] [LOG] [Fast Refresh] rebuilding @ webpack-internal:///(app-pages-browser)/./node_modules/@sentry/core/build/esm/instrument/console.js:53
[  188139ms] [LOG] [Fast Refresh] done in 56ms @ webpack-internal:///(app-pages-browser)/./node_modules/@sentry/core/build/esm/instrument/console.js:53
[  188203ms] [LOG] [Fast Refresh] rebuilding @ webpack-internal:///(app-pages-browser)/./node_modules/@sentry/core/build/esm/instrument/console.js:53
[  188255ms] [LOG] [Fast Refresh] done in 52ms @ webpack-internal:///(app-pages-browser)/./node_modules/@sentry/core/build/esm/instrument/console.js:53
[  188310ms] [LOG] [Fast Refresh] rebuilding @ webpack-internal:///(app-pages-browser)/./node_modules/@sentry/core/build/esm/instrument/console.js:53
[  188366ms] [LOG] [Fast Refresh] done in 56ms @ webpack-internal:///(app-pages-browser)/./node_modules/@sentry/core/build/esm/instrument/console.js:53
[  188413ms] NotFoundError: Failed to execute 'removeChild' on 'Node': The node to be removed is not a child of this node.
    at removeChildFromContainer (webpack-internal:///(app-pages-browser)/./node_modules/next/dist/compiled/react-dom/cjs/react-dom-client.development.js:23775:9)
    at runWithFiberInDEV (webpack-internal:///(app-pages-browser)/./node_modules/next/dist/compiled/react-dom/cjs/react-dom-client.development.js:987:30)
    at commitDeletionEffectsOnFiber (webpack-internal:///(app-pages-browser)/./node_modules/next/dist/compiled/react-dom/cjs/react-dom-client.development.js:15419:17)
    at recursivelyTraverseMutationEffects (webpack-internal:///(app-pages-browser)/./node_modules/next/dist/compiled/react-dom/cjs/react-dom-client.development.js:15693:11)
    at commitMutationEffectsOnFiber (webpack-internal:///(app-pages-browser)/./node_modules/next/dist/compiled/react-dom/cjs/react-dom-client.development.js:15729:11)
    at recursivelyTraverseMutationEffects (webpack-internal:///(app-pages-browser)/./node_modules/next/dist/compiled/react-dom/cjs/react-dom-client.development.js:15714:11)
    at commitMutationEffectsOnFiber (webpack-internal:///(app-pages-browser)/./node_modules/next/dist/compiled/react-dom/cjs/react-dom-client.development.js:16170:11)
    at recursivelyTraverseMutationEffects (webpack-internal:///(app-pages-browser)/./node_modules/next/dist/compiled/react-dom/cjs/react-dom-client.development.js:15714:11)
    at commitMutationEffectsOnFiber (webpack-internal:///(app-pages-browser)/./node_modules/next/dist/compiled/react-dom/cjs/react-dom-client.development.js:16170:11)
    at recursivelyTraverseMutationEffects (webpack-internal:///(app-pages-browser)/./node_modules/next/dist/compiled/react-dom/cjs/react-dom-client.development.js:15714:11)
    at commitMutationEffectsOnFiber (webpack-internal:///(app-pages-browser)/./node_modules/next/dist/compiled/react-dom/cjs/react-dom-client.development.js:15729:11)
    at recursivelyTraverseMutationEffects (webpack-internal:///(app-pages-browser)/./node_modules/next/dist/compiled/react-dom/cjs/react-dom-client.development.js:15714:11)
    at commitMutationEffectsOnFiber (webpack-internal:///(app-pages-browser)/./node_modules/next/dist/compiled/react-dom/cjs/react-dom-client.development.js:16170:11)
    at recursivelyTraverseMutationEffects (webpack-internal:///(app-pages-browser)/./node_modules/next/dist/compiled/react-dom/cjs/react-dom-client.development.js:15714:11)
    at commitMutationEffectsOnFiber (webpack-internal:///(app-pages-browser)/./node_modules/next/dist/compiled/react-dom/cjs/react-dom-client.development.js:15729:11)
    at recursivelyTraverseMutationEffects (webpack-internal:///(app-pages-browser)/./node_modules/next/dist/compiled/react-dom/cjs/react-dom-client.development.js:15714:11)
    at commitMutationEffectsOnFiber (webpack-internal:///(app-pages-browser)/./node_modules/next/dist/compiled/react-dom/cjs/react-dom-client.development.js:15729:11)
    at recursivelyTraverseMutationEffects (webpack-internal:///(app-pages-browser)/./node_modules/next/dist/compiled/react-dom/cjs/react-dom-client.development.js:15714:11)
    at commitMutationEffectsOnFiber (webpack-internal:///(app-pages-browser)/./node_modules/next/dist/compiled/react-dom/cjs/react-dom-client.development.js:16170:11)
    at recursivelyTraverseMutationEffects (webpack-internal:///(app-pages-browser)/./node_modules/next/dist/compiled/react-dom/cjs/react-dom-client.development.js:15714:11)
    at commitMutationEffectsOnFiber (webpack-internal:///(app-pages-browser)/./node_modules/next/dist/compiled/react-dom/cjs/react-dom-client.development.js:15729:11)
    at recursivelyTraverseMutationEffects (webpack-internal:///(app-pages-browser)/./node_modules/next/dist/compiled/react-dom/cjs/react-dom-client.development.js:15714:11)
    at commitMutationEffectsOnFiber (webpack-internal:///(app-pages-browser)/./node_modules/next/dist/compiled/react-dom/cjs/react-dom-client.development.js:15729:11)
    at recursivelyTraverseMutationEffects (webpack-internal:///(app-pages-browser)/./node_modules/next/dist/compiled/react-dom/cjs/react-dom-client.development.js:15714:11)
    at commitMutationEffectsOnFiber (webpack-internal:///(app-pages-browser)/./node_modules/next/dist/compiled/react-dom/cjs/react-dom-client.development.js:15922:11)
    at recursivelyTraverseMutationEffects (webpack-internal:///(app-pages-browser)/./node_modules/next/dist/compiled/react-dom/cjs/react-dom-client.development.js:15714:11)
    at commitMutationEffectsOnFiber (webpack-internal:///(app-pages-browser)/./node_modules/next/dist/compiled/react-dom/cjs/react-dom-client.development.js:15922:11)
    at recursivelyTraverseMutationEffects (webpack-internal:///(app-pages-browser)/./node_modules/next/dist/compiled/react-dom/cjs/react-dom-client.development.js:15714:11)
    at commitMutationEffectsOnFiber (webpack-internal:///(app-pages-browser)/./node_modules/next/dist/compiled/react-dom/cjs/react-dom-client.development.js:16170:11)
    at recursivelyTraverseMutationEffects (webpack-internal:///(app-pages-browser)/./node_modules/next/dist/compiled/react-dom/cjs/react-dom-client.development.js:15714:11)
    at commitMutationEffectsOnFiber (webpack-internal:///(app-pages-browser)/./node_modules/next/dist/compiled/react-dom/cjs/react-dom-client.development.js:15729:11)
    at recursivelyTraverseMutationEffects (webpack-internal:///(app-pages-browser)/./node_modules/next/dist/compiled/react-dom/cjs/react-dom-client.development.js:15714:11)
    at commitMutationEffectsOnFiber (webpack-internal:///(app-pages-browser)/./node_modules/next/dist/compiled/react-dom/cjs/react-dom-client.development.js:15729:11)
    at recursivelyTraverseMutationEffects (webpack-internal:///(app-pages-browser)/./node_modules/next/dist/compiled/react-dom/cjs/react-dom-client.development.js:15714:11)
    at commitMutationEffectsOnFiber (webpack-internal:///(app-pages-browser)/./node_modules/next/dist/compiled/react-dom/cjs/react-dom-client.development.js:15745:11)
    at recursivelyTraverseMutationEffects (webpack-internal:///(app-pages-browser)/./node_modules/next/dist/compiled/react-dom/cjs/react-dom-client.development.js:15714:11)
    at commitMutationEffectsOnFiber (webpack-internal:///(app-pages-browser)/./node_modules/next/dist/compiled/react-dom/cjs/react-dom-client.development.js:15729:11)
    at recursivelyTraverseMutationEffects (webpack-internal:///(app-pages-browser)/./node_modules/next/dist/compiled/react-dom/cjs/react-dom-client.development.js:15714:11)
    at commitMutationEffectsOnFiber (webpack-internal:///(app-pages-browser)/./node_modules/next/dist/compiled/react-dom/cjs/react-dom-client.development.js:15745:11)
    at recursivelyTraverseMutationEffects (webpack-internal:///(app-pages-browser)/./node_modules/next/dist/compiled/react-dom/cjs/react-dom-client.development.js:15714:11)
    at commitMutationEffectsOnFiber (webpack-internal:///(app-pages-browser)/./node_modules/next/dist/compiled/react-dom/cjs/react-dom-client.development.js:15729:11)
    at recursivelyTraverseMutationEffects (webpack-internal:///(app-pages-browser)/./node_modules/next/dist/compiled/react-dom/cjs/react-dom-client.development.js:15714:11)
    at commitMutationEffectsOnFiber (webpack-internal:///(app-pages-browser)/./node_modules/next/dist/compiled/react-dom/cjs/react-dom-client.development.js:15729:11)
    at recursivelyTraverseMutationEffects (webpack-internal:///(app-pages-browser)/./node_modules/next/dist/compiled/react-dom/cjs/react-dom-client.development.js:15714:11)
    at commitMutationEffectsOnFiber (webpack-internal:///(app-pages-browser)/./node_modules/next/dist/compiled/react-dom/cjs/react-dom-client.development.js:15745:11)
    at recursivelyTraverseMutationEffects (webpack-internal:///(app-pages-browser)/./node_modules/next/dist/compiled/react-dom/cjs/react-dom-client.development.js:15714:11)
    at commitMutationEffectsOnFiber (webpack-internal:///(app-pages-browser)/./node_modules/next/dist/compiled/react-dom/cjs/react-dom-client.development.js:15729:11)
    at recursivelyTraverseMutationEffects (webpack-internal:///(app-pages-browser)/./node_modules/next/dist/compiled/react-dom/cjs/react-dom-client.development.js:15714:11)
    at commitMutationEffectsOnFiber (webpack-internal:///(app-pages-browser)/./node_modules/next/dist/compiled/react-dom/cjs/react-dom-client.development.js:16170:11)
    at recursivelyTraverseMutationEffects (webpack-internal:///(app-pages-browser)/./node_modules/next/dist/compiled/react-dom/cjs/react-dom-client.development.js:15714:11)
[  188682ms] [LOG] [Fast Refresh] rebuilding @ webpack-internal:///(app-pages-browser)/./node_modules/@sentry/core/build/esm/instrument/console.js:53
[  188699ms] [WARNING] [Fast Refresh] performing full reload because your application had an unrecoverable error @ webpack-internal:///(app-pages-browser)/./node_modules/@sentry/core/build/esm/instrument/console.js:53
[  188733ms] [LOG] [Fast Refresh] rebuilding @ webpack-internal:///(app-pages-browser)/./node_modules/@sentry/core/build/esm/instrument/console.js:53
[  188734ms] [LOG] [Fast Refresh] done in 1ms @ webpack-internal:///(app-pages-browser)/./node_modules/@sentry/core/build/esm/instrument/console.js:53
[  188927ms] [ERROR] Failed to load resource: the server responded with a status of 500 (Internal Server Error) @ http://localhost:3000/dashboard/facturacion?tab=emitidas&_rsc=iwmrp:0
[  189135ms] [LOG] [Fast Refresh] rebuilding @ webpack-internal:///(app-pages-browser)/./node_modules/@sentry/core/build/esm/instrument/console.js:53
[  189139ms] [LOG] [Fast Refresh] rebuilding @ webpack-internal:///(app-pages-browser)/./node_modules/@sentry/core/build/esm/instrument/console.js:53
[  189194ms] [WARNING] [Fast Refresh] performing full reload because your application had an unrecoverable error @ webpack-internal:///(app-pages-browser)/./node_modules/@sentry/core/build/esm/instrument/console.js:53
[  189236ms] [LOG] [Fast Refresh] rebuilding @ webpack-internal:///(app-pages-browser)/./node_modules/@sentry/core/build/esm/instrument/console.js:53
[  189281ms] [WARNING] [Fast Refresh] performing full reload because your application had an unrecoverable error @ webpack-internal:///(app-pages-browser)/./node_modules/@sentry/core/build/esm/instrument/console.js:53
[  189366ms] [WARNING] [Fast Refresh] performing full reload because your application had an unrecoverable error @ webpack-internal:///(app-pages-browser)/./node_modules/@sentry/core/build/esm/instrument/console.js:53
[  189400ms] [LOG] [Fast Refresh] rebuilding @ webpack-internal:///(app-pages-browser)/./node_modules/@sentry/core/build/esm/instrument/console.js:53
[  189418ms] [WARNING] [Fast Refresh] performing full reload because your application had an unrecoverable error @ webpack-internal:///(app-pages-browser)/./node_modules/@sentry/core/build/esm/instrument/console.js:53
[  189618ms] [ERROR] Failed to load resource: the server responded with a status of 500 (Internal Server Error) @ http://localhost:3000/dashboard/facturacion?tab=emitidas:0
[  189679ms] [INFO] %cDownload the React DevTools for a better development experience: https://react.dev/link/react-devtools font-weight:bold @ webpack-internal:///(pages-dir-browser)/./node_modules/react-dom/cjs/react-dom-client.development.js:28004
[  189712ms] [ERROR] Creating a worker from 'blob:http://localhost:3000/587773e4-0214-4774-8599-ec24ac306083' violates the following Content Security Policy directive: "script-src 'self' 'unsafe-inline' 'unsafe-eval' https://cdnjs.cloudflare.com https://*.sentry.io https://*.posthog.com". Note that 'worker-src' was not explicitly set, so 'script-src' is used as a fallback. The action has been blocked. @ webpack-internal:///(pages-dir-browser)/./node_modules/@sentry/replay/build/npm/esm/index.js:5672
[  189714ms] SyntaxError: Unexpected end of JSON input
    at JSON.parse (<anonymous>)
    at loadManifest (file:///Users/daniilkonovalyukpanasyuk/enlaze/node_modules/next/dist/server/load-manifest.external.js:54:25)
    at loadManifestFromRelativePath (file:///Users/daniilkonovalyukpanasyuk/enlaze/node_modules/next/dist/server/load-manifest.external.js:111:12)
    at AppPageRouteModule.loadManifests (file:///Users/daniilkonovalyukpanasyuk/enlaze/node_modules/next/dist/compiled/next-server/app-page.runtime.dev.js:71:33979)
    at AppPageRouteModule.prepare (file:///Users/daniilkonovalyukpanasyuk/enlaze/node_modules/next/dist/compiled/next-server/app-page.runtime.dev.js:71:41329)
    at process.processTicksAndRejections (node:internal/process/task_queues:104:5)
    at async Module.handler (webpack-internal:///(rsc)/./node_modules/next/dist/build/webpack/loaders/next-app-loader/index.js?name=app%2Fdashboard%2Ffacturacion%2Fpage&page=%2Fdashboard%2Ffacturacion%2Fpage&appPaths=%2Fdashboard%2Ffacturacion%2Fpage&allNormalizedAppPaths=&pagePath=private-next-app-dir%2Fdashboard%2Ffacturacion%2Fpage.tsx&appDir=%2FUsers%2Fdaniilkonovalyukpanasyuk%2Fenlaze%2Fapp&pageExtensions=tsx&pageExtensions=ts&pageExtensions=jsx&pageExtensions=js&rootDir=%2FUsers%2Fdaniilkonovalyukpanasyuk%2Fenlaze&isDev=true&tsconfigPath=&basePath=&assetPrefix=&nextConfigOutput=&preferredRegion=&middlewareConfig=e30%3D&isGlobalNotFoundEnabled=!:253:27)
    at async DevServer.renderToResponseWithComponentsImpl (file:///Users/daniilkonovalyukpanasyuk/enlaze/node_modules/next/dist/server/base-server.js:1454:9)
    at async DevServer.renderPageComponent (file:///Users/daniilkonovalyukpanasyuk/enlaze/node_modules/next/dist/server/base-server.js:1506:24)
    at async DevServer.renderToResponseImpl (file:///Users/daniilkonovalyukpanasyuk/enlaze/node_modules/next/dist/server/base-server.js:1556:32)
    at async DevServer.pipeImpl (file:///Users/daniilkonovalyukpanasyuk/enlaze/node_modules/next/dist/server/base-server.js:1043:25)
    at async NextNodeServer.handleCatchallRenderRequest (file:///Users/daniilkonovalyukpanasyuk/enlaze/node_modules/next/dist/server/next-server.js:338:17)
    at async DevServer.handleRequestImpl (file:///Users/daniilkonovalyukpanasyuk/enlaze/node_modules/next/dist/server/base-server.js:934:17)
    at async (file:///Users/daniilkonovalyukpanasyuk/enlaze/node_modules/next/dist/server/dev/next-dev-server.js:394:20)
    at async Span.traceAsyncFn (file:///Users/daniilkonovalyukpanasyuk/enlaze/node_modules/next/dist/trace/trace.js:164:20)
    at async DevServer.handleRequest (file:///Users/daniilkonovalyukpanasyuk/enlaze/node_modules/next/dist/server/dev/next-dev-server.js:390:24)
    at async invokeRender (file:///Users/daniilkonovalyukpanasyuk/enlaze/node_modules/next/dist/server/lib/router-server.js:253:21)
    at async handleRequest (file:///Users/daniilkonovalyukpanasyuk/enlaze/node_modules/next/dist/server/lib/router-server.js:452:24)
    at async requestHandlerImpl (file:///Users/daniilkonovalyukpanasyuk/enlaze/node_modules/next/dist/server/lib/router-server.js:501:13)
    at async Server.requestListener (file:///Users/daniilkonovalyukpanasyuk/enlaze/node_modules/next/dist/server/lib/start-server.js:225:13)
[  189767ms] [LOG] [HMR] connected @ webpack-internal:///(pages-dir-browser)/./node_modules/@sentry/core/build/esm/instrument/console.js:53
[  189949ms] [WARNING] [Fast Refresh] performing full reload because your application had an unrecoverable error @ webpack-internal:///(pages-dir-browser)/./node_modules/@sentry/core/build/esm/instrument/console.js:53
[  189993ms] [LOG] [Fast Refresh] rebuilding @ webpack-internal:///(pages-dir-browser)/./node_modules/@sentry/core/build/esm/instrument/console.js:53
[  190243ms] [WARNING] [Fast Refresh] performing full reload because your application had an unrecoverable error @ webpack-internal:///(pages-dir-browser)/./node_modules/@sentry/core/build/esm/instrument/console.js:53
[  190268ms] [LOG] [Fast Refresh] rebuilding @ webpack-internal:///(pages-dir-browser)/./node_modules/@sentry/core/build/esm/instrument/console.js:53
[  190531ms] [WARNING] [Fast Refresh] performing full reload because your application had an unrecoverable error @ webpack-internal:///(pages-dir-browser)/./node_modules/@sentry/core/build/esm/instrument/console.js:53
[  190566ms] [LOG] [Fast Refresh] rebuilding @ webpack-internal:///(pages-dir-browser)/./node_modules/@sentry/core/build/esm/instrument/console.js:53
[  194550ms] [WARNING] The resource http://localhost:3000/_next/static/media/e4af272ccee01ff0-s.p.woff2?v=1788472782005 was preloaded using link preload but not used within a few seconds from the window's load event. Please make sure it has an appropriate `as` value and it is preloaded intentionally. @ http://localhost:3000/dashboard/facturacion?tab=recibidas:0
[  213145ms] [ERROR] Creating a worker from 'blob:http://localhost:3000/a9c3bd12-2d2d-4760-a89f-e3b56273c36e' violates the following Content Security Policy directive: "script-src 'self' 'unsafe-inline' 'unsafe-eval' https://cdnjs.cloudflare.com https://*.sentry.io https://*.posthog.com". Note that 'worker-src' was not explicitly set, so 'script-src' is used as a fallback. The action has been blocked. @ webpack-internal:///(app-pages-browser)/./node_modules/@sentry/replay/build/npm/esm/index.js:5672
[  213152ms] [LOG] [Client Instrumentation Hook] Slow execution detected: 51ms (Note: Code download overhead is not included in this measurement) @ webpack-internal:///(app-pages-browser)/./node_modules/@sentry/core/build/esm/instrument/console.js:53
[  213178ms] [INFO] %cDownload the React DevTools for a better development experience: https://react.dev/link/react-devtools font-weight:bold @ webpack-internal:///(app-pages-browser)/./node_modules/@sentry/core/build/esm/instrument/console.js:53
[  213232ms] [LOG] [HMR] connected @ webpack-internal:///(app-pages-browser)/./node_modules/@sentry/core/build/esm/instrument/console.js:53
[  213255ms] [INFO] [analytics] NEXT_PUBLIC_POSTHOG_KEY not set — analytics disabled @ webpack-internal:///(app-pages-browser)/./node_modules/@sentry/core/build/esm/instrument/console.js:53
[  213296ms] [LOG] [Fast Refresh] rebuilding @ webpack-internal:///(app-pages-browser)/./node_modules/@sentry/core/build/esm/instrument/console.js:53
[  213303ms] [LOG] [Fast Refresh] done in 8ms @ webpack-internal:///(app-pages-browser)/./node_modules/@sentry/core/build/esm/instrument/console.js:53
[  213475ms] [LOG] [Fast Refresh] rebuilding @ webpack-internal:///(app-pages-browser)/./node_modules/@sentry/core/build/esm/instrument/console.js:53
[  213492ms] [LOG] [Fast Refresh] done in 17ms @ webpack-internal:///(app-pages-browser)/./node_modules/@sentry/core/build/esm/instrument/console.js:53
[  213591ms] [LOG] [Fast Refresh] rebuilding @ webpack-internal:///(app-pages-browser)/./node_modules/@sentry/core/build/esm/instrument/console.js:53
[  213594ms] [LOG] [Fast Refresh] done in 3ms @ webpack-internal:///(app-pages-browser)/./node_modules/@sentry/core/build/esm/instrument/console.js:53
[  214050ms] [LOG] [Fast Refresh] rebuilding @ webpack-internal:///(app-pages-browser)/./node_modules/@sentry/core/build/esm/instrument/console.js:53
[  214067ms] [LOG] [Fast Refresh] done in 18ms @ webpack-internal:///(app-pages-browser)/./node_modules/@sentry/core/build/esm/instrument/console.js:53
[  214392ms] [LOG] [Fast Refresh] rebuilding @ webpack-internal:///(app-pages-browser)/./node_modules/@sentry/core/build/esm/instrument/console.js:53
[  214408ms] [LOG] [Fast Refresh] done in 16ms @ webpack-internal:///(app-pages-browser)/./node_modules/@sentry/core/build/esm/instrument/console.js:53
[  214442ms] [LOG] [Fast Refresh] rebuilding @ webpack-internal:///(app-pages-browser)/./node_modules/@sentry/core/build/esm/instrument/console.js:53
[  214444ms] [LOG] [Fast Refresh] done in 1ms @ webpack-internal:///(app-pages-browser)/./node_modules/@sentry/core/build/esm/instrument/console.js:53
[  214651ms] [ERROR] Failed to load resource: the server responded with a status of 500 (Internal Server Error) @ http://localhost:3000/dashboard/facturacion?tab=recibidas&_rsc=myjpi:0
[  214726ms] NotFoundError: Failed to execute 'removeChild' on 'Node': The node to be removed is not a child of this node.
    at removeChildFromContainer (webpack-internal:///(app-pages-browser)/./node_modules/next/dist/compiled/react-dom/cjs/react-dom-client.development.js:23775:9)
    at runWithFiberInDEV (webpack-internal:///(app-pages-browser)/./node_modules/next/dist/compiled/react-dom/cjs/react-dom-client.development.js:987:30)
    at commitDeletionEffectsOnFiber (webpack-internal:///(app-pages-browser)/./node_modules/next/dist/compiled/react-dom/cjs/react-dom-client.development.js:15419:17)
    at recursivelyTraverseMutationEffects (webpack-internal:///(app-pages-browser)/./node_modules/next/dist/compiled/react-dom/cjs/react-dom-client.development.js:15693:11)
    at commitMutationEffectsOnFiber (webpack-internal:///(app-pages-browser)/./node_modules/next/dist/compiled/react-dom/cjs/react-dom-client.development.js:15729:11)
    at recursivelyTraverseMutationEffects (webpack-internal:///(app-pages-browser)/./node_modules/next/dist/compiled/react-dom/cjs/react-dom-client.development.js:15714:11)
    at commitMutationEffectsOnFiber (webpack-internal:///(app-pages-browser)/./node_modules/next/dist/compiled/react-dom/cjs/react-dom-client.development.js:16170:11)
    at recursivelyTraverseMutationEffects (webpack-internal:///(app-pages-browser)/./node_modules/next/dist/compiled/react-dom/cjs/react-dom-client.development.js:15714:11)
    at commitMutationEffectsOnFiber (webpack-internal:///(app-pages-browser)/./node_modules/next/dist/compiled/react-dom/cjs/react-dom-client.development.js:16170:11)
    at recursivelyTraverseMutationEffects (webpack-internal:///(app-pages-browser)/./node_modules/next/dist/compiled/react-dom/cjs/react-dom-client.development.js:15714:11)
    at commitMutationEffectsOnFiber (webpack-internal:///(app-pages-browser)/./node_modules/next/dist/compiled/react-dom/cjs/react-dom-client.development.js:15729:11)
    at recursivelyTraverseMutationEffects (webpack-internal:///(app-pages-browser)/./node_modules/next/dist/compiled/react-dom/cjs/react-dom-client.development.js:15714:11)
    at commitMutationEffectsOnFiber (webpack-internal:///(app-pages-browser)/./node_modules/next/dist/compiled/react-dom/cjs/react-dom-client.development.js:16170:11)
    at recursivelyTraverseMutationEffects (webpack-internal:///(app-pages-browser)/./node_modules/next/dist/compiled/react-dom/cjs/react-dom-client.development.js:15714:11)
    at commitMutationEffectsOnFiber (webpack-internal:///(app-pages-browser)/./node_modules/next/dist/compiled/react-dom/cjs/react-dom-client.development.js:15729:11)
    at recursivelyTraverseMutationEffects (webpack-internal:///(app-pages-browser)/./node_modules/next/dist/compiled/react-dom/cjs/react-dom-client.development.js:15714:11)
    at commitMutationEffectsOnFiber (webpack-internal:///(app-pages-browser)/./node_modules/next/dist/compiled/react-dom/cjs/react-dom-client.development.js:15729:11)
    at recursivelyTraverseMutationEffects (webpack-internal:///(app-pages-browser)/./node_modules/next/dist/compiled/react-dom/cjs/react-dom-client.development.js:15714:11)
    at commitMutationEffectsOnFiber (webpack-internal:///(app-pages-browser)/./node_modules/next/dist/compiled/react-dom/cjs/react-dom-client.development.js:16170:11)
    at recursivelyTraverseMutationEffects (webpack-internal:///(app-pages-browser)/./node_modules/next/dist/compiled/react-dom/cjs/react-dom-client.development.js:15714:11)
    at commitMutationEffectsOnFiber (webpack-internal:///(app-pages-browser)/./node_modules/next/dist/compiled/react-dom/cjs/react-dom-client.development.js:15729:11)
    at recursivelyTraverseMutationEffects (webpack-internal:///(app-pages-browser)/./node_modules/next/dist/compiled/react-dom/cjs/react-dom-client.development.js:15714:11)
    at commitMutationEffectsOnFiber (webpack-internal:///(app-pages-browser)/./node_modules/next/dist/compiled/react-dom/cjs/react-dom-client.development.js:15729:11)
    at recursivelyTraverseMutationEffects (webpack-internal:///(app-pages-browser)/./node_modules/next/dist/compiled/react-dom/cjs/react-dom-client.development.js:15714:11)
    at commitMutationEffectsOnFiber (webpack-internal:///(app-pages-browser)/./node_modules/next/dist/compiled/react-dom/cjs/react-dom-client.development.js:15922:11)
    at recursivelyTraverseMutationEffects (webpack-internal:///(app-pages-browser)/./node_modules/next/dist/compiled/react-dom/cjs/react-dom-client.development.js:15714:11)
    at commitMutationEffectsOnFiber (webpack-internal:///(app-pages-browser)/./node_modules/next/dist/compiled/react-dom/cjs/react-dom-client.development.js:15922:11)
    at recursivelyTraverseMutationEffects (webpack-internal:///(app-pages-browser)/./node_modules/next/dist/compiled/react-dom/cjs/react-dom-client.development.js:15714:11)
    at commitMutationEffectsOnFiber (webpack-internal:///(app-pages-browser)/./node_modules/next/dist/compiled/react-dom/cjs/react-dom-client.development.js:16170:11)
    at recursivelyTraverseMutationEffects (webpack-internal:///(app-pages-browser)/./node_modules/next/dist/compiled/react-dom/cjs/react-dom-client.development.js:15714:11)
    at commitMutationEffectsOnFiber (webpack-internal:///(app-pages-browser)/./node_modules/next/dist/compiled/react-dom/cjs/react-dom-client.development.js:15729:11)
    at recursivelyTraverseMutationEffects (webpack-internal:///(app-pages-browser)/./node_modules/next/dist/compiled/react-dom/cjs/react-dom-client.development.js:15714:11)
    at commitMutationEffectsOnFiber (webpack-internal:///(app-pages-browser)/./node_modules/next/dist/compiled/react-dom/cjs/react-dom-client.development.js:15729:11)
    at recursivelyTraverseMutationEffects (webpack-internal:///(app-pages-browser)/./node_modules/next/dist/compiled/react-dom/cjs/react-dom-client.development.js:15714:11)
    at commitMutationEffectsOnFiber (webpack-internal:///(app-pages-browser)/./node_modules/next/dist/compiled/react-dom/cjs/react-dom-client.development.js:15745:11)
    at recursivelyTraverseMutationEffects (webpack-internal:///(app-pages-browser)/./node_modules/next/dist/compiled/react-dom/cjs/react-dom-client.development.js:15714:11)
    at commitMutationEffectsOnFiber (webpack-internal:///(app-pages-browser)/./node_modules/next/dist/compiled/react-dom/cjs/react-dom-client.development.js:15729:11)
    at recursivelyTraverseMutationEffects (webpack-internal:///(app-pages-browser)/./node_modules/next/dist/compiled/react-dom/cjs/react-dom-client.development.js:15714:11)
    at commitMutationEffectsOnFiber (webpack-internal:///(app-pages-browser)/./node_modules/next/dist/compiled/react-dom/cjs/react-dom-client.development.js:15745:11)
    at recursivelyTraverseMutationEffects (webpack-internal:///(app-pages-browser)/./node_modules/next/dist/compiled/react-dom/cjs/react-dom-client.development.js:15714:11)
    at commitMutationEffectsOnFiber (webpack-internal:///(app-pages-browser)/./node_modules/next/dist/compiled/react-dom/cjs/react-dom-client.development.js:15729:11)
    at recursivelyTraverseMutationEffects (webpack-internal:///(app-pages-browser)/./node_modules/next/dist/compiled/react-dom/cjs/react-dom-client.development.js:15714:11)
    at commitMutationEffectsOnFiber (webpack-internal:///(app-pages-browser)/./node_modules/next/dist/compiled/react-dom/cjs/react-dom-client.development.js:15729:11)
    at recursivelyTraverseMutationEffects (webpack-internal:///(app-pages-browser)/./node_modules/next/dist/compiled/react-dom/cjs/react-dom-client.development.js:15714:11)
    at commitMutationEffectsOnFiber (webpack-internal:///(app-pages-browser)/./node_modules/next/dist/compiled/react-dom/cjs/react-dom-client.development.js:15745:11)
    at recursivelyTraverseMutationEffects (webpack-internal:///(app-pages-browser)/./node_modules/next/dist/compiled/react-dom/cjs/react-dom-client.development.js:15714:11)
    at commitMutationEffectsOnFiber (webpack-internal:///(app-pages-browser)/./node_modules/next/dist/compiled/react-dom/cjs/react-dom-client.development.js:15729:11)
    at recursivelyTraverseMutationEffects (webpack-internal:///(app-pages-browser)/./node_modules/next/dist/compiled/react-dom/cjs/react-dom-client.development.js:15714:11)
    at commitMutationEffectsOnFiber (webpack-internal:///(app-pages-browser)/./node_modules/next/dist/compiled/react-dom/cjs/react-dom-client.development.js:16170:11)
    at recursivelyTraverseMutationEffects (webpack-internal:///(app-pages-browser)/./node_modules/next/dist/compiled/react-dom/cjs/react-dom-client.development.js:15714:11)
[  215020ms] [LOG] [Fast Refresh] rebuilding @ webpack-internal:///(app-pages-browser)/./node_modules/@sentry/core/build/esm/instrument/console.js:53
[  215022ms] [LOG] [Fast Refresh] rebuilding @ webpack-internal:///(app-pages-browser)/./node_modules/@sentry/core/build/esm/instrument/console.js:53
[  215091ms] [WARNING] [Fast Refresh] performing full reload because your application had an unrecoverable error @ webpack-internal:///(app-pages-browser)/./node_modules/@sentry/core/build/esm/instrument/console.js:53
[  215231ms] [WARNING] [Fast Refresh] performing full reload because your application had an unrecoverable error @ webpack-internal:///(app-pages-browser)/./node_modules/@sentry/core/build/esm/instrument/console.js:53
[  215303ms] [LOG] [Fast Refresh] rebuilding @ webpack-internal:///(app-pages-browser)/./node_modules/@sentry/core/build/esm/instrument/console.js:53
[  215465ms] Invalid or unexpected token
[  216092ms] [ERROR] Creating a worker from 'blob:http://localhost:3000/38fe2458-f87f-4bfd-a77b-0756cdbfa617' violates the following Content Security Policy directive: "script-src 'self' 'unsafe-inline' 'unsafe-eval' https://cdnjs.cloudflare.com https://*.sentry.io https://*.posthog.com". Note that 'worker-src' was not explicitly set, so 'script-src' is used as a fallback. The action has been blocked. @ webpack-internal:///(app-pages-browser)/./node_modules/@sentry/replay/build/npm/esm/index.js:5672
[  216098ms] [LOG] [Client Instrumentation Hook] Slow execution detected: 46ms (Note: Code download overhead is not included in this measurement) @ webpack-internal:///(app-pages-browser)/./node_modules/@sentry/core/build/esm/instrument/console.js:53
[  216124ms] [INFO] %cDownload the React DevTools for a better development experience: https://react.dev/link/react-devtools font-weight:bold @ webpack-internal:///(app-pages-browser)/./node_modules/@sentry/core/build/esm/instrument/console.js:53
[  216162ms] [LOG] [HMR] connected @ webpack-internal:///(app-pages-browser)/./node_modules/@sentry/core/build/esm/instrument/console.js:53
[  216211ms] [ERROR] Can't perform a React state update on a component that hasn't mounted yet. This indicates that you have a side-effect in your render function that asynchronously tries to update the component. Move this work to useEffect instead. @ webpack-internal:///(app-pages-browser)/./node_modules/@sentry/core/build/esm/instrument/console.js:53
[  216214ms] [LOG] [Fast Refresh] rebuilding @ webpack-internal:///(app-pages-browser)/./node_modules/@sentry/core/build/esm/instrument/console.js:53
[  216769ms] Invalid or unexpected token
[  217380ms] [ERROR] Creating a worker from 'blob:http://localhost:3000/67d5e759-b390-412f-b745-045ee2b4f5c2' violates the following Content Security Policy directive: "script-src 'self' 'unsafe-inline' 'unsafe-eval' https://cdnjs.cloudflare.com https://*.sentry.io https://*.posthog.com". Note that 'worker-src' was not explicitly set, so 'script-src' is used as a fallback. The action has been blocked. @ webpack-internal:///(app-pages-browser)/./node_modules/@sentry/replay/build/npm/esm/index.js:5672
[  217385ms] [LOG] [Client Instrumentation Hook] Slow execution detected: 46ms (Note: Code download overhead is not included in this measurement) @ webpack-internal:///(app-pages-browser)/./node_modules/@sentry/core/build/esm/instrument/console.js:53
[  217411ms] [INFO] %cDownload the React DevTools for a better development experience: https://react.dev/link/react-devtools font-weight:bold @ webpack-internal:///(app-pages-browser)/./node_modules/@sentry/core/build/esm/instrument/console.js:53
[  217454ms] [LOG] [HMR] connected @ webpack-internal:///(app-pages-browser)/./node_modules/@sentry/core/build/esm/instrument/console.js:53
[  217508ms] [ERROR] Can't perform a React state update on a component that hasn't mounted yet. This indicates that you have a side-effect in your render function that asynchronously tries to update the component. Move this work to useEffect instead. @ webpack-internal:///(app-pages-browser)/./node_modules/@sentry/core/build/esm/instrument/console.js:53
[  217511ms] [LOG] [Fast Refresh] rebuilding @ webpack-internal:///(app-pages-browser)/./node_modules/@sentry/core/build/esm/instrument/console.js:53
[  217618ms] [LOG] [Fast Refresh] done in 106ms @ webpack-internal:///(app-pages-browser)/./node_modules/@sentry/core/build/esm/instrument/console.js:53
[  217620ms] [LOG] [Fast Refresh] rebuilding @ webpack-internal:///(app-pages-browser)/./node_modules/@sentry/core/build/esm/instrument/console.js:53
[  217624ms] [LOG] [Fast Refresh] done in 5ms @ webpack-internal:///(app-pages-browser)/./node_modules/@sentry/core/build/esm/instrument/console.js:53
[  217719ms] [LOG] [Fast Refresh] rebuilding @ webpack-internal:///(app-pages-browser)/./node_modules/@sentry/core/build/esm/instrument/console.js:53
[  217729ms] [LOG] [Fast Refresh] done in 10ms @ webpack-internal:///(app-pages-browser)/./node_modules/@sentry/core/build/esm/instrument/console.js:53
[  217815ms] [LOG] [Fast Refresh] rebuilding @ webpack-internal:///(app-pages-browser)/./node_modules/@sentry/core/build/esm/instrument/console.js:53
[  217818ms] [LOG] [Fast Refresh] done in 3ms @ webpack-internal:///(app-pages-browser)/./node_modules/@sentry/core/build/esm/instrument/console.js:53
[  217912ms] [LOG] [Fast Refresh] rebuilding @ webpack-internal:///(app-pages-browser)/./node_modules/@sentry/core/build/esm/instrument/console.js:53
[  217916ms] [LOG] [Fast Refresh] done in 3ms @ webpack-internal:///(app-pages-browser)/./node_modules/@sentry/core/build/esm/instrument/console.js:53
[  218010ms] [LOG] [Fast Refresh] rebuilding @ webpack-internal:///(app-pages-browser)/./node_modules/@sentry/core/build/esm/instrument/console.js:53
[  218109ms] [LOG] [Fast Refresh] done in 100ms @ webpack-internal:///(app-pages-browser)/./node_modules/@sentry/core/build/esm/instrument/console.js:53
[  218109ms] [LOG] [Fast Refresh] rebuilding @ webpack-internal:///(app-pages-browser)/./node_modules/@sentry/core/build/esm/instrument/console.js:53
[  218194ms] [LOG] [Fast Refresh] done in 85ms @ webpack-internal:///(app-pages-browser)/./node_modules/@sentry/core/build/esm/instrument/console.js:53
[  218196ms] [LOG] [Fast Refresh] rebuilding @ webpack-internal:///(app-pages-browser)/./node_modules/@sentry/core/build/esm/instrument/console.js:53
[  218290ms] [LOG] [Fast Refresh] done in 94ms @ webpack-internal:///(app-pages-browser)/./node_modules/@sentry/core/build/esm/instrument/console.js:53
[  218292ms] [LOG] [Fast Refresh] rebuilding @ webpack-internal:///(app-pages-browser)/./node_modules/@sentry/core/build/esm/instrument/console.js:53
[  218381ms] [LOG] [Fast Refresh] done in 90ms @ webpack-internal:///(app-pages-browser)/./node_modules/@sentry/core/build/esm/instrument/console.js:53
[  218383ms] [LOG] [Fast Refresh] rebuilding @ webpack-internal:///(app-pages-browser)/./node_modules/@sentry/core/build/esm/instrument/console.js:53
[  218474ms] [LOG] [Fast Refresh] done in 91ms @ webpack-internal:///(app-pages-browser)/./node_modules/@sentry/core/build/esm/instrument/console.js:53
[  218475ms] [LOG] [Fast Refresh] rebuilding @ webpack-internal:///(app-pages-browser)/./node_modules/@sentry/core/build/esm/instrument/console.js:53
[  218567ms] [LOG] [Fast Refresh] done in 91ms @ webpack-internal:///(app-pages-browser)/./node_modules/@sentry/core/build/esm/instrument/console.js:53
[  218569ms] [LOG] [Fast Refresh] rebuilding @ webpack-internal:///(app-pages-browser)/./node_modules/@sentry/core/build/esm/instrument/console.js:53
[  218663ms] [LOG] [Fast Refresh] done in 94ms @ webpack-internal:///(app-pages-browser)/./node_modules/@sentry/core/build/esm/instrument/console.js:53
[  218664ms] [LOG] [Fast Refresh] rebuilding @ webpack-internal:///(app-pages-browser)/./node_modules/@sentry/core/build/esm/instrument/console.js:53
[  218755ms] [LOG] [Fast Refresh] done in 92ms @ webpack-internal:///(app-pages-browser)/./node_modules/@sentry/core/build/esm/instrument/console.js:53
[  218758ms] [LOG] [Fast Refresh] rebuilding @ webpack-internal:///(app-pages-browser)/./node_modules/@sentry/core/build/esm/instrument/console.js:53
[  218862ms] [LOG] [Fast Refresh] done in 105ms @ webpack-internal:///(app-pages-browser)/./node_modules/@sentry/core/build/esm/instrument/console.js:53
[  218863ms] [LOG] [Fast Refresh] rebuilding @ webpack-internal:///(app-pages-browser)/./node_modules/@sentry/core/build/esm/instrument/console.js:53
[  219144ms] [LOG] [Fast Refresh] rebuilding @ webpack-internal:///(app-pages-browser)/./node_modules/@sentry/core/build/esm/instrument/console.js:53
[  219144ms] [LOG] [Fast Refresh] done in 1ms @ webpack-internal:///(app-pages-browser)/./node_modules/@sentry/core/build/esm/instrument/console.js:53
[  219191ms] [LOG] [Fast Refresh] done in 48ms @ webpack-internal:///(app-pages-browser)/./node_modules/@sentry/core/build/esm/instrument/console.js:53
[  219208ms] [LOG] [Fast Refresh] rebuilding @ webpack-internal:///(app-pages-browser)/./node_modules/@sentry/core/build/esm/instrument/console.js:53
[  219208ms] [ERROR] Failed to load resource: the server responded with a status of 500 (Internal Server Error) @ http://localhost:3000/dashboard/facturacion?tab=emitidas&_rsc=iwmrp:0
[  219309ms] [LOG] [Fast Refresh] done in 101ms @ webpack-internal:///(app-pages-browser)/./node_modules/@sentry/core/build/esm/instrument/console.js:53
[  219313ms] [LOG] [Fast Refresh] rebuilding @ webpack-internal:///(app-pages-browser)/./node_modules/@sentry/core/build/esm/instrument/console.js:53
[  219473ms] [LOG] [Fast Refresh] done in 160ms @ webpack-internal:///(app-pages-browser)/./node_modules/@sentry/core/build/esm/instrument/console.js:53
[  219477ms] [LOG] [Fast Refresh] rebuilding @ webpack-internal:///(app-pages-browser)/./node_modules/@sentry/core/build/esm/instrument/console.js:53
[  219713ms] [LOG] [Fast Refresh] done in 237ms @ webpack-internal:///(app-pages-browser)/./node_modules/@sentry/core/build/esm/instrument/console.js:53
[  219723ms] [LOG] [Fast Refresh] rebuilding @ webpack-internal:///(app-pages-browser)/./node_modules/@sentry/core/build/esm/instrument/console.js:53
[  219830ms] [LOG] [Fast Refresh] done in 107ms @ webpack-internal:///(app-pages-browser)/./node_modules/@sentry/core/build/esm/instrument/console.js:53
[  219832ms] [LOG] [Fast Refresh] rebuilding @ webpack-internal:///(app-pages-browser)/./node_modules/@sentry/core/build/esm/instrument/console.js:53
[  219926ms] [LOG] [Fast Refresh] done in 93ms @ webpack-internal:///(app-pages-browser)/./node_modules/@sentry/core/build/esm/instrument/console.js:53
[  219928ms] [LOG] [Fast Refresh] rebuilding @ webpack-internal:///(app-pages-browser)/./node_modules/@sentry/core/build/esm/instrument/console.js:53
[  220027ms] [LOG] [Fast Refresh] done in 100ms @ webpack-internal:///(app-pages-browser)/./node_modules/@sentry/core/build/esm/instrument/console.js:53
[  220029ms] [LOG] [Fast Refresh] rebuilding @ webpack-internal:///(app-pages-browser)/./node_modules/@sentry/core/build/esm/instrument/console.js:53
[  220127ms] [LOG] [Fast Refresh] done in 98ms @ webpack-internal:///(app-pages-browser)/./node_modules/@sentry/core/build/esm/instrument/console.js:53
[  220129ms] [LOG] [Fast Refresh] rebuilding @ webpack-internal:///(app-pages-browser)/./node_modules/@sentry/core/build/esm/instrument/console.js:53
[  220226ms] [LOG] [Fast Refresh] done in 96ms @ webpack-internal:///(app-pages-browser)/./node_modules/@sentry/core/build/esm/instrument/console.js:53
[  220280ms] [LOG] [Fast Refresh] rebuilding @ webpack-internal:///(app-pages-browser)/./node_modules/@sentry/core/build/esm/instrument/console.js:53
[  220368ms] [LOG] [Fast Refresh] done in 88ms @ webpack-internal:///(app-pages-browser)/./node_modules/@sentry/core/build/esm/instrument/console.js:53
[  220370ms] [LOG] [Fast Refresh] rebuilding @ webpack-internal:///(app-pages-browser)/./node_modules/@sentry/core/build/esm/instrument/console.js:53
[  220465ms] [LOG] [Fast Refresh] done in 95ms @ webpack-internal:///(app-pages-browser)/./node_modules/@sentry/core/build/esm/instrument/console.js:53
[  220467ms] [LOG] [Fast Refresh] rebuilding @ webpack-internal:///(app-pages-browser)/./node_modules/@sentry/core/build/esm/instrument/console.js:53
[  220563ms] [LOG] [Fast Refresh] done in 96ms @ webpack-internal:///(app-pages-browser)/./node_modules/@sentry/core/build/esm/instrument/console.js:53
[  220566ms] [LOG] [Fast Refresh] rebuilding @ webpack-internal:///(app-pages-browser)/./node_modules/@sentry/core/build/esm/instrument/console.js:53
[  220659ms] [LOG] [Fast Refresh] done in 93ms @ webpack-internal:///(app-pages-browser)/./node_modules/@sentry/core/build/esm/instrument/console.js:53
[  220661ms] [LOG] [Fast Refresh] rebuilding @ webpack-internal:///(app-pages-browser)/./node_modules/@sentry/core/build/esm/instrument/console.js:53
[  220841ms] [LOG] [Fast Refresh] done in 180ms @ webpack-internal:///(app-pages-browser)/./node_modules/@sentry/core/build/esm/instrument/console.js:53
[  220843ms] [LOG] [Fast Refresh] rebuilding @ webpack-internal:///(app-pages-browser)/./node_modules/@sentry/core/build/esm/instrument/console.js:53
[  220935ms] [LOG] [Fast Refresh] done in 91ms @ webpack-internal:///(app-pages-browser)/./node_modules/@sentry/core/build/esm/instrument/console.js:53
[  220937ms] [LOG] [Fast Refresh] rebuilding @ webpack-internal:///(app-pages-browser)/./node_modules/@sentry/core/build/esm/instrument/console.js:53
[  221011ms] [WARNING] The resource http://localhost:3000/_next/static/css/app/layout.css?v=1788472812029 was preloaded using link preload but not used within a few seconds from the window's load event. Please make sure it has an appropriate `as` value and it is preloaded intentionally. @ http://localhost:3000/dashboard/facturacion?tab=emitidas:0
[  221011ms] [WARNING] The resource http://localhost:3000/_next/static/media/e4af272ccee01ff0-s.p.woff2?v=1788472807575 was preloaded using link preload but not used within a few seconds from the window's load event. Please make sure it has an appropriate `as` value and it is preloaded intentionally. @ http://localhost:3000/dashboard/facturacion?tab=emitidas:0
[  221028ms] [LOG] [Fast Refresh] done in 91ms @ webpack-internal:///(app-pages-browser)/./node_modules/@sentry/core/build/esm/instrument/console.js:53
[  221030ms] [LOG] [Fast Refresh] rebuilding @ webpack-internal:///(app-pages-browser)/./node_modules/@sentry/core/build/esm/instrument/console.js:53
[  221917ms] [ERROR] Creating a worker from 'blob:http://localhost:3000/6b724924-f70f-45d9-a597-9626694064af' violates the following Content Security Policy directive: "script-src 'self' 'unsafe-inline' 'unsafe-eval' https://cdnjs.cloudflare.com https://*.sentry.io https://*.posthog.com". Note that 'worker-src' was not explicitly set, so 'script-src' is used as a fallback. The action has been blocked. @ webpack-internal:///(app-pages-browser)/./node_modules/@sentry/replay/build/npm/esm/index.js:5672
[  221922ms] [LOG] [Client Instrumentation Hook] Slow execution detected: 46ms (Note: Code download overhead is not included in this measurement) @ webpack-internal:///(app-pages-browser)/./node_modules/@sentry/core/build/esm/instrument/console.js:53
[  221949ms] [INFO] %cDownload the React DevTools for a better development experience: https://react.dev/link/react-devtools font-weight:bold @ webpack-internal:///(app-pages-browser)/./node_modules/@sentry/core/build/esm/instrument/console.js:53
[  221987ms] [LOG] [HMR] connected @ webpack-internal:///(app-pages-browser)/./node_modules/@sentry/core/build/esm/instrument/console.js:53
[  222007ms] [INFO] [analytics] NEXT_PUBLIC_POSTHOG_KEY not set — analytics disabled @ webpack-internal:///(app-pages-browser)/./node_modules/@sentry/core/build/esm/instrument/console.js:53
[  222050ms] [LOG] [Fast Refresh] rebuilding @ webpack-internal:///(app-pages-browser)/./node_modules/@sentry/core/build/esm/instrument/console.js:53
[  222112ms] [LOG] [Fast Refresh] done in 62ms @ webpack-internal:///(app-pages-browser)/./node_modules/@sentry/core/build/esm/instrument/console.js:53
[  222248ms] [LOG] [Fast Refresh] rebuilding @ webpack-internal:///(app-pages-browser)/./node_modules/@sentry/core/build/esm/instrument/console.js:53
[  222303ms] [LOG] [Fast Refresh] done in 54ms @ webpack-internal:///(app-pages-browser)/./node_modules/@sentry/core/build/esm/instrument/console.js:53
[  222361ms] [LOG] [Fast Refresh] rebuilding @ webpack-internal:///(app-pages-browser)/./node_modules/@sentry/core/build/esm/instrument/console.js:53
[  222377ms] [LOG] [Fast Refresh] done in 15ms @ webpack-internal:///(app-pages-browser)/./node_modules/@sentry/core/build/esm/instrument/console.js:53
[  222659ms] [LOG] [Fast Refresh] rebuilding @ webpack-internal:///(app-pages-browser)/./node_modules/@sentry/core/build/esm/instrument/console.js:53
[  222674ms] [LOG] [Fast Refresh] done in 15ms @ webpack-internal:///(app-pages-browser)/./node_modules/@sentry/core/build/esm/instrument/console.js:53
[  222710ms] [LOG] [Fast Refresh] rebuilding @ webpack-internal:///(app-pages-browser)/./node_modules/@sentry/core/build/esm/instrument/console.js:53
[  222712ms] [LOG] [Fast Refresh] done in 2ms @ webpack-internal:///(app-pages-browser)/./node_modules/@sentry/core/build/esm/instrument/console.js:53
[  222729ms] [ERROR] Failed to load resource: the server responded with a status of 500 (Internal Server Error) @ http://localhost:3000/dashboard/facturacion?tab=emitidas&_rsc=iwmrp:0
[  222777ms] [LOG] [Fast Refresh] rebuilding @ webpack-internal:///(app-pages-browser)/./node_modules/@sentry/core/build/esm/instrument/console.js:53
[  222837ms] [LOG] [Fast Refresh] done in 61ms @ webpack-internal:///(app-pages-browser)/./node_modules/@sentry/core/build/esm/instrument/console.js:53
[  222871ms] [LOG] [Fast Refresh] rebuilding @ webpack-internal:///(app-pages-browser)/./node_modules/@sentry/core/build/esm/instrument/console.js:53
[  223184ms] Invalid or unexpected token
[  223809ms] [ERROR] Creating a worker from 'blob:http://localhost:3000/690246e6-1239-48bf-8b99-e39461d07d5d' violates the following Content Security Policy directive: "script-src 'self' 'unsafe-inline' 'unsafe-eval' https://cdnjs.cloudflare.com https://*.sentry.io https://*.posthog.com". Note that 'worker-src' was not explicitly set, so 'script-src' is used as a fallback. The action has been blocked. @ webpack-internal:///(app-pages-browser)/./node_modules/@sentry/replay/build/npm/esm/index.js:5672
[  223814ms] [LOG] [Client Instrumentation Hook] Slow execution detected: 45ms (Note: Code download overhead is not included in this measurement) @ webpack-internal:///(app-pages-browser)/./node_modules/@sentry/core/build/esm/instrument/console.js:53
[  223840ms] [INFO] %cDownload the React DevTools for a better development experience: https://react.dev/link/react-devtools font-weight:bold @ webpack-internal:///(app-pages-browser)/./node_modules/@sentry/core/build/esm/instrument/console.js:53
[  223880ms] [LOG] [HMR] connected @ webpack-internal:///(app-pages-browser)/./node_modules/@sentry/core/build/esm/instrument/console.js:53
[  223920ms] [ERROR] Can't perform a React state update on a component that hasn't mounted yet. This indicates that you have a side-effect in your render function that asynchronously tries to update the component. Move this work to useEffect instead. @ webpack-internal:///(app-pages-browser)/./node_modules/@sentry/core/build/esm/instrument/console.js:53
[  223924ms] [LOG] [Fast Refresh] rebuilding @ webpack-internal:///(app-pages-browser)/./node_modules/@sentry/core/build/esm/instrument/console.js:53
[  224064ms] [LOG] [Fast Refresh] done in 141ms @ webpack-internal:///(app-pages-browser)/./node_modules/@sentry/core/build/esm/instrument/console.js:53
[  224107ms] [LOG] [Fast Refresh] rebuilding @ webpack-internal:///(app-pages-browser)/./node_modules/@sentry/core/build/esm/instrument/console.js:53
[  224114ms] [LOG] [Fast Refresh] done in 7ms @ webpack-internal:///(app-pages-browser)/./node_modules/@sentry/core/build/esm/instrument/console.js:53
[  224225ms] [LOG] [Fast Refresh] rebuilding @ webpack-internal:///(app-pages-browser)/./node_modules/@sentry/core/build/esm/instrument/console.js:53
[  224234ms] [LOG] [Fast Refresh] done in 8ms @ webpack-internal:///(app-pages-browser)/./node_modules/@sentry/core/build/esm/instrument/console.js:53
[  224343ms] [LOG] [Fast Refresh] rebuilding @ webpack-internal:///(app-pages-browser)/./node_modules/@sentry/core/build/esm/instrument/console.js:53
[  224364ms] [LOG] [Fast Refresh] done in 20ms @ webpack-internal:///(app-pages-browser)/./node_modules/@sentry/core/build/esm/instrument/console.js:53
[  224472ms] [LOG] [Fast Refresh] rebuilding @ webpack-internal:///(app-pages-browser)/./node_modules/@sentry/core/build/esm/instrument/console.js:53
[  224481ms] [LOG] [Fast Refresh] done in 8ms @ webpack-internal:///(app-pages-browser)/./node_modules/@sentry/core/build/esm/instrument/console.js:53
[  224612ms] [LOG] [Fast Refresh] rebuilding @ webpack-internal:///(app-pages-browser)/./node_modules/@sentry/core/build/esm/instrument/console.js:53
[  224630ms] [LOG] [Fast Refresh] done in 19ms @ webpack-internal:///(app-pages-browser)/./node_modules/@sentry/core/build/esm/instrument/console.js:53
[  224799ms] [LOG] [Fast Refresh] rebuilding @ webpack-internal:///(app-pages-browser)/./node_modules/@sentry/core/build/esm/instrument/console.js:53
[  224810ms] [LOG] [Fast Refresh] done in 12ms @ webpack-internal:///(app-pages-browser)/./node_modules/@sentry/core/build/esm/instrument/console.js:53
[  225029ms] [LOG] [Fast Refresh] rebuilding @ webpack-internal:///(app-pages-browser)/./node_modules/@sentry/core/build/esm/instrument/console.js:53
[  225038ms] [LOG] [Fast Refresh] done in 10ms @ webpack-internal:///(app-pages-browser)/./node_modules/@sentry/core/build/esm/instrument/console.js:53
[  225163ms] [LOG] [Fast Refresh] rebuilding @ webpack-internal:///(app-pages-browser)/./node_modules/@sentry/core/build/esm/instrument/console.js:53
[  225173ms] [LOG] [Fast Refresh] done in 10ms @ webpack-internal:///(app-pages-browser)/./node_modules/@sentry/core/build/esm/instrument/console.js:53
[  225284ms] [LOG] [Fast Refresh] rebuilding @ webpack-internal:///(app-pages-browser)/./node_modules/@sentry/core/build/esm/instrument/console.js:53
[  225295ms] [LOG] [Fast Refresh] done in 12ms @ webpack-internal:///(app-pages-browser)/./node_modules/@sentry/core/build/esm/instrument/console.js:53
[  225408ms] [LOG] [Fast Refresh] rebuilding @ webpack-internal:///(app-pages-browser)/./node_modules/@sentry/core/build/esm/instrument/console.js:53
[  225414ms] [LOG] [Fast Refresh] done in 7ms @ webpack-internal:///(app-pages-browser)/./node_modules/@sentry/core/build/esm/instrument/console.js:53
[  225527ms] [LOG] [Fast Refresh] rebuilding @ webpack-internal:///(app-pages-browser)/./node_modules/@sentry/core/build/esm/instrument/console.js:53
[  225533ms] [LOG] [Fast Refresh] done in 7ms @ webpack-internal:///(app-pages-browser)/./node_modules/@sentry/core/build/esm/instrument/console.js:53
[  225646ms] [LOG] [Fast Refresh] rebuilding @ webpack-internal:///(app-pages-browser)/./node_modules/@sentry/core/build/esm/instrument/console.js:53
[  225651ms] [LOG] [Fast Refresh] done in 6ms @ webpack-internal:///(app-pages-browser)/./node_modules/@sentry/core/build/esm/instrument/console.js:53
[  225767ms] [LOG] [Fast Refresh] rebuilding @ webpack-internal:///(app-pages-browser)/./node_modules/@sentry/core/build/esm/instrument/console.js:53
[  225776ms] [LOG] [Fast Refresh] done in 9ms @ webpack-internal:///(app-pages-browser)/./node_modules/@sentry/core/build/esm/instrument/console.js:53
[  225889ms] [LOG] [Fast Refresh] rebuilding @ webpack-internal:///(app-pages-browser)/./node_modules/@sentry/core/build/esm/instrument/console.js:53
[  225952ms] [LOG] [Fast Refresh] done in 62ms @ webpack-internal:///(app-pages-browser)/./node_modules/@sentry/core/build/esm/instrument/console.js:53
[  226012ms] [LOG] [Fast Refresh] rebuilding @ webpack-internal:///(app-pages-browser)/./node_modules/@sentry/core/build/esm/instrument/console.js:53
[  226019ms] [LOG] [Fast Refresh] done in 7ms @ webpack-internal:///(app-pages-browser)/./node_modules/@sentry/core/build/esm/instrument/console.js:53
[  226133ms] [LOG] [Fast Refresh] rebuilding @ webpack-internal:///(app-pages-browser)/./node_modules/@sentry/core/build/esm/instrument/console.js:53
[  226140ms] [LOG] [Fast Refresh] done in 7ms @ webpack-internal:///(app-pages-browser)/./node_modules/@sentry/core/build/esm/instrument/console.js:53
[  226247ms] [LOG] [Fast Refresh] rebuilding @ webpack-internal:///(app-pages-browser)/./node_modules/@sentry/core/build/esm/instrument/console.js:53
[  226262ms] [LOG] [Fast Refresh] done in 15ms @ webpack-internal:///(app-pages-browser)/./node_modules/@sentry/core/build/esm/instrument/console.js:53
[  226365ms] [LOG] [Fast Refresh] rebuilding @ webpack-internal:///(app-pages-browser)/./node_modules/@sentry/core/build/esm/instrument/console.js:53
[  226370ms] [LOG] [Fast Refresh] done in 5ms @ webpack-internal:///(app-pages-browser)/./node_modules/@sentry/core/build/esm/instrument/console.js:53
[  226480ms] [LOG] [Fast Refresh] rebuilding @ webpack-internal:///(app-pages-browser)/./node_modules/@sentry/core/build/esm/instrument/console.js:53
[  226491ms] [LOG] [Fast Refresh] done in 10ms @ webpack-internal:///(app-pages-browser)/./node_modules/@sentry/core/build/esm/instrument/console.js:53
[  226603ms] [LOG] [Fast Refresh] rebuilding @ webpack-internal:///(app-pages-browser)/./node_modules/@sentry/core/build/esm/instrument/console.js:53
[  226609ms] [LOG] [Fast Refresh] done in 7ms @ webpack-internal:///(app-pages-browser)/./node_modules/@sentry/core/build/esm/instrument/console.js:53
[  226723ms] [LOG] [Fast Refresh] rebuilding @ webpack-internal:///(app-pages-browser)/./node_modules/@sentry/core/build/esm/instrument/console.js:53
[  226729ms] [LOG] [Fast Refresh] done in 7ms @ webpack-internal:///(app-pages-browser)/./node_modules/@sentry/core/build/esm/instrument/console.js:53
[  226845ms] [LOG] [Fast Refresh] rebuilding @ webpack-internal:///(app-pages-browser)/./node_modules/@sentry/core/build/esm/instrument/console.js:53
[  226853ms] [LOG] [Fast Refresh] done in 9ms @ webpack-internal:///(app-pages-browser)/./node_modules/@sentry/core/build/esm/instrument/console.js:53
[  226973ms] [LOG] [Fast Refresh] rebuilding @ webpack-internal:///(app-pages-browser)/./node_modules/@sentry/core/build/esm/instrument/console.js:53
[  226996ms] [LOG] [Fast Refresh] done in 23ms @ webpack-internal:///(app-pages-browser)/./node_modules/@sentry/core/build/esm/instrument/console.js:53
[  227241ms] [LOG] [Fast Refresh] rebuilding @ webpack-internal:///(app-pages-browser)/./node_modules/@sentry/core/build/esm/instrument/console.js:53
[  227253ms] [LOG] [Fast Refresh] done in 12ms @ webpack-internal:///(app-pages-browser)/./node_modules/@sentry/core/build/esm/instrument/console.js:53
[  227487ms] [LOG] [Fast Refresh] rebuilding @ webpack-internal:///(app-pages-browser)/./node_modules/@sentry/core/build/esm/instrument/console.js:53
[  227496ms] [LOG] [Fast Refresh] done in 10ms @ webpack-internal:///(app-pages-browser)/./node_modules/@sentry/core/build/esm/instrument/console.js:53
[  227617ms] [LOG] [Fast Refresh] rebuilding @ webpack-internal:///(app-pages-browser)/./node_modules/@sentry/core/build/esm/instrument/console.js:53
[  227636ms] [LOG] [Fast Refresh] done in 19ms @ webpack-internal:///(app-pages-browser)/./node_modules/@sentry/core/build/esm/instrument/console.js:53
[  227751ms] [LOG] [Fast Refresh] rebuilding @ webpack-internal:///(app-pages-browser)/./node_modules/@sentry/core/build/esm/instrument/console.js:53
[  227756ms] [LOG] [Fast Refresh] done in 5ms @ webpack-internal:///(app-pages-browser)/./node_modules/@sentry/core/build/esm/instrument/console.js:53
[  227882ms] [LOG] [Fast Refresh] rebuilding @ webpack-internal:///(app-pages-browser)/./node_modules/@sentry/core/build/esm/instrument/console.js:53
[  227897ms] [LOG] [Fast Refresh] done in 14ms @ webpack-internal:///(app-pages-browser)/./node_modules/@sentry/core/build/esm/instrument/console.js:53
[  228004ms] [LOG] [Fast Refresh] rebuilding @ webpack-internal:///(app-pages-browser)/./node_modules/@sentry/core/build/esm/instrument/console.js:53
[  228009ms] [LOG] [Fast Refresh] done in 4ms @ webpack-internal:///(app-pages-browser)/./node_modules/@sentry/core/build/esm/instrument/console.js:53
[  228131ms] [LOG] [Fast Refresh] rebuilding @ webpack-internal:///(app-pages-browser)/./node_modules/@sentry/core/build/esm/instrument/console.js:53
[  228165ms] [LOG] [Fast Refresh] done in 28ms @ webpack-internal:///(app-pages-browser)/./node_modules/@sentry/core/build/esm/instrument/console.js:53
[  228445ms] [LOG] [Fast Refresh] rebuilding @ webpack-internal:///(app-pages-browser)/./node_modules/@sentry/core/build/esm/instrument/console.js:53
[  228460ms] [LOG] [Fast Refresh] done in 14ms @ webpack-internal:///(app-pages-browser)/./node_modules/@sentry/core/build/esm/instrument/console.js:53
[  228500ms] [LOG] [Fast Refresh] rebuilding @ webpack-internal:///(app-pages-browser)/./node_modules/@sentry/core/build/esm/instrument/console.js:53
[  228502ms] [LOG] [Fast Refresh] done in 1ms @ webpack-internal:///(app-pages-browser)/./node_modules/@sentry/core/build/esm/instrument/console.js:53
[  228518ms] [ERROR] Failed to load resource: the server responded with a status of 500 (Internal Server Error) @ http://localhost:3000/dashboard/facturacion?tab=emitidas&_rsc=iwmrp:0
[  228577ms] [LOG] [Fast Refresh] rebuilding @ webpack-internal:///(app-pages-browser)/./node_modules/@sentry/core/build/esm/instrument/console.js:53
[  228722ms] [LOG] [Fast Refresh] done in 144ms @ webpack-internal:///(app-pages-browser)/./node_modules/@sentry/core/build/esm/instrument/console.js:53
[  228845ms] [LOG] [Fast Refresh] rebuilding @ webpack-internal:///(app-pages-browser)/./node_modules/@sentry/core/build/esm/instrument/console.js:53
[  229034ms] Invalid or unexpected token
[  229487ms] [ERROR] Creating a worker from 'blob:http://localhost:3000/ed85b13e-603b-4162-99f6-bdd68a0f9f08' violates the following Content Security Policy directive: "script-src 'self' 'unsafe-inline' 'unsafe-eval' https://cdnjs.cloudflare.com https://*.sentry.io https://*.posthog.com". Note that 'worker-src' was not explicitly set, so 'script-src' is used as a fallback. The action has been blocked. @ webpack-internal:///(app-pages-browser)/./node_modules/@sentry/replay/build/npm/esm/index.js:5672
[  229493ms] [LOG] [Client Instrumentation Hook] Slow execution detected: 46ms (Note: Code download overhead is not included in this measurement) @ webpack-internal:///(app-pages-browser)/./node_modules/@sentry/core/build/esm/instrument/console.js:53
[  229519ms] [INFO] %cDownload the React DevTools for a better development experience: https://react.dev/link/react-devtools font-weight:bold @ webpack-internal:///(app-pages-browser)/./node_modules/@sentry/core/build/esm/instrument/console.js:53
[  229562ms] [LOG] [HMR] connected @ webpack-internal:///(app-pages-browser)/./node_modules/@sentry/core/build/esm/instrument/console.js:53
[  229644ms] [ERROR] Can't perform a React state update on a component that hasn't mounted yet. This indicates that you have a side-effect in your render function that asynchronously tries to update the component. Move this work to useEffect instead. @ webpack-internal:///(app-pages-browser)/./node_modules/@sentry/core/build/esm/instrument/console.js:53
[  229650ms] [LOG] [Fast Refresh] rebuilding @ webpack-internal:///(app-pages-browser)/./node_modules/@sentry/core/build/esm/instrument/console.js:53
[  229896ms] [LOG] [Fast Refresh] done in 247ms @ webpack-internal:///(app-pages-browser)/./node_modules/@sentry/core/build/esm/instrument/console.js:53
[  230010ms] [LOG] [Fast Refresh] rebuilding @ webpack-internal:///(app-pages-browser)/./node_modules/@sentry/core/build/esm/instrument/console.js:53
[  230019ms] [LOG] [Fast Refresh] done in 8ms @ webpack-internal:///(app-pages-browser)/./node_modules/@sentry/core/build/esm/instrument/console.js:53
[  230154ms] [LOG] [Fast Refresh] rebuilding @ webpack-internal:///(app-pages-browser)/./node_modules/@sentry/core/build/esm/instrument/console.js:53
[  230163ms] [LOG] [Fast Refresh] done in 9ms @ webpack-internal:///(app-pages-browser)/./node_modules/@sentry/core/build/esm/instrument/console.js:53
[  230279ms] [LOG] [Fast Refresh] rebuilding @ webpack-internal:///(app-pages-browser)/./node_modules/@sentry/core/build/esm/instrument/console.js:53
[  230358ms] [LOG] [Fast Refresh] done in 79ms @ webpack-internal:///(app-pages-browser)/./node_modules/@sentry/core/build/esm/instrument/console.js:53
[  230409ms] [LOG] [Fast Refresh] rebuilding @ webpack-internal:///(app-pages-browser)/./node_modules/@sentry/core/build/esm/instrument/console.js:53
[  230418ms] [LOG] [Fast Refresh] done in 10ms @ webpack-internal:///(app-pages-browser)/./node_modules/@sentry/core/build/esm/instrument/console.js:53
[  230542ms] [LOG] [Fast Refresh] rebuilding @ webpack-internal:///(app-pages-browser)/./node_modules/@sentry/core/build/esm/instrument/console.js:53
[  230552ms] [LOG] [Fast Refresh] done in 9ms @ webpack-internal:///(app-pages-browser)/./node_modules/@sentry/core/build/esm/instrument/console.js:53
[  230666ms] [LOG] [Fast Refresh] rebuilding @ webpack-internal:///(app-pages-browser)/./node_modules/@sentry/core/build/esm/instrument/console.js:53
[  230674ms] [LOG] [Fast Refresh] done in 8ms @ webpack-internal:///(app-pages-browser)/./node_modules/@sentry/core/build/esm/instrument/console.js:53
[  230801ms] [LOG] [Fast Refresh] rebuilding @ webpack-internal:///(app-pages-browser)/./node_modules/@sentry/core/build/esm/instrument/console.js:53
[  230808ms] [LOG] [Fast Refresh] done in 7ms @ webpack-internal:///(app-pages-browser)/./node_modules/@sentry/core/build/esm/instrument/console.js:53
[  230922ms] [LOG] [Fast Refresh] rebuilding @ webpack-internal:///(app-pages-browser)/./node_modules/@sentry/core/build/esm/instrument/console.js:53
[  230929ms] [LOG] [Fast Refresh] done in 6ms @ webpack-internal:///(app-pages-browser)/./node_modules/@sentry/core/build/esm/instrument/console.js:53
[  231041ms] [LOG] [Fast Refresh] rebuilding @ webpack-internal:///(app-pages-browser)/./node_modules/@sentry/core/build/esm/instrument/console.js:53
[  231046ms] [LOG] [Fast Refresh] done in 5ms @ webpack-internal:///(app-pages-browser)/./node_modules/@sentry/core/build/esm/instrument/console.js:53
[  231160ms] [LOG] [Fast Refresh] rebuilding @ webpack-internal:///(app-pages-browser)/./node_modules/@sentry/core/build/esm/instrument/console.js:53
[  231169ms] [LOG] [Fast Refresh] done in 8ms @ webpack-internal:///(app-pages-browser)/./node_modules/@sentry/core/build/esm/instrument/console.js:53
[  231286ms] [LOG] [Fast Refresh] rebuilding @ webpack-internal:///(app-pages-browser)/./node_modules/@sentry/core/build/esm/instrument/console.js:53
[  231293ms] [LOG] [Fast Refresh] done in 8ms @ webpack-internal:///(app-pages-browser)/./node_modules/@sentry/core/build/esm/instrument/console.js:53
[  231405ms] [LOG] [Fast Refresh] rebuilding @ webpack-internal:///(app-pages-browser)/./node_modules/@sentry/core/build/esm/instrument/console.js:53
[  231410ms] [LOG] [Fast Refresh] done in 5ms @ webpack-internal:///(app-pages-browser)/./node_modules/@sentry/core/build/esm/instrument/console.js:53
[  231532ms] [LOG] [Fast Refresh] rebuilding @ webpack-internal:///(app-pages-browser)/./node_modules/@sentry/core/build/esm/instrument/console.js:53
[  231539ms] [LOG] [Fast Refresh] done in 8ms @ webpack-internal:///(app-pages-browser)/./node_modules/@sentry/core/build/esm/instrument/console.js:53
[  231653ms] [LOG] [Fast Refresh] rebuilding @ webpack-internal:///(app-pages-browser)/./node_modules/@sentry/core/build/esm/instrument/console.js:53
[  231658ms] [LOG] [Fast Refresh] done in 5ms @ webpack-internal:///(app-pages-browser)/./node_modules/@sentry/core/build/esm/instrument/console.js:53
[  231776ms] [LOG] [Fast Refresh] rebuilding @ webpack-internal:///(app-pages-browser)/./node_modules/@sentry/core/build/esm/instrument/console.js:53
[  231784ms] [LOG] [Fast Refresh] done in 7ms @ webpack-internal:///(app-pages-browser)/./node_modules/@sentry/core/build/esm/instrument/console.js:53
[  231898ms] [LOG] [Fast Refresh] rebuilding @ webpack-internal:///(app-pages-browser)/./node_modules/@sentry/core/build/esm/instrument/console.js:53
[  231908ms] [LOG] [Fast Refresh] done in 10ms @ webpack-internal:///(app-pages-browser)/./node_modules/@sentry/core/build/esm/instrument/console.js:53
[  232025ms] [LOG] [Fast Refresh] rebuilding @ webpack-internal:///(app-pages-browser)/./node_modules/@sentry/core/build/esm/instrument/console.js:53
[  232057ms] [LOG] [Fast Refresh] done in 32ms @ webpack-internal:///(app-pages-browser)/./node_modules/@sentry/core/build/esm/instrument/console.js:53
[  232244ms] [LOG] [Fast Refresh] rebuilding @ webpack-internal:///(app-pages-browser)/./node_modules/@sentry/core/build/esm/instrument/console.js:53
[  232258ms] [LOG] [Fast Refresh] done in 13ms @ webpack-internal:///(app-pages-browser)/./node_modules/@sentry/core/build/esm/instrument/console.js:53
[  232507ms] [LOG] [Fast Refresh] rebuilding @ webpack-internal:///(app-pages-browser)/./node_modules/@sentry/core/build/esm/instrument/console.js:53
[  232515ms] [LOG] [Fast Refresh] done in 9ms @ webpack-internal:///(app-pages-browser)/./node_modules/@sentry/core/build/esm/instrument/console.js:53
[  232635ms] [LOG] [Fast Refresh] rebuilding @ webpack-internal:///(app-pages-browser)/./node_modules/@sentry/core/build/esm/instrument/console.js:53
[  232642ms] [LOG] [Fast Refresh] done in 8ms @ webpack-internal:///(app-pages-browser)/./node_modules/@sentry/core/build/esm/instrument/console.js:53
[  232760ms] [LOG] [Fast Refresh] rebuilding @ webpack-internal:///(app-pages-browser)/./node_modules/@sentry/core/build/esm/instrument/console.js:53
[  232767ms] [LOG] [Fast Refresh] done in 7ms @ webpack-internal:///(app-pages-browser)/./node_modules/@sentry/core/build/esm/instrument/console.js:53
[  232889ms] [LOG] [Fast Refresh] rebuilding @ webpack-internal:///(app-pages-browser)/./node_modules/@sentry/core/build/esm/instrument/console.js:53
[  232897ms] [LOG] [Fast Refresh] done in 9ms @ webpack-internal:///(app-pages-browser)/./node_modules/@sentry/core/build/esm/instrument/console.js:53
[  233017ms] [LOG] [Fast Refresh] rebuilding @ webpack-internal:///(app-pages-browser)/./node_modules/@sentry/core/build/esm/instrument/console.js:53
[  233033ms] [LOG] [Fast Refresh] done in 15ms @ webpack-internal:///(app-pages-browser)/./node_modules/@sentry/core/build/esm/instrument/console.js:53
[  233142ms] [LOG] [Fast Refresh] rebuilding @ webpack-internal:///(app-pages-browser)/./node_modules/@sentry/core/build/esm/instrument/console.js:53
[  233163ms] [LOG] [Fast Refresh] done in 21ms @ webpack-internal:///(app-pages-browser)/./node_modules/@sentry/core/build/esm/instrument/console.js:53
[  233265ms] [LOG] [Fast Refresh] rebuilding @ webpack-internal:///(app-pages-browser)/./node_modules/@sentry/core/build/esm/instrument/console.js:53
[  233273ms] [LOG] [Fast Refresh] done in 9ms @ webpack-internal:///(app-pages-browser)/./node_modules/@sentry/core/build/esm/instrument/console.js:53
[  233383ms] [LOG] [Fast Refresh] rebuilding @ webpack-internal:///(app-pages-browser)/./node_modules/@sentry/core/build/esm/instrument/console.js:53
[  233388ms] [LOG] [Fast Refresh] done in 4ms @ webpack-internal:///(app-pages-browser)/./node_modules/@sentry/core/build/esm/instrument/console.js:53
[  233568ms] [LOG] [Fast Refresh] rebuilding @ webpack-internal:///(app-pages-browser)/./node_modules/@sentry/core/build/esm/instrument/console.js:53
[  233664ms] [LOG] [Fast Refresh] done in 95ms @ webpack-internal:///(app-pages-browser)/./node_modules/@sentry/core/build/esm/instrument/console.js:53
[  233664ms] [LOG] [Fast Refresh] rebuilding @ webpack-internal:///(app-pages-browser)/./node_modules/@sentry/core/build/esm/instrument/console.js:53
[  233714ms] [LOG] [Fast Refresh] done in 49ms @ webpack-internal:///(app-pages-browser)/./node_modules/@sentry/core/build/esm/instrument/console.js:53
[  233758ms] [LOG] [Fast Refresh] rebuilding @ webpack-internal:///(app-pages-browser)/./node_modules/@sentry/core/build/esm/instrument/console.js:53
[  233796ms] [LOG] [Fast Refresh] done in 38ms @ webpack-internal:///(app-pages-browser)/./node_modules/@sentry/core/build/esm/instrument/console.js:53
[  233902ms] [LOG] [Fast Refresh] rebuilding @ webpack-internal:///(app-pages-browser)/./node_modules/@sentry/core/build/esm/instrument/console.js:53
[  233908ms] [LOG] [Fast Refresh] done in 5ms @ webpack-internal:///(app-pages-browser)/./node_modules/@sentry/core/build/esm/instrument/console.js:53
[  234023ms] [LOG] [Fast Refresh] rebuilding @ webpack-internal:///(app-pages-browser)/./node_modules/@sentry/core/build/esm/instrument/console.js:53
[  234031ms] [LOG] [Fast Refresh] done in 9ms @ webpack-internal:///(app-pages-browser)/./node_modules/@sentry/core/build/esm/instrument/console.js:53
[  234149ms] [LOG] [Fast Refresh] rebuilding @ webpack-internal:///(app-pages-browser)/./node_modules/@sentry/core/build/esm/instrument/console.js:53
[  234159ms] [LOG] [Fast Refresh] done in 10ms @ webpack-internal:///(app-pages-browser)/./node_modules/@sentry/core/build/esm/instrument/console.js:53
[  234268ms] [LOG] [Fast Refresh] rebuilding @ webpack-internal:///(app-pages-browser)/./node_modules/@sentry/core/build/esm/instrument/console.js:53
[  234283ms] [LOG] [Fast Refresh] done in 14ms @ webpack-internal:///(app-pages-browser)/./node_modules/@sentry/core/build/esm/instrument/console.js:53
[  234386ms] [LOG] [Fast Refresh] rebuilding @ webpack-internal:///(app-pages-browser)/./node_modules/@sentry/core/build/esm/instrument/console.js:53
[  234394ms] [LOG] [Fast Refresh] done in 9ms @ webpack-internal:///(app-pages-browser)/./node_modules/@sentry/core/build/esm/instrument/console.js:53
[  234527ms] [LOG] [Fast Refresh] rebuilding @ webpack-internal:///(app-pages-browser)/./node_modules/@sentry/core/build/esm/instrument/console.js:53
[  234539ms] [LOG] [Fast Refresh] done in 12ms @ webpack-internal:///(app-pages-browser)/./node_modules/@sentry/core/build/esm/instrument/console.js:53
[  234719ms] [LOG] [Fast Refresh] rebuilding @ webpack-internal:///(app-pages-browser)/./node_modules/@sentry/core/build/esm/instrument/console.js:53
[  234729ms] [LOG] [Fast Refresh] done in 11ms @ webpack-internal:///(app-pages-browser)/./node_modules/@sentry/core/build/esm/instrument/console.js:53
[  234976ms] [LOG] [Fast Refresh] rebuilding @ webpack-internal:///(app-pages-browser)/./node_modules/@sentry/core/build/esm/instrument/console.js:53
[  234996ms] [LOG] [Fast Refresh] done in 21ms @ webpack-internal:///(app-pages-browser)/./node_modules/@sentry/core/build/esm/instrument/console.js:53
[  235112ms] [LOG] [Fast Refresh] rebuilding @ webpack-internal:///(app-pages-browser)/./node_modules/@sentry/core/build/esm/instrument/console.js:53
[  235119ms] [LOG] [Fast Refresh] done in 8ms @ webpack-internal:///(app-pages-browser)/./node_modules/@sentry/core/build/esm/instrument/console.js:53
[  235237ms] [LOG] [Fast Refresh] rebuilding @ webpack-internal:///(app-pages-browser)/./node_modules/@sentry/core/build/esm/instrument/console.js:53
[  235243ms] [LOG] [Fast Refresh] done in 5ms @ webpack-internal:///(app-pages-browser)/./node_modules/@sentry/core/build/esm/instrument/console.js:53
[  235370ms] [LOG] [Fast Refresh] rebuilding @ webpack-internal:///(app-pages-browser)/./node_modules/@sentry/core/build/esm/instrument/console.js:53
[  235376ms] [LOG] [Fast Refresh] done in 7ms @ webpack-internal:///(app-pages-browser)/./node_modules/@sentry/core/build/esm/instrument/console.js:53
[  235500ms] [LOG] [Fast Refresh] rebuilding @ webpack-internal:///(app-pages-browser)/./node_modules/@sentry/core/build/esm/instrument/console.js:53
[  235504ms] [LOG] [Fast Refresh] done in 4ms @ webpack-internal:///(app-pages-browser)/./node_modules/@sentry/core/build/esm/instrument/console.js:53
[  235612ms] [LOG] [Fast Refresh] rebuilding @ webpack-internal:///(app-pages-browser)/./node_modules/@sentry/core/build/esm/instrument/console.js:53
[  235621ms] [LOG] [Fast Refresh] done in 8ms @ webpack-internal:///(app-pages-browser)/./node_modules/@sentry/core/build/esm/instrument/console.js:53
[  235735ms] [LOG] [Fast Refresh] rebuilding @ webpack-internal:///(app-pages-browser)/./node_modules/@sentry/core/build/esm/instrument/console.js:53
[  235740ms] [LOG] [Fast Refresh] done in 5ms @ webpack-internal:///(app-pages-browser)/./node_modules/@sentry/core/build/esm/instrument/console.js:53
[  235852ms] [LOG] [Fast Refresh] rebuilding @ webpack-internal:///(app-pages-browser)/./node_modules/@sentry/core/build/esm/instrument/console.js:53
[  235908ms] [LOG] [Fast Refresh] done in 56ms @ webpack-internal:///(app-pages-browser)/./node_modules/@sentry/core/build/esm/instrument/console.js:53
[  235976ms] [LOG] [Fast Refresh] rebuilding @ webpack-internal:///(app-pages-browser)/./node_modules/@sentry/core/build/esm/instrument/console.js:53
[  235981ms] [LOG] [Fast Refresh] done in 5ms @ webpack-internal:///(app-pages-browser)/./node_modules/@sentry/core/build/esm/instrument/console.js:53
[  236098ms] [LOG] [Fast Refresh] rebuilding @ webpack-internal:///(app-pages-browser)/./node_modules/@sentry/core/build/esm/instrument/console.js:53
[  236106ms] [LOG] [Fast Refresh] done in 9ms @ webpack-internal:///(app-pages-browser)/./node_modules/@sentry/core/build/esm/instrument/console.js:53
[  236220ms] [LOG] [Fast Refresh] rebuilding @ webpack-internal:///(app-pages-browser)/./node_modules/@sentry/core/build/esm/instrument/console.js:53
[  236230ms] [LOG] [Fast Refresh] done in 9ms @ webpack-internal:///(app-pages-browser)/./node_modules/@sentry/core/build/esm/instrument/console.js:53
[  236340ms] [LOG] [Fast Refresh] rebuilding @ webpack-internal:///(app-pages-browser)/./node_modules/@sentry/core/build/esm/instrument/console.js:53
[  236354ms] [LOG] [Fast Refresh] done in 15ms @ webpack-internal:///(app-pages-browser)/./node_modules/@sentry/core/build/esm/instrument/console.js:53
[  236464ms] [LOG] [Fast Refresh] rebuilding @ webpack-internal:///(app-pages-browser)/./node_modules/@sentry/core/build/esm/instrument/console.js:53
[  236470ms] [LOG] [Fast Refresh] done in 5ms @ webpack-internal:///(app-pages-browser)/./node_modules/@sentry/core/build/esm/instrument/console.js:53
[  236586ms] [LOG] [Fast Refresh] rebuilding @ webpack-internal:///(app-pages-browser)/./node_modules/@sentry/core/build/esm/instrument/console.js:53
[  236592ms] [LOG] [Fast Refresh] done in 5ms @ webpack-internal:///(app-pages-browser)/./node_modules/@sentry/core/build/esm/instrument/console.js:53
[  236707ms] [LOG] [Fast Refresh] rebuilding @ webpack-internal:///(app-pages-browser)/./node_modules/@sentry/core/build/esm/instrument/console.js:53
[  236714ms] [LOG] [Fast Refresh] done in 7ms @ webpack-internal:///(app-pages-browser)/./node_modules/@sentry/core/build/esm/instrument/console.js:53
[  236951ms] [LOG] [Fast Refresh] rebuilding @ webpack-internal:///(app-pages-browser)/./node_modules/@sentry/core/build/esm/instrument/console.js:53
[  236961ms] [LOG] [Fast Refresh] done in 9ms @ webpack-internal:///(app-pages-browser)/./node_modules/@sentry/core/build/esm/instrument/console.js:53
[  237139ms] [LOG] [Fast Refresh] rebuilding @ webpack-internal:///(app-pages-browser)/./node_modules/@sentry/core/build/esm/instrument/console.js:53
[  237178ms] [LOG] [Fast Refresh] done in 39ms @ webpack-internal:///(app-pages-browser)/./node_modules/@sentry/core/build/esm/instrument/console.js:53
[  237404ms] [LOG] [Fast Refresh] rebuilding @ webpack-internal:///(app-pages-browser)/./node_modules/@sentry/core/build/esm/instrument/console.js:53
[  237544ms] [LOG] [Fast Refresh] done in 141ms @ webpack-internal:///(app-pages-browser)/./node_modules/@sentry/core/build/esm/instrument/console.js:53
[  237664ms] [LOG] [Fast Refresh] rebuilding @ webpack-internal:///(app-pages-browser)/./node_modules/@sentry/core/build/esm/instrument/console.js:53
[  237671ms] [LOG] [Fast Refresh] done in 8ms @ webpack-internal:///(app-pages-browser)/./node_modules/@sentry/core/build/esm/instrument/console.js:53
[  237790ms] [LOG] [Fast Refresh] rebuilding @ webpack-internal:///(app-pages-browser)/./node_modules/@sentry/core/build/esm/instrument/console.js:53
[  237796ms] [LOG] [Fast Refresh] done in 5ms @ webpack-internal:///(app-pages-browser)/./node_modules/@sentry/core/build/esm/instrument/console.js:53
[  237927ms] [LOG] [Fast Refresh] rebuilding @ webpack-internal:///(app-pages-browser)/./node_modules/@sentry/core/build/esm/instrument/console.js:53
[  237938ms] [LOG] [Fast Refresh] done in 12ms @ webpack-internal:///(app-pages-browser)/./node_modules/@sentry/core/build/esm/instrument/console.js:53
[  238654ms] [ERROR] Creating a worker from 'blob:http://localhost:3000/a0d93a01-89f8-4a82-ad36-f6e3a761a470' violates the following Content Security Policy directive: "script-src 'self' 'unsafe-inline' 'unsafe-eval' https://cdnjs.cloudflare.com https://*.sentry.io https://*.posthog.com". Note that 'worker-src' was not explicitly set, so 'script-src' is used as a fallback. The action has been blocked. @ webpack-internal:///(app-pages-browser)/./node_modules/@sentry/replay/build/npm/esm/index.js:5672
[  238661ms] [LOG] [Client Instrumentation Hook] Slow execution detected: 53ms (Note: Code download overhead is not included in this measurement) @ webpack-internal:///(app-pages-browser)/./node_modules/@sentry/core/build/esm/instrument/console.js:53
[  238690ms] [INFO] %cDownload the React DevTools for a better development experience: https://react.dev/link/react-devtools font-weight:bold @ webpack-internal:///(app-pages-browser)/./node_modules/@sentry/core/build/esm/instrument/console.js:53
[  238735ms] [LOG] [HMR] connected @ webpack-internal:///(app-pages-browser)/./node_modules/@sentry/core/build/esm/instrument/console.js:53
[  238757ms] [INFO] [analytics] NEXT_PUBLIC_POSTHOG_KEY not set — analytics disabled @ webpack-internal:///(app-pages-browser)/./node_modules/@sentry/core/build/esm/instrument/console.js:53
[  238791ms] [LOG] [Fast Refresh] rebuilding @ webpack-internal:///(app-pages-browser)/./node_modules/@sentry/core/build/esm/instrument/console.js:53
[  238996ms] [LOG] [Fast Refresh] done in 204ms @ webpack-internal:///(app-pages-browser)/./node_modules/@sentry/core/build/esm/instrument/console.js:53
[  238996ms] [LOG] [Fast Refresh] rebuilding @ webpack-internal:///(app-pages-browser)/./node_modules/@sentry/core/build/esm/instrument/console.js:53
[  239268ms] [LOG] [Fast Refresh] done in 272ms @ webpack-internal:///(app-pages-browser)/./node_modules/@sentry/core/build/esm/instrument/console.js:53
[  239270ms] [LOG] [Fast Refresh] rebuilding @ webpack-internal:///(app-pages-browser)/./node_modules/@sentry/core/build/esm/instrument/console.js:53
[  239295ms] [LOG] [Fast Refresh] done in 25ms @ webpack-internal:///(app-pages-browser)/./node_modules/@sentry/core/build/esm/instrument/console.js:53
[  239681ms] [LOG] [Fast Refresh] rebuilding @ webpack-internal:///(app-pages-browser)/./node_modules/@sentry/core/build/esm/instrument/console.js:53
[  239696ms] [LOG] [Fast Refresh] done in 15ms @ webpack-internal:///(app-pages-browser)/./node_modules/@sentry/core/build/esm/instrument/console.js:53
[  239758ms] [LOG] [Fast Refresh] rebuilding @ webpack-internal:///(app-pages-browser)/./node_modules/@sentry/core/build/esm/instrument/console.js:53
[  239760ms] [LOG] [Fast Refresh] done in 2ms @ webpack-internal:///(app-pages-browser)/./node_modules/@sentry/core/build/esm/instrument/console.js:53
[  240006ms] [ERROR] Failed to load resource: the server responded with a status of 500 (Internal Server Error) @ http://localhost:3000/dashboard/facturacion?tab=emitidas&_rsc=iwmrp:0
[  240230ms] NotFoundError: Failed to execute 'removeChild' on 'Node': The node to be removed is not a child of this node.
    at removeChildFromContainer (webpack-internal:///(app-pages-browser)/./node_modules/next/dist/compiled/react-dom/cjs/react-dom-client.development.js:23775:9)
    at runWithFiberInDEV (webpack-internal:///(app-pages-browser)/./node_modules/next/dist/compiled/react-dom/cjs/react-dom-client.development.js:987:30)
    at commitDeletionEffectsOnFiber (webpack-internal:///(app-pages-browser)/./node_modules/next/dist/compiled/react-dom/cjs/react-dom-client.development.js:15419:17)
    at recursivelyTraverseMutationEffects (webpack-internal:///(app-pages-browser)/./node_modules/next/dist/compiled/react-dom/cjs/react-dom-client.development.js:15693:11)
    at commitMutationEffectsOnFiber (webpack-internal:///(app-pages-browser)/./node_modules/next/dist/compiled/react-dom/cjs/react-dom-client.development.js:15729:11)
    at recursivelyTraverseMutationEffects (webpack-internal:///(app-pages-browser)/./node_modules/next/dist/compiled/react-dom/cjs/react-dom-client.development.js:15714:11)
    at commitMutationEffectsOnFiber (webpack-internal:///(app-pages-browser)/./node_modules/next/dist/compiled/react-dom/cjs/react-dom-client.development.js:16170:11)
    at recursivelyTraverseMutationEffects (webpack-internal:///(app-pages-browser)/./node_modules/next/dist/compiled/react-dom/cjs/react-dom-client.development.js:15714:11)
    at commitMutationEffectsOnFiber (webpack-internal:///(app-pages-browser)/./node_modules/next/dist/compiled/react-dom/cjs/react-dom-client.development.js:16170:11)
    at recursivelyTraverseMutationEffects (webpack-internal:///(app-pages-browser)/./node_modules/next/dist/compiled/react-dom/cjs/react-dom-client.development.js:15714:11)
    at commitMutationEffectsOnFiber (webpack-internal:///(app-pages-browser)/./node_modules/next/dist/compiled/react-dom/cjs/react-dom-client.development.js:15729:11)
    at recursivelyTraverseMutationEffects (webpack-internal:///(app-pages-browser)/./node_modules/next/dist/compiled/react-dom/cjs/react-dom-client.development.js:15714:11)
    at commitMutationEffectsOnFiber (webpack-internal:///(app-pages-browser)/./node_modules/next/dist/compiled/react-dom/cjs/react-dom-client.development.js:16170:11)
    at recursivelyTraverseMutationEffects (webpack-internal:///(app-pages-browser)/./node_modules/next/dist/compiled/react-dom/cjs/react-dom-client.development.js:15714:11)
    at commitMutationEffectsOnFiber (webpack-internal:///(app-pages-browser)/./node_modules/next/dist/compiled/react-dom/cjs/react-dom-client.development.js:15729:11)
    at recursivelyTraverseMutationEffects (webpack-internal:///(app-pages-browser)/./node_modules/next/dist/compiled/react-dom/cjs/react-dom-client.development.js:15714:11)
    at commitMutationEffectsOnFiber (webpack-internal:///(app-pages-browser)/./node_modules/next/dist/compiled/react-dom/cjs/react-dom-client.development.js:15729:11)
    at recursivelyTraverseMutationEffects (webpack-internal:///(app-pages-browser)/./node_modules/next/dist/compiled/react-dom/cjs/react-dom-client.development.js:15714:11)
    at commitMutationEffectsOnFiber (webpack-internal:///(app-pages-browser)/./node_modules/next/dist/compiled/react-dom/cjs/react-dom-client.development.js:16170:11)
    at recursivelyTraverseMutationEffects (webpack-internal:///(app-pages-browser)/./node_modules/next/dist/compiled/react-dom/cjs/react-dom-client.development.js:15714:11)
    at commitMutationEffectsOnFiber (webpack-internal:///(app-pages-browser)/./node_modules/next/dist/compiled/react-dom/cjs/react-dom-client.development.js:15729:11)
    at recursivelyTraverseMutationEffects (webpack-internal:///(app-pages-browser)/./node_modules/next/dist/compiled/react-dom/cjs/react-dom-client.development.js:15714:11)
    at commitMutationEffectsOnFiber (webpack-internal:///(app-pages-browser)/./node_modules/next/dist/compiled/react-dom/cjs/react-dom-client.development.js:15729:11)
    at recursivelyTraverseMutationEffects (webpack-internal:///(app-pages-browser)/./node_modules/next/dist/compiled/react-dom/cjs/react-dom-client.development.js:15714:11)
    at commitMutationEffectsOnFiber (webpack-internal:///(app-pages-browser)/./node_modules/next/dist/compiled/react-dom/cjs/react-dom-client.development.js:15922:11)
    at recursivelyTraverseMutationEffects (webpack-internal:///(app-pages-browser)/./node_modules/next/dist/compiled/react-dom/cjs/react-dom-client.development.js:15714:11)
    at commitMutationEffectsOnFiber (webpack-internal:///(app-pages-browser)/./node_modules/next/dist/compiled/react-dom/cjs/react-dom-client.development.js:15922:11)
    at recursivelyTraverseMutationEffects (webpack-internal:///(app-pages-browser)/./node_modules/next/dist/compiled/react-dom/cjs/react-dom-client.development.js:15714:11)
    at commitMutationEffectsOnFiber (webpack-internal:///(app-pages-browser)/./node_modules/next/dist/compiled/react-dom/cjs/react-dom-client.development.js:16170:11)
    at recursivelyTraverseMutationEffects (webpack-internal:///(app-pages-browser)/./node_modules/next/dist/compiled/react-dom/cjs/react-dom-client.development.js:15714:11)
    at commitMutationEffectsOnFiber (webpack-internal:///(app-pages-browser)/./node_modules/next/dist/compiled/react-dom/cjs/react-dom-client.development.js:15729:11)
    at recursivelyTraverseMutationEffects (webpack-internal:///(app-pages-browser)/./node_modules/next/dist/compiled/react-dom/cjs/react-dom-client.development.js:15714:11)
    at commitMutationEffectsOnFiber (webpack-internal:///(app-pages-browser)/./node_modules/next/dist/compiled/react-dom/cjs/react-dom-client.development.js:15729:11)
    at recursivelyTraverseMutationEffects (webpack-internal:///(app-pages-browser)/./node_modules/next/dist/compiled/react-dom/cjs/react-dom-client.development.js:15714:11)
    at commitMutationEffectsOnFiber (webpack-internal:///(app-pages-browser)/./node_modules/next/dist/compiled/react-dom/cjs/react-dom-client.development.js:15745:11)
    at recursivelyTraverseMutationEffects (webpack-internal:///(app-pages-browser)/./node_modules/next/dist/compiled/react-dom/cjs/react-dom-client.development.js:15714:11)
    at commitMutationEffectsOnFiber (webpack-internal:///(app-pages-browser)/./node_modules/next/dist/compiled/react-dom/cjs/react-dom-client.development.js:15729:11)
    at recursivelyTraverseMutationEffects (webpack-internal:///(app-pages-browser)/./node_modules/next/dist/compiled/react-dom/cjs/react-dom-client.development.js:15714:11)
    at commitMutationEffectsOnFiber (webpack-internal:///(app-pages-browser)/./node_modules/next/dist/compiled/react-dom/cjs/react-dom-client.development.js:15745:11)
    at recursivelyTraverseMutationEffects (webpack-internal:///(app-pages-browser)/./node_modules/next/dist/compiled/react-dom/cjs/react-dom-client.development.js:15714:11)
    at commitMutationEffectsOnFiber (webpack-internal:///(app-pages-browser)/./node_modules/next/dist/compiled/react-dom/cjs/react-dom-client.development.js:15729:11)
    at recursivelyTraverseMutationEffects (webpack-internal:///(app-pages-browser)/./node_modules/next/dist/compiled/react-dom/cjs/react-dom-client.development.js:15714:11)
    at commitMutationEffectsOnFiber (webpack-internal:///(app-pages-browser)/./node_modules/next/dist/compiled/react-dom/cjs/react-dom-client.development.js:15729:11)
    at recursivelyTraverseMutationEffects (webpack-internal:///(app-pages-browser)/./node_modules/next/dist/compiled/react-dom/cjs/react-dom-client.development.js:15714:11)
    at commitMutationEffectsOnFiber (webpack-internal:///(app-pages-browser)/./node_modules/next/dist/compiled/react-dom/cjs/react-dom-client.development.js:15745:11)
    at recursivelyTraverseMutationEffects (webpack-internal:///(app-pages-browser)/./node_modules/next/dist/compiled/react-dom/cjs/react-dom-client.development.js:15714:11)
    at commitMutationEffectsOnFiber (webpack-internal:///(app-pages-browser)/./node_modules/next/dist/compiled/react-dom/cjs/react-dom-client.development.js:15729:11)
    at recursivelyTraverseMutationEffects (webpack-internal:///(app-pages-browser)/./node_modules/next/dist/compiled/react-dom/cjs/react-dom-client.development.js:15714:11)
    at commitMutationEffectsOnFiber (webpack-internal:///(app-pages-browser)/./node_modules/next/dist/compiled/react-dom/cjs/react-dom-client.development.js:16170:11)
    at recursivelyTraverseMutationEffects (webpack-internal:///(app-pages-browser)/./node_modules/next/dist/compiled/react-dom/cjs/react-dom-client.development.js:15714:11)
[  241268ms] [ERROR] Creating a worker from 'blob:http://localhost:3000/01e18392-f51c-4062-8b44-af7600bf8a86' violates the following Content Security Policy directive: "script-src 'self' 'unsafe-inline' 'unsafe-eval' https://cdnjs.cloudflare.com https://*.sentry.io https://*.posthog.com". Note that 'worker-src' was not explicitly set, so 'script-src' is used as a fallback. The action has been blocked. @ webpack-internal:///(app-pages-browser)/./node_modules/@sentry/replay/build/npm/esm/index.js:5672
[  241275ms] [LOG] [Client Instrumentation Hook] Slow execution detected: 56ms (Note: Code download overhead is not included in this measurement) @ webpack-internal:///(app-pages-browser)/./node_modules/@sentry/core/build/esm/instrument/console.js:53
[  241304ms] [INFO] %cDownload the React DevTools for a better development experience: https://react.dev/link/react-devtools font-weight:bold @ webpack-internal:///(app-pages-browser)/./node_modules/@sentry/core/build/esm/instrument/console.js:53
[  241353ms] [LOG] [HMR] connected @ webpack-internal:///(app-pages-browser)/./node_modules/@sentry/core/build/esm/instrument/console.js:53
[  241377ms] [INFO] [analytics] NEXT_PUBLIC_POSTHOG_KEY not set — analytics disabled @ webpack-internal:///(app-pages-browser)/./node_modules/@sentry/core/build/esm/instrument/console.js:53
[  241427ms] [LOG] [Fast Refresh] rebuilding @ webpack-internal:///(app-pages-browser)/./node_modules/@sentry/core/build/esm/instrument/console.js:53
[  241604ms] [LOG] [Fast Refresh] done in 177ms @ webpack-internal:///(app-pages-browser)/./node_modules/@sentry/core/build/esm/instrument/console.js:53
[  241679ms] [LOG] [Fast Refresh] rebuilding @ webpack-internal:///(app-pages-browser)/./node_modules/@sentry/core/build/esm/instrument/console.js:53
[  241780ms] [LOG] [Fast Refresh] done in 101ms @ webpack-internal:///(app-pages-browser)/./node_modules/@sentry/core/build/esm/instrument/console.js:53
[  241877ms] [LOG] [Fast Refresh] rebuilding @ webpack-internal:///(app-pages-browser)/./node_modules/@sentry/core/build/esm/instrument/console.js:53
[  241888ms] [LOG] [Fast Refresh] done in 11ms @ webpack-internal:///(app-pages-browser)/./node_modules/@sentry/core/build/esm/instrument/console.js:53
[  242030ms] [LOG] [Fast Refresh] rebuilding @ webpack-internal:///(app-pages-browser)/./node_modules/@sentry/core/build/esm/instrument/console.js:53
[  242087ms] [LOG] [Fast Refresh] done in 57ms @ webpack-internal:///(app-pages-browser)/./node_modules/@sentry/core/build/esm/instrument/console.js:53
[  242176ms] [LOG] [Fast Refresh] rebuilding @ webpack-internal:///(app-pages-browser)/./node_modules/@sentry/core/build/esm/instrument/console.js:53
[  242237ms] [LOG] [Fast Refresh] done in 61ms @ webpack-internal:///(app-pages-browser)/./node_modules/@sentry/core/build/esm/instrument/console.js:53
[  242319ms] [LOG] [Fast Refresh] rebuilding @ webpack-internal:///(app-pages-browser)/./node_modules/@sentry/core/build/esm/instrument/console.js:53
[  242376ms] [LOG] [Fast Refresh] done in 57ms @ webpack-internal:///(app-pages-browser)/./node_modules/@sentry/core/build/esm/instrument/console.js:53
[  242451ms] [LOG] [Fast Refresh] rebuilding @ webpack-internal:///(app-pages-browser)/./node_modules/@sentry/core/build/esm/instrument/console.js:53
[  242504ms] [LOG] [Fast Refresh] done in 53ms @ webpack-internal:///(app-pages-browser)/./node_modules/@sentry/core/build/esm/instrument/console.js:53
[  242557ms] [LOG] [Fast Refresh] rebuilding @ webpack-internal:///(app-pages-browser)/./node_modules/@sentry/core/build/esm/instrument/console.js:53
[  242570ms] [LOG] [Fast Refresh] done in 12ms @ webpack-internal:///(app-pages-browser)/./node_modules/@sentry/core/build/esm/instrument/console.js:53
[  242843ms] [LOG] [Fast Refresh] rebuilding @ webpack-internal:///(app-pages-browser)/./node_modules/@sentry/core/build/esm/instrument/console.js:53
[  242858ms] [LOG] [Fast Refresh] done in 16ms @ webpack-internal:///(app-pages-browser)/./node_modules/@sentry/core/build/esm/instrument/console.js:53
[  242859ms] [LOG] [Fast Refresh] rebuilding @ webpack-internal:///(app-pages-browser)/./node_modules/@sentry/core/build/esm/instrument/console.js:53
[  242897ms] [LOG] [Fast Refresh] done in 38ms @ webpack-internal:///(app-pages-browser)/./node_modules/@sentry/core/build/esm/instrument/console.js:53
[  242916ms] [ERROR] Failed to load resource: the server responded with a status of 500 (Internal Server Error) @ http://localhost:3000/dashboard/facturacion?tab=emitidas&_rsc=iwmrp:0
[  242917ms] [LOG] [Fast Refresh] rebuilding @ webpack-internal:///(app-pages-browser)/./node_modules/@sentry/core/build/esm/instrument/console.js:53
[  243830ms] [ERROR] Creating a worker from 'blob:http://localhost:3000/0c8af60b-97e4-4588-8ebd-c362b50394f2' violates the following Content Security Policy directive: "script-src 'self' 'unsafe-inline' 'unsafe-eval' https://cdnjs.cloudflare.com https://*.sentry.io https://*.posthog.com". Note that 'worker-src' was not explicitly set, so 'script-src' is used as a fallback. The action has been blocked. @ webpack-internal:///(app-pages-browser)/./node_modules/@sentry/replay/build/npm/esm/index.js:5672
[  243837ms] [LOG] [Client Instrumentation Hook] Slow execution detected: 58ms (Note: Code download overhead is not included in this measurement) @ webpack-internal:///(app-pages-browser)/./node_modules/@sentry/core/build/esm/instrument/console.js:53
[  243868ms] [INFO] %cDownload the React DevTools for a better development experience: https://react.dev/link/react-devtools font-weight:bold @ webpack-internal:///(app-pages-browser)/./node_modules/@sentry/core/build/esm/instrument/console.js:53
[  243913ms] [LOG] [HMR] connected @ webpack-internal:///(app-pages-browser)/./node_modules/@sentry/core/build/esm/instrument/console.js:53
[  243937ms] [INFO] [analytics] NEXT_PUBLIC_POSTHOG_KEY not set — analytics disabled @ webpack-internal:///(app-pages-browser)/./node_modules/@sentry/core/build/esm/instrument/console.js:53
[  244002ms] [LOG] [Fast Refresh] rebuilding @ webpack-internal:///(app-pages-browser)/./node_modules/@sentry/core/build/esm/instrument/console.js:53
[  244194ms] [LOG] [Fast Refresh] done in 193ms @ webpack-internal:///(app-pages-browser)/./node_modules/@sentry/core/build/esm/instrument/console.js:53
[  244196ms] [LOG] [Fast Refresh] rebuilding @ webpack-internal:///(app-pages-browser)/./node_modules/@sentry/core/build/esm/instrument/console.js:53
[  244296ms] [LOG] [Fast Refresh] done in 99ms @ webpack-internal:///(app-pages-browser)/./node_modules/@sentry/core/build/esm/instrument/console.js:53
[  244361ms] [LOG] [Fast Refresh] rebuilding @ webpack-internal:///(app-pages-browser)/./node_modules/@sentry/core/build/esm/instrument/console.js:53
[  244446ms] [LOG] [Fast Refresh] done in 84ms @ webpack-internal:///(app-pages-browser)/./node_modules/@sentry/core/build/esm/instrument/console.js:53
[  244521ms] [LOG] [Fast Refresh] rebuilding @ webpack-internal:///(app-pages-browser)/./node_modules/@sentry/core/build/esm/instrument/console.js:53
[  244582ms] [LOG] [Fast Refresh] done in 62ms @ webpack-internal:///(app-pages-browser)/./node_modules/@sentry/core/build/esm/instrument/console.js:53
[  244654ms] [LOG] [Fast Refresh] rebuilding @ webpack-internal:///(app-pages-browser)/./node_modules/@sentry/core/build/esm/instrument/console.js:53
[  244713ms] [LOG] [Fast Refresh] done in 59ms @ webpack-internal:///(app-pages-browser)/./node_modules/@sentry/core/build/esm/instrument/console.js:53
[  244798ms] [LOG] [Fast Refresh] rebuilding @ webpack-internal:///(app-pages-browser)/./node_modules/@sentry/core/build/esm/instrument/console.js:53
[  244871ms] [LOG] [Fast Refresh] done in 74ms @ webpack-internal:///(app-pages-browser)/./node_modules/@sentry/core/build/esm/instrument/console.js:53
[  244945ms] [LOG] [Fast Refresh] rebuilding @ webpack-internal:///(app-pages-browser)/./node_modules/@sentry/core/build/esm/instrument/console.js:53
[  244995ms] [LOG] [Fast Refresh] done in 50ms @ webpack-internal:///(app-pages-browser)/./node_modules/@sentry/core/build/esm/instrument/console.js:53
[  245035ms] [LOG] [Fast Refresh] rebuilding @ webpack-internal:///(app-pages-browser)/./node_modules/@sentry/core/build/esm/instrument/console.js:53
[  245039ms] [LOG] [Fast Refresh] done in 3ms @ webpack-internal:///(app-pages-browser)/./node_modules/@sentry/core/build/esm/instrument/console.js:53
[  245165ms] [LOG] [Fast Refresh] rebuilding @ webpack-internal:///(app-pages-browser)/./node_modules/@sentry/core/build/esm/instrument/console.js:53
[  245195ms] [LOG] [Fast Refresh] done in 29ms @ webpack-internal:///(app-pages-browser)/./node_modules/@sentry/core/build/esm/instrument/console.js:53
[  245321ms] [LOG] [Fast Refresh] rebuilding @ webpack-internal:///(app-pages-browser)/./node_modules/@sentry/core/build/esm/instrument/console.js:53
[  245331ms] [LOG] [Fast Refresh] done in 9ms @ webpack-internal:///(app-pages-browser)/./node_modules/@sentry/core/build/esm/instrument/console.js:53
[  245517ms] [LOG] [Fast Refresh] rebuilding @ webpack-internal:///(app-pages-browser)/./node_modules/@sentry/core/build/esm/instrument/console.js:53
[  245585ms] [LOG] [Fast Refresh] done in 67ms @ webpack-internal:///(app-pages-browser)/./node_modules/@sentry/core/build/esm/instrument/console.js:53
[  245661ms] [LOG] [Fast Refresh] rebuilding @ webpack-internal:///(app-pages-browser)/./node_modules/@sentry/core/build/esm/instrument/console.js:53
[  245683ms] [LOG] [Fast Refresh] done in 21ms @ webpack-internal:///(app-pages-browser)/./node_modules/@sentry/core/build/esm/instrument/console.js:53
[  245798ms] [LOG] [Fast Refresh] rebuilding @ webpack-internal:///(app-pages-browser)/./node_modules/@sentry/core/build/esm/instrument/console.js:53
[  245813ms] [LOG] [Fast Refresh] done in 14ms @ webpack-internal:///(app-pages-browser)/./node_modules/@sentry/core/build/esm/instrument/console.js:53
[  245934ms] [LOG] [Fast Refresh] rebuilding @ webpack-internal:///(app-pages-browser)/./node_modules/@sentry/core/build/esm/instrument/console.js:53
[  245994ms] [LOG] [Fast Refresh] done in 60ms @ webpack-internal:///(app-pages-browser)/./node_modules/@sentry/core/build/esm/instrument/console.js:53
[  246034ms] [LOG] [Fast Refresh] rebuilding @ webpack-internal:///(app-pages-browser)/./node_modules/@sentry/core/build/esm/instrument/console.js:53
[  246037ms] [LOG] [Fast Refresh] done in 4ms @ webpack-internal:///(app-pages-browser)/./node_modules/@sentry/core/build/esm/instrument/console.js:53
[  246289ms] [LOG] [Fast Refresh] rebuilding @ webpack-internal:///(app-pages-browser)/./node_modules/@sentry/core/build/esm/instrument/console.js:53
[  246304ms] [LOG] [Fast Refresh] done in 15ms @ webpack-internal:///(app-pages-browser)/./node_modules/@sentry/core/build/esm/instrument/console.js:53
[  246881ms] [LOG] [Fast Refresh] rebuilding @ webpack-internal:///(app-pages-browser)/./node_modules/@sentry/core/build/esm/instrument/console.js:53
[  246991ms] [LOG] [Fast Refresh] done in 110ms @ webpack-internal:///(app-pages-browser)/./node_modules/@sentry/core/build/esm/instrument/console.js:53
[  247107ms] [LOG] [Fast Refresh] rebuilding @ webpack-internal:///(app-pages-browser)/./node_modules/@sentry/core/build/esm/instrument/console.js:53
[  247131ms] [LOG] [Fast Refresh] done in 23ms @ webpack-internal:///(app-pages-browser)/./node_modules/@sentry/core/build/esm/instrument/console.js:53
[  247260ms] [LOG] [Fast Refresh] rebuilding @ webpack-internal:///(app-pages-browser)/./node_modules/@sentry/core/build/esm/instrument/console.js:53
[  247272ms] [LOG] [Fast Refresh] done in 12ms @ webpack-internal:///(app-pages-browser)/./node_modules/@sentry/core/build/esm/instrument/console.js:53
[  247396ms] [LOG] [Fast Refresh] rebuilding @ webpack-internal:///(app-pages-browser)/./node_modules/@sentry/core/build/esm/instrument/console.js:53
[  247411ms] [LOG] [Fast Refresh] done in 15ms @ webpack-internal:///(app-pages-browser)/./node_modules/@sentry/core/build/esm/instrument/console.js:53
[  247531ms] [LOG] [Fast Refresh] rebuilding @ webpack-internal:///(app-pages-browser)/./node_modules/@sentry/core/build/esm/instrument/console.js:53
[  247548ms] [LOG] [Fast Refresh] done in 16ms @ webpack-internal:///(app-pages-browser)/./node_modules/@sentry/core/build/esm/instrument/console.js:53
[  247697ms] [LOG] [Fast Refresh] rebuilding @ webpack-internal:///(app-pages-browser)/./node_modules/@sentry/core/build/esm/instrument/console.js:53
[  247750ms] [LOG] [Fast Refresh] done in 52ms @ webpack-internal:///(app-pages-browser)/./node_modules/@sentry/core/build/esm/instrument/console.js:53
[  247831ms] [LOG] [Fast Refresh] rebuilding @ webpack-internal:///(app-pages-browser)/./node_modules/@sentry/core/build/esm/instrument/console.js:53
[  247912ms] [LOG] [Fast Refresh] done in 80ms @ webpack-internal:///(app-pages-browser)/./node_modules/@sentry/core/build/esm/instrument/console.js:53
[  248024ms] [LOG] [Fast Refresh] rebuilding @ webpack-internal:///(app-pages-browser)/./node_modules/@sentry/core/build/esm/instrument/console.js:53
[  248041ms] [LOG] [Fast Refresh] done in 17ms @ webpack-internal:///(app-pages-browser)/./node_modules/@sentry/core/build/esm/instrument/console.js:53
[  248251ms] [LOG] [Fast Refresh] rebuilding @ webpack-internal:///(app-pages-browser)/./node_modules/@sentry/core/build/esm/instrument/console.js:53
[  248277ms] [LOG] [Fast Refresh] done in 26ms @ webpack-internal:///(app-pages-browser)/./node_modules/@sentry/core/build/esm/instrument/console.js:53
[  248679ms] [LOG] [Fast Refresh] rebuilding @ webpack-internal:///(app-pages-browser)/./node_modules/@sentry/core/build/esm/instrument/console.js:53
[  248697ms] [LOG] [Fast Refresh] done in 18ms @ webpack-internal:///(app-pages-browser)/./node_modules/@sentry/core/build/esm/instrument/console.js:53
[  248738ms] [LOG] [Fast Refresh] rebuilding @ webpack-internal:///(app-pages-browser)/./node_modules/@sentry/core/build/esm/instrument/console.js:53
[  248740ms] [LOG] [Fast Refresh] done in 2ms @ webpack-internal:///(app-pages-browser)/./node_modules/@sentry/core/build/esm/instrument/console.js:53
[  248758ms] [ERROR] Failed to load resource: the server responded with a status of 500 (Internal Server Error) @ http://localhost:3000/dashboard/facturacion?tab=emitidas&_rsc=iwmrp:0
[  248780ms] [LOG] [Fast Refresh] rebuilding @ webpack-internal:///(app-pages-browser)/./node_modules/@sentry/core/build/esm/instrument/console.js:53
[  250317ms] [ERROR] Creating a worker from 'blob:http://localhost:3000/4833a86b-c529-4c4b-92b5-ed69ee9ec70c' violates the following Content Security Policy directive: "script-src 'self' 'unsafe-inline' 'unsafe-eval' https://cdnjs.cloudflare.com https://*.sentry.io https://*.posthog.com". Note that 'worker-src' was not explicitly set, so 'script-src' is used as a fallback. The action has been blocked. @ webpack-internal:///(app-pages-browser)/./node_modules/@sentry/replay/build/npm/esm/index.js:5672
[  250324ms] [LOG] [Client Instrumentation Hook] Slow execution detected: 58ms (Note: Code download overhead is not included in this measurement) @ webpack-internal:///(app-pages-browser)/./node_modules/@sentry/core/build/esm/instrument/console.js:53
[  250355ms] [INFO] %cDownload the React DevTools for a better development experience: https://react.dev/link/react-devtools font-weight:bold @ webpack-internal:///(app-pages-browser)/./node_modules/@sentry/core/build/esm/instrument/console.js:53
[  250404ms] [LOG] [HMR] connected @ webpack-internal:///(app-pages-browser)/./node_modules/@sentry/core/build/esm/instrument/console.js:53
[  250428ms] [INFO] [analytics] NEXT_PUBLIC_POSTHOG_KEY not set — analytics disabled @ webpack-internal:///(app-pages-browser)/./node_modules/@sentry/core/build/esm/instrument/console.js:53
[  250474ms] [LOG] [Fast Refresh] rebuilding @ webpack-internal:///(app-pages-browser)/./node_modules/@sentry/core/build/esm/instrument/console.js:53
[  250549ms] [LOG] [Fast Refresh] done in 74ms @ webpack-internal:///(app-pages-browser)/./node_modules/@sentry/core/build/esm/instrument/console.js:53
[  250719ms] [LOG] [Fast Refresh] rebuilding @ webpack-internal:///(app-pages-browser)/./node_modules/@sentry/core/build/esm/instrument/console.js:53
[  250738ms] [LOG] [Fast Refresh] done in 20ms @ webpack-internal:///(app-pages-browser)/./node_modules/@sentry/core/build/esm/instrument/console.js:53
[  250844ms] [LOG] [Fast Refresh] rebuilding @ webpack-internal:///(app-pages-browser)/./node_modules/@sentry/core/build/esm/instrument/console.js:53
[  250847ms] [LOG] [Fast Refresh] done in 3ms @ webpack-internal:///(app-pages-browser)/./node_modules/@sentry/core/build/esm/instrument/console.js:53
[  250982ms] [LOG] [Fast Refresh] rebuilding @ webpack-internal:///(app-pages-browser)/./node_modules/@sentry/core/build/esm/instrument/console.js:53
[  250986ms] [LOG] [Fast Refresh] done in 3ms @ webpack-internal:///(app-pages-browser)/./node_modules/@sentry/core/build/esm/instrument/console.js:53
[  251148ms] [LOG] [Fast Refresh] rebuilding @ webpack-internal:///(app-pages-browser)/./node_modules/@sentry/core/build/esm/instrument/console.js:53
[  251161ms] [LOG] [Fast Refresh] done in 14ms @ webpack-internal:///(app-pages-browser)/./node_modules/@sentry/core/build/esm/instrument/console.js:53
[  251296ms] [LOG] [Fast Refresh] rebuilding @ webpack-internal:///(app-pages-browser)/./node_modules/@sentry/core/build/esm/instrument/console.js:53
[  251347ms] [LOG] [Fast Refresh] done in 52ms @ webpack-internal:///(app-pages-browser)/./node_modules/@sentry/core/build/esm/instrument/console.js:53
[  251386ms] [LOG] [Fast Refresh] rebuilding @ webpack-internal:///(app-pages-browser)/./node_modules/@sentry/core/build/esm/instrument/console.js:53
[  251389ms] [LOG] [Fast Refresh] done in 3ms @ webpack-internal:///(app-pages-browser)/./node_modules/@sentry/core/build/esm/instrument/console.js:53
[  251515ms] [LOG] [Fast Refresh] rebuilding @ webpack-internal:///(app-pages-browser)/./node_modules/@sentry/core/build/esm/instrument/console.js:53
[  251518ms] [LOG] [Fast Refresh] done in 3ms @ webpack-internal:///(app-pages-browser)/./node_modules/@sentry/core/build/esm/instrument/console.js:53
[  251639ms] [LOG] [Fast Refresh] rebuilding @ webpack-internal:///(app-pages-browser)/./node_modules/@sentry/core/build/esm/instrument/console.js:53
[  251665ms] [LOG] [Fast Refresh] done in 27ms @ webpack-internal:///(app-pages-browser)/./node_modules/@sentry/core/build/esm/instrument/console.js:53
[  251790ms] [LOG] [Fast Refresh] rebuilding @ webpack-internal:///(app-pages-browser)/./node_modules/@sentry/core/build/esm/instrument/console.js:53
[  251845ms] [LOG] [Fast Refresh] done in 55ms @ webpack-internal:///(app-pages-browser)/./node_modules/@sentry/core/build/esm/instrument/console.js:53
[  251905ms] [LOG] [Fast Refresh] rebuilding @ webpack-internal:///(app-pages-browser)/./node_modules/@sentry/core/build/esm/instrument/console.js:53
[  251914ms] [LOG] [Fast Refresh] done in 10ms @ webpack-internal:///(app-pages-browser)/./node_modules/@sentry/core/build/esm/instrument/console.js:53
[  252027ms] [LOG] [Fast Refresh] rebuilding @ webpack-internal:///(app-pages-browser)/./node_modules/@sentry/core/build/esm/instrument/console.js:53
[  252083ms] [LOG] [Fast Refresh] done in 55ms @ webpack-internal:///(app-pages-browser)/./node_modules/@sentry/core/build/esm/instrument/console.js:53
[  252136ms] [LOG] [Fast Refresh] rebuilding @ webpack-internal:///(app-pages-browser)/./node_modules/@sentry/core/build/esm/instrument/console.js:53
[  252150ms] [LOG] [Fast Refresh] done in 14ms @ webpack-internal:///(app-pages-browser)/./node_modules/@sentry/core/build/esm/instrument/console.js:53
[  252427ms] [LOG] [Fast Refresh] rebuilding @ webpack-internal:///(app-pages-browser)/./node_modules/@sentry/core/build/esm/instrument/console.js:53
[  252441ms] [LOG] [Fast Refresh] done in 14ms @ webpack-internal:///(app-pages-browser)/./node_modules/@sentry/core/build/esm/instrument/console.js:53
[  252478ms] [LOG] [Fast Refresh] rebuilding @ webpack-internal:///(app-pages-browser)/./node_modules/@sentry/core/build/esm/instrument/console.js:53
[  252479ms] [LOG] [Fast Refresh] done in 1ms @ webpack-internal:///(app-pages-browser)/./node_modules/@sentry/core/build/esm/instrument/console.js:53
[  252499ms] [ERROR] Failed to load resource: the server responded with a status of 500 (Internal Server Error) @ http://localhost:3000/dashboard/facturacion?tab=emitidas&_rsc=iwmrp:0
[  252543ms] [LOG] [Fast Refresh] rebuilding @ webpack-internal:///(app-pages-browser)/./node_modules/@sentry/core/build/esm/instrument/console.js:53
[  253699ms] [ERROR] Creating a worker from 'blob:http://localhost:3000/535b8f09-fa0b-45e0-bce2-3a1db249851f' violates the following Content Security Policy directive: "script-src 'self' 'unsafe-inline' 'unsafe-eval' https://cdnjs.cloudflare.com https://*.sentry.io https://*.posthog.com". Note that 'worker-src' was not explicitly set, so 'script-src' is used as a fallback. The action has been blocked. @ webpack-internal:///(app-pages-browser)/./node_modules/@sentry/replay/build/npm/esm/index.js:5672
[  253705ms] [LOG] [Client Instrumentation Hook] Slow execution detected: 52ms (Note: Code download overhead is not included in this measurement) @ webpack-internal:///(app-pages-browser)/./node_modules/@sentry/core/build/esm/instrument/console.js:53
[  253734ms] [INFO] %cDownload the React DevTools for a better development experience: https://react.dev/link/react-devtools font-weight:bold @ webpack-internal:///(app-pages-browser)/./node_modules/@sentry/core/build/esm/instrument/console.js:53
[  253777ms] [LOG] [HMR] connected @ webpack-internal:///(app-pages-browser)/./node_modules/@sentry/core/build/esm/instrument/console.js:53
[  253798ms] [INFO] [analytics] NEXT_PUBLIC_POSTHOG_KEY not set — analytics disabled @ webpack-internal:///(app-pages-browser)/./node_modules/@sentry/core/build/esm/instrument/console.js:53
[  253829ms] [LOG] [Fast Refresh] rebuilding @ webpack-internal:///(app-pages-browser)/./node_modules/@sentry/core/build/esm/instrument/console.js:53
[  253891ms] [LOG] [Fast Refresh] done in 63ms @ webpack-internal:///(app-pages-browser)/./node_modules/@sentry/core/build/esm/instrument/console.js:53
[  254058ms] [LOG] [Fast Refresh] rebuilding @ webpack-internal:///(app-pages-browser)/./node_modules/@sentry/core/build/esm/instrument/console.js:53
[  254154ms] [LOG] [Fast Refresh] done in 96ms @ webpack-internal:///(app-pages-browser)/./node_modules/@sentry/core/build/esm/instrument/console.js:53
[  254212ms] [LOG] [Fast Refresh] rebuilding @ webpack-internal:///(app-pages-browser)/./node_modules/@sentry/core/build/esm/instrument/console.js:53
[  254268ms] [LOG] [Fast Refresh] done in 56ms @ webpack-internal:///(app-pages-browser)/./node_modules/@sentry/core/build/esm/instrument/console.js:53
[  254347ms] [LOG] [Fast Refresh] rebuilding @ webpack-internal:///(app-pages-browser)/./node_modules/@sentry/core/build/esm/instrument/console.js:53
[  254406ms] [LOG] [Fast Refresh] done in 59ms @ webpack-internal:///(app-pages-browser)/./node_modules/@sentry/core/build/esm/instrument/console.js:53
[  254453ms] [LOG] [Fast Refresh] rebuilding @ webpack-internal:///(app-pages-browser)/./node_modules/@sentry/core/build/esm/instrument/console.js:53
[  254530ms] [LOG] [Fast Refresh] done in 77ms @ webpack-internal:///(app-pages-browser)/./node_modules/@sentry/core/build/esm/instrument/console.js:53
[  254613ms] [LOG] [Fast Refresh] rebuilding @ webpack-internal:///(app-pages-browser)/./node_modules/@sentry/core/build/esm/instrument/console.js:53
[  254664ms] [LOG] [Fast Refresh] done in 51ms @ webpack-internal:///(app-pages-browser)/./node_modules/@sentry/core/build/esm/instrument/console.js:53
[  254716ms] [LOG] [Fast Refresh] rebuilding @ webpack-internal:///(app-pages-browser)/./node_modules/@sentry/core/build/esm/instrument/console.js:53
[  254729ms] [LOG] [Fast Refresh] done in 14ms @ webpack-internal:///(app-pages-browser)/./node_modules/@sentry/core/build/esm/instrument/console.js:53
[  254988ms] [LOG] [Fast Refresh] rebuilding @ webpack-internal:///(app-pages-browser)/./node_modules/@sentry/core/build/esm/instrument/console.js:53
[  255001ms] [LOG] [Fast Refresh] done in 13ms @ webpack-internal:///(app-pages-browser)/./node_modules/@sentry/core/build/esm/instrument/console.js:53
[  255037ms] [LOG] [Fast Refresh] done in 49ms @ webpack-internal:///(app-pages-browser)/./node_modules/@sentry/core/build/esm/instrument/console.js:53
[  255050ms] [LOG] [Fast Refresh] rebuilding @ webpack-internal:///(app-pages-browser)/./node_modules/@sentry/core/build/esm/instrument/console.js:53
[  255050ms] [ERROR] Failed to load resource: the server responded with a status of 500 (Internal Server Error) @ http://localhost:3000/dashboard/facturacion?tab=emitidas&_rsc=iwmrp:0
[  255638ms] Invalid or unexpected token
[  256400ms] [ERROR] Creating a worker from 'blob:http://localhost:3000/00d15612-bd4f-4870-b61d-845b3b627da7' violates the following Content Security Policy directive: "script-src 'self' 'unsafe-inline' 'unsafe-eval' https://cdnjs.cloudflare.com https://*.sentry.io https://*.posthog.com". Note that 'worker-src' was not explicitly set, so 'script-src' is used as a fallback. The action has been blocked. @ webpack-internal:///(app-pages-browser)/./node_modules/@sentry/replay/build/npm/esm/index.js:5672
[  256408ms] [LOG] [Client Instrumentation Hook] Slow execution detected: 56ms (Note: Code download overhead is not included in this measurement) @ webpack-internal:///(app-pages-browser)/./node_modules/@sentry/core/build/esm/instrument/console.js:53
[  256437ms] [INFO] %cDownload the React DevTools for a better development experience: https://react.dev/link/react-devtools font-weight:bold @ webpack-internal:///(app-pages-browser)/./node_modules/@sentry/core/build/esm/instrument/console.js:53
[  256487ms] [LOG] [HMR] connected @ webpack-internal:///(app-pages-browser)/./node_modules/@sentry/core/build/esm/instrument/console.js:53
[  256535ms] [ERROR] Can't perform a React state update on a component that hasn't mounted yet. This indicates that you have a side-effect in your render function that asynchronously tries to update the component. Move this work to useEffect instead. @ webpack-internal:///(app-pages-browser)/./node_modules/@sentry/core/build/esm/instrument/console.js:53
[  256539ms] [LOG] [Fast Refresh] rebuilding @ webpack-internal:///(app-pages-browser)/./node_modules/@sentry/core/build/esm/instrument/console.js:53
[  256744ms] [LOG] [Fast Refresh] done in 205ms @ webpack-internal:///(app-pages-browser)/./node_modules/@sentry/core/build/esm/instrument/console.js:53
[  256832ms] [LOG] [Fast Refresh] rebuilding @ webpack-internal:///(app-pages-browser)/./node_modules/@sentry/core/build/esm/instrument/console.js:53
[  256982ms] Invalid or unexpected token
[  257534ms] [ERROR] Creating a worker from 'blob:http://localhost:3000/9fb2bcb6-e298-49f1-8a3e-de322309ce16' violates the following Content Security Policy directive: "script-src 'self' 'unsafe-inline' 'unsafe-eval' https://cdnjs.cloudflare.com https://*.sentry.io https://*.posthog.com". Note that 'worker-src' was not explicitly set, so 'script-src' is used as a fallback. The action has been blocked. @ webpack-internal:///(app-pages-browser)/./node_modules/@sentry/replay/build/npm/esm/index.js:5672
[  257540ms] [LOG] [Client Instrumentation Hook] Slow execution detected: 49ms (Note: Code download overhead is not included in this measurement) @ webpack-internal:///(app-pages-browser)/./node_modules/@sentry/core/build/esm/instrument/console.js:53
[  257568ms] [INFO] %cDownload the React DevTools for a better development experience: https://react.dev/link/react-devtools font-weight:bold @ webpack-internal:///(app-pages-browser)/./node_modules/@sentry/core/build/esm/instrument/console.js:53
[  257612ms] [LOG] [HMR] connected @ webpack-internal:///(app-pages-browser)/./node_modules/@sentry/core/build/esm/instrument/console.js:53
[  257647ms] [ERROR] Can't perform a React state update on a component that hasn't mounted yet. This indicates that you have a side-effect in your render function that asynchronously tries to update the component. Move this work to useEffect instead. @ webpack-internal:///(app-pages-browser)/./node_modules/@sentry/core/build/esm/instrument/console.js:53
[  257651ms] [LOG] [Fast Refresh] rebuilding @ webpack-internal:///(app-pages-browser)/./node_modules/@sentry/core/build/esm/instrument/console.js:53
[  257782ms] [LOG] [Fast Refresh] done in 130ms @ webpack-internal:///(app-pages-browser)/./node_modules/@sentry/core/build/esm/instrument/console.js:53
[  257785ms] [LOG] [Fast Refresh] rebuilding @ webpack-internal:///(app-pages-browser)/./node_modules/@sentry/core/build/esm/instrument/console.js:53
[  257839ms] [LOG] [Fast Refresh] done in 55ms @ webpack-internal:///(app-pages-browser)/./node_modules/@sentry/core/build/esm/instrument/console.js:53
[  257927ms] [LOG] [Fast Refresh] rebuilding @ webpack-internal:///(app-pages-browser)/./node_modules/@sentry/core/build/esm/instrument/console.js:53
[  257937ms] [LOG] [Fast Refresh] done in 10ms @ webpack-internal:///(app-pages-browser)/./node_modules/@sentry/core/build/esm/instrument/console.js:53
[  258055ms] [LOG] [Fast Refresh] rebuilding @ webpack-internal:///(app-pages-browser)/./node_modules/@sentry/core/build/esm/instrument/console.js:53
[  258062ms] [LOG] [Fast Refresh] done in 7ms @ webpack-internal:///(app-pages-browser)/./node_modules/@sentry/core/build/esm/instrument/console.js:53
[  258187ms] [LOG] [Fast Refresh] rebuilding @ webpack-internal:///(app-pages-browser)/./node_modules/@sentry/core/build/esm/instrument/console.js:53
[  258195ms] [LOG] [Fast Refresh] done in 8ms @ webpack-internal:///(app-pages-browser)/./node_modules/@sentry/core/build/esm/instrument/console.js:53
[  258340ms] [LOG] [Fast Refresh] rebuilding @ webpack-internal:///(app-pages-browser)/./node_modules/@sentry/core/build/esm/instrument/console.js:53
[  258350ms] [LOG] [Fast Refresh] done in 9ms @ webpack-internal:///(app-pages-browser)/./node_modules/@sentry/core/build/esm/instrument/console.js:53
[  258465ms] [LOG] [Fast Refresh] rebuilding @ webpack-internal:///(app-pages-browser)/./node_modules/@sentry/core/build/esm/instrument/console.js:53
[  258527ms] [LOG] [Fast Refresh] done in 61ms @ webpack-internal:///(app-pages-browser)/./node_modules/@sentry/core/build/esm/instrument/console.js:53
[  258598ms] [LOG] [Fast Refresh] rebuilding @ webpack-internal:///(app-pages-browser)/./node_modules/@sentry/core/build/esm/instrument/console.js:53
[  258603ms] [LOG] [Fast Refresh] done in 5ms @ webpack-internal:///(app-pages-browser)/./node_modules/@sentry/core/build/esm/instrument/console.js:53
[  258729ms] [LOG] [Fast Refresh] rebuilding @ webpack-internal:///(app-pages-browser)/./node_modules/@sentry/core/build/esm/instrument/console.js:53
[  258742ms] [LOG] [Fast Refresh] done in 13ms @ webpack-internal:///(app-pages-browser)/./node_modules/@sentry/core/build/esm/instrument/console.js:53
[  258902ms] [LOG] [Fast Refresh] rebuilding @ webpack-internal:///(app-pages-browser)/./node_modules/@sentry/core/build/esm/instrument/console.js:53
[  258914ms] [LOG] [Fast Refresh] done in 11ms @ webpack-internal:///(app-pages-browser)/./node_modules/@sentry/core/build/esm/instrument/console.js:53
[  259206ms] [LOG] [Fast Refresh] rebuilding @ webpack-internal:///(app-pages-browser)/./node_modules/@sentry/core/build/esm/instrument/console.js:53
[  259345ms] [LOG] [Fast Refresh] done in 138ms @ webpack-internal:///(app-pages-browser)/./node_modules/@sentry/core/build/esm/instrument/console.js:53
[  259468ms] [LOG] [Fast Refresh] rebuilding @ webpack-internal:///(app-pages-browser)/./node_modules/@sentry/core/build/esm/instrument/console.js:53
[  259475ms] [LOG] [Fast Refresh] done in 7ms @ webpack-internal:///(app-pages-browser)/./node_modules/@sentry/core/build/esm/instrument/console.js:53
[  259595ms] [LOG] [Fast Refresh] rebuilding @ webpack-internal:///(app-pages-browser)/./node_modules/@sentry/core/build/esm/instrument/console.js:53
[  259611ms] [LOG] [Fast Refresh] done in 17ms @ webpack-internal:///(app-pages-browser)/./node_modules/@sentry/core/build/esm/instrument/console.js:53
[  259727ms] [LOG] [Fast Refresh] rebuilding @ webpack-internal:///(app-pages-browser)/./node_modules/@sentry/core/build/esm/instrument/console.js:53
[  259734ms] [LOG] [Fast Refresh] done in 7ms @ webpack-internal:///(app-pages-browser)/./node_modules/@sentry/core/build/esm/instrument/console.js:53
[  259862ms] [LOG] [Fast Refresh] rebuilding @ webpack-internal:///(app-pages-browser)/./node_modules/@sentry/core/build/esm/instrument/console.js:53
[  259930ms] [LOG] [Fast Refresh] done in 68ms @ webpack-internal:///(app-pages-browser)/./node_modules/@sentry/core/build/esm/instrument/console.js:53
[  260002ms] [LOG] [Fast Refresh] rebuilding @ webpack-internal:///(app-pages-browser)/./node_modules/@sentry/core/build/esm/instrument/console.js:53
[  260011ms] [LOG] [Fast Refresh] done in 8ms @ webpack-internal:///(app-pages-browser)/./node_modules/@sentry/core/build/esm/instrument/console.js:53
[  260132ms] [LOG] [Fast Refresh] rebuilding @ webpack-internal:///(app-pages-browser)/./node_modules/@sentry/core/build/esm/instrument/console.js:53
[  260158ms] [LOG] [Fast Refresh] done in 26ms @ webpack-internal:///(app-pages-browser)/./node_modules/@sentry/core/build/esm/instrument/console.js:53
[  260332ms] [LOG] [Fast Refresh] rebuilding @ webpack-internal:///(app-pages-browser)/./node_modules/@sentry/core/build/esm/instrument/console.js:53
[  260397ms] [LOG] [Fast Refresh] done in 65ms @ webpack-internal:///(app-pages-browser)/./node_modules/@sentry/core/build/esm/instrument/console.js:53
[  260408ms] [LOG] [Fast Refresh] rebuilding @ webpack-internal:///(app-pages-browser)/./node_modules/@sentry/core/build/esm/instrument/console.js:53
[  260518ms] [LOG] [Fast Refresh] done in 115ms @ webpack-internal:///(app-pages-browser)/./node_modules/@sentry/core/build/esm/instrument/console.js:53
[  260572ms] [LOG] [Fast Refresh] rebuilding @ webpack-internal:///(app-pages-browser)/./node_modules/@sentry/core/build/esm/instrument/console.js:53
[  260580ms] [LOG] [Fast Refresh] done in 8ms @ webpack-internal:///(app-pages-browser)/./node_modules/@sentry/core/build/esm/instrument/console.js:53
[  260721ms] [LOG] [Fast Refresh] rebuilding @ webpack-internal:///(app-pages-browser)/./node_modules/@sentry/core/build/esm/instrument/console.js:53
[  260782ms] [LOG] [Fast Refresh] done in 61ms @ webpack-internal:///(app-pages-browser)/./node_modules/@sentry/core/build/esm/instrument/console.js:53
[  260845ms] [LOG] [Fast Refresh] rebuilding @ webpack-internal:///(app-pages-browser)/./node_modules/@sentry/core/build/esm/instrument/console.js:53
[  260905ms] [LOG] [Fast Refresh] done in 59ms @ webpack-internal:///(app-pages-browser)/./node_modules/@sentry/core/build/esm/instrument/console.js:53
[  260977ms] [LOG] [Fast Refresh] rebuilding @ webpack-internal:///(app-pages-browser)/./node_modules/@sentry/core/build/esm/instrument/console.js:53
[  260988ms] [LOG] [Fast Refresh] done in 10ms @ webpack-internal:///(app-pages-browser)/./node_modules/@sentry/core/build/esm/instrument/console.js:53
[  261114ms] [LOG] [Fast Refresh] rebuilding @ webpack-internal:///(app-pages-browser)/./node_modules/@sentry/core/build/esm/instrument/console.js:53
[  261120ms] [LOG] [Fast Refresh] done in 5ms @ webpack-internal:///(app-pages-browser)/./node_modules/@sentry/core/build/esm/instrument/console.js:53
[  261247ms] [LOG] [Fast Refresh] rebuilding @ webpack-internal:///(app-pages-browser)/./node_modules/@sentry/core/build/esm/instrument/console.js:53
[  261262ms] [LOG] [Fast Refresh] done in 16ms @ webpack-internal:///(app-pages-browser)/./node_modules/@sentry/core/build/esm/instrument/console.js:53
[  261374ms] [LOG] [Fast Refresh] rebuilding @ webpack-internal:///(app-pages-browser)/./node_modules/@sentry/core/build/esm/instrument/console.js:53
[  261389ms] [LOG] [Fast Refresh] done in 15ms @ webpack-internal:///(app-pages-browser)/./node_modules/@sentry/core/build/esm/instrument/console.js:53
[  261499ms] [LOG] [Fast Refresh] rebuilding @ webpack-internal:///(app-pages-browser)/./node_modules/@sentry/core/build/esm/instrument/console.js:53
[  261544ms] [LOG] [Fast Refresh] done in 44ms @ webpack-internal:///(app-pages-browser)/./node_modules/@sentry/core/build/esm/instrument/console.js:53
[  261772ms] [LOG] [Fast Refresh] rebuilding @ webpack-internal:///(app-pages-browser)/./node_modules/@sentry/core/build/esm/instrument/console.js:53
[  261808ms] [LOG] [Fast Refresh] done in 36ms @ webpack-internal:///(app-pages-browser)/./node_modules/@sentry/core/build/esm/instrument/console.js:53
[  262097ms] [LOG] [Fast Refresh] rebuilding @ webpack-internal:///(app-pages-browser)/./node_modules/@sentry/core/build/esm/instrument/console.js:53
[  262109ms] [LOG] [Fast Refresh] done in 12ms @ webpack-internal:///(app-pages-browser)/./node_modules/@sentry/core/build/esm/instrument/console.js:53
[  262235ms] [LOG] [Fast Refresh] rebuilding @ webpack-internal:///(app-pages-browser)/./node_modules/@sentry/core/build/esm/instrument/console.js:53
[  262253ms] [LOG] [Fast Refresh] done in 18ms @ webpack-internal:///(app-pages-browser)/./node_modules/@sentry/core/build/esm/instrument/console.js:53
[  262375ms] [LOG] [Fast Refresh] rebuilding @ webpack-internal:///(app-pages-browser)/./node_modules/@sentry/core/build/esm/instrument/console.js:53
[  262380ms] [LOG] [Fast Refresh] done in 5ms @ webpack-internal:///(app-pages-browser)/./node_modules/@sentry/core/build/esm/instrument/console.js:53
[  262505ms] [LOG] [Fast Refresh] rebuilding @ webpack-internal:///(app-pages-browser)/./node_modules/@sentry/core/build/esm/instrument/console.js:53
[  262513ms] [LOG] [Fast Refresh] done in 8ms @ webpack-internal:///(app-pages-browser)/./node_modules/@sentry/core/build/esm/instrument/console.js:53
[  262643ms] [LOG] [Fast Refresh] rebuilding @ webpack-internal:///(app-pages-browser)/./node_modules/@sentry/core/build/esm/instrument/console.js:53
[  262649ms] [LOG] [Fast Refresh] done in 5ms @ webpack-internal:///(app-pages-browser)/./node_modules/@sentry/core/build/esm/instrument/console.js:53
[  262779ms] [LOG] [Fast Refresh] rebuilding @ webpack-internal:///(app-pages-browser)/./node_modules/@sentry/core/build/esm/instrument/console.js:53
[  262791ms] [LOG] [Fast Refresh] done in 11ms @ webpack-internal:///(app-pages-browser)/./node_modules/@sentry/core/build/esm/instrument/console.js:53
[  262900ms] [LOG] [Fast Refresh] rebuilding @ webpack-internal:///(app-pages-browser)/./node_modules/@sentry/core/build/esm/instrument/console.js:53
[  262905ms] [LOG] [Fast Refresh] done in 5ms @ webpack-internal:///(app-pages-browser)/./node_modules/@sentry/core/build/esm/instrument/console.js:53
[  263029ms] [LOG] [Fast Refresh] rebuilding @ webpack-internal:///(app-pages-browser)/./node_modules/@sentry/core/build/esm/instrument/console.js:53
[  263048ms] [LOG] [Fast Refresh] done in 18ms @ webpack-internal:///(app-pages-browser)/./node_modules/@sentry/core/build/esm/instrument/console.js:53
[  263164ms] [LOG] [Fast Refresh] rebuilding @ webpack-internal:///(app-pages-browser)/./node_modules/@sentry/core/build/esm/instrument/console.js:53
[  263172ms] [LOG] [Fast Refresh] done in 7ms @ webpack-internal:///(app-pages-browser)/./node_modules/@sentry/core/build/esm/instrument/console.js:53
[  263339ms] [LOG] [Fast Refresh] rebuilding @ webpack-internal:///(app-pages-browser)/./node_modules/@sentry/core/build/esm/instrument/console.js:53
[  263347ms] [LOG] [Fast Refresh] done in 8ms @ webpack-internal:///(app-pages-browser)/./node_modules/@sentry/core/build/esm/instrument/console.js:53
[  263470ms] [LOG] [Fast Refresh] rebuilding @ webpack-internal:///(app-pages-browser)/./node_modules/@sentry/core/build/esm/instrument/console.js:53
[  263476ms] [LOG] [Fast Refresh] done in 5ms @ webpack-internal:///(app-pages-browser)/./node_modules/@sentry/core/build/esm/instrument/console.js:53
[  263601ms] [LOG] [Fast Refresh] rebuilding @ webpack-internal:///(app-pages-browser)/./node_modules/@sentry/core/build/esm/instrument/console.js:53
[  263608ms] [LOG] [Fast Refresh] done in 7ms @ webpack-internal:///(app-pages-browser)/./node_modules/@sentry/core/build/esm/instrument/console.js:53
[  263724ms] [LOG] [Fast Refresh] rebuilding @ webpack-internal:///(app-pages-browser)/./node_modules/@sentry/core/build/esm/instrument/console.js:53
[  263733ms] [LOG] [Fast Refresh] done in 9ms @ webpack-internal:///(app-pages-browser)/./node_modules/@sentry/core/build/esm/instrument/console.js:53
[  263850ms] [LOG] [Fast Refresh] rebuilding @ webpack-internal:///(app-pages-browser)/./node_modules/@sentry/core/build/esm/instrument/console.js:53
[  263855ms] [LOG] [Fast Refresh] done in 6ms @ webpack-internal:///(app-pages-browser)/./node_modules/@sentry/core/build/esm/instrument/console.js:53
[  263975ms] [LOG] [Fast Refresh] rebuilding @ webpack-internal:///(app-pages-browser)/./node_modules/@sentry/core/build/esm/instrument/console.js:53
[  263996ms] [LOG] [Fast Refresh] done in 20ms @ webpack-internal:///(app-pages-browser)/./node_modules/@sentry/core/build/esm/instrument/console.js:53
[  264102ms] [LOG] [Fast Refresh] rebuilding @ webpack-internal:///(app-pages-browser)/./node_modules/@sentry/core/build/esm/instrument/console.js:53
[  264107ms] [LOG] [Fast Refresh] done in 5ms @ webpack-internal:///(app-pages-browser)/./node_modules/@sentry/core/build/esm/instrument/console.js:53
[  264268ms] [LOG] [Fast Refresh] rebuilding @ webpack-internal:///(app-pages-browser)/./node_modules/@sentry/core/build/esm/instrument/console.js:53
[  264274ms] [LOG] [Fast Refresh] done in 5ms @ webpack-internal:///(app-pages-browser)/./node_modules/@sentry/core/build/esm/instrument/console.js:53
[  264481ms] [LOG] [Fast Refresh] rebuilding @ webpack-internal:///(app-pages-browser)/./node_modules/@sentry/core/build/esm/instrument/console.js:53
[  264488ms] [LOG] [Fast Refresh] done in 6ms @ webpack-internal:///(app-pages-browser)/./node_modules/@sentry/core/build/esm/instrument/console.js:53
[  264739ms] [LOG] [Fast Refresh] rebuilding @ webpack-internal:///(app-pages-browser)/./node_modules/@sentry/core/build/esm/instrument/console.js:53
[  264753ms] [LOG] [Fast Refresh] done in 14ms @ webpack-internal:///(app-pages-browser)/./node_modules/@sentry/core/build/esm/instrument/console.js:53
[  264879ms] [LOG] [Fast Refresh] rebuilding @ webpack-internal:///(app-pages-browser)/./node_modules/@sentry/core/build/esm/instrument/console.js:53
[  264886ms] [LOG] [Fast Refresh] done in 7ms @ webpack-internal:///(app-pages-browser)/./node_modules/@sentry/core/build/esm/instrument/console.js:53
[  265007ms] [LOG] [Fast Refresh] rebuilding @ webpack-internal:///(app-pages-browser)/./node_modules/@sentry/core/build/esm/instrument/console.js:53
[  265015ms] [LOG] [Fast Refresh] done in 8ms @ webpack-internal:///(app-pages-browser)/./node_modules/@sentry/core/build/esm/instrument/console.js:53
[  265141ms] [LOG] [Fast Refresh] rebuilding @ webpack-internal:///(app-pages-browser)/./node_modules/@sentry/core/build/esm/instrument/console.js:53
[  265199ms] [LOG] [Fast Refresh] done in 58ms @ webpack-internal:///(app-pages-browser)/./node_modules/@sentry/core/build/esm/instrument/console.js:53
[  265272ms] [LOG] [Fast Refresh] rebuilding @ webpack-internal:///(app-pages-browser)/./node_modules/@sentry/core/build/esm/instrument/console.js:53
[  265277ms] [LOG] [Fast Refresh] done in 6ms @ webpack-internal:///(app-pages-browser)/./node_modules/@sentry/core/build/esm/instrument/console.js:53
[  265406ms] [LOG] [Fast Refresh] rebuilding @ webpack-internal:///(app-pages-browser)/./node_modules/@sentry/core/build/esm/instrument/console.js:53
[  265464ms] [LOG] [Fast Refresh] done in 57ms @ webpack-internal:///(app-pages-browser)/./node_modules/@sentry/core/build/esm/instrument/console.js:53
[  265625ms] [LOG] [Fast Refresh] rebuilding @ webpack-internal:///(app-pages-browser)/./node_modules/@sentry/core/build/esm/instrument/console.js:53
[  265640ms] [LOG] [Fast Refresh] done in 15ms @ webpack-internal:///(app-pages-browser)/./node_modules/@sentry/core/build/esm/instrument/console.js:53
[  265954ms] [LOG] [Fast Refresh] rebuilding @ webpack-internal:///(app-pages-browser)/./node_modules/@sentry/core/build/esm/instrument/console.js:53
[  265976ms] [LOG] [Fast Refresh] done in 22ms @ webpack-internal:///(app-pages-browser)/./node_modules/@sentry/core/build/esm/instrument/console.js:53
[  266012ms] [LOG] [Fast Refresh] rebuilding @ webpack-internal:///(app-pages-browser)/./node_modules/@sentry/core/build/esm/instrument/console.js:53
[  266014ms] [LOG] [Fast Refresh] done in 1ms @ webpack-internal:///(app-pages-browser)/./node_modules/@sentry/core/build/esm/instrument/console.js:53
[  266033ms] [ERROR] Failed to load resource: the server responded with a status of 500 (Internal Server Error) @ http://localhost:3000/dashboard/facturacion?tab=recibidas&_rsc=myjpi:0
[  266135ms] [LOG] [Fast Refresh] rebuilding @ webpack-internal:///(app-pages-browser)/./node_modules/@sentry/core/build/esm/instrument/console.js:53
[  266304ms] [LOG] [Fast Refresh] done in 170ms @ webpack-internal:///(app-pages-browser)/./node_modules/@sentry/core/build/esm/instrument/console.js:53
[  266347ms] [LOG] [Fast Refresh] rebuilding @ webpack-internal:///(app-pages-browser)/./node_modules/@sentry/core/build/esm/instrument/console.js:53
[  267483ms] [ERROR] Creating a worker from 'blob:http://localhost:3000/665707c6-06bc-4908-9a7f-d17c9532a495' violates the following Content Security Policy directive: "script-src 'self' 'unsafe-inline' 'unsafe-eval' https://cdnjs.cloudflare.com https://*.sentry.io https://*.posthog.com". Note that 'worker-src' was not explicitly set, so 'script-src' is used as a fallback. The action has been blocked. @ webpack-internal:///(app-pages-browser)/./node_modules/@sentry/replay/build/npm/esm/index.js:5672
[  267490ms] [LOG] [Client Instrumentation Hook] Slow execution detected: 53ms (Note: Code download overhead is not included in this measurement) @ webpack-internal:///(app-pages-browser)/./node_modules/@sentry/core/build/esm/instrument/console.js:53
[  267519ms] [INFO] %cDownload the React DevTools for a better development experience: https://react.dev/link/react-devtools font-weight:bold @ webpack-internal:///(app-pages-browser)/./node_modules/@sentry/core/build/esm/instrument/console.js:53
[  267563ms] [LOG] [HMR] connected @ webpack-internal:///(app-pages-browser)/./node_modules/@sentry/core/build/esm/instrument/console.js:53
[  267585ms] [INFO] [analytics] NEXT_PUBLIC_POSTHOG_KEY not set — analytics disabled @ webpack-internal:///(app-pages-browser)/./node_modules/@sentry/core/build/esm/instrument/console.js:53
[  267629ms] [LOG] [Fast Refresh] rebuilding @ webpack-internal:///(app-pages-browser)/./node_modules/@sentry/core/build/esm/instrument/console.js:53
[  267701ms] [LOG] [Fast Refresh] done in 72ms @ webpack-internal:///(app-pages-browser)/./node_modules/@sentry/core/build/esm/instrument/console.js:53
[  267811ms] [LOG] [Fast Refresh] rebuilding @ webpack-internal:///(app-pages-browser)/./node_modules/@sentry/core/build/esm/instrument/console.js:53
[  267874ms] [LOG] [Fast Refresh] done in 64ms @ webpack-internal:///(app-pages-browser)/./node_modules/@sentry/core/build/esm/instrument/console.js:53
[  267946ms] [LOG] [Fast Refresh] rebuilding @ webpack-internal:///(app-pages-browser)/./node_modules/@sentry/core/build/esm/instrument/console.js:53
[  267956ms] [LOG] [Fast Refresh] done in 10ms @ webpack-internal:///(app-pages-browser)/./node_modules/@sentry/core/build/esm/instrument/console.js:53
[  268078ms] [LOG] [Fast Refresh] rebuilding @ webpack-internal:///(app-pages-browser)/./node_modules/@sentry/core/build/esm/instrument/console.js:53
[  268105ms] [LOG] [Fast Refresh] done in 26ms @ webpack-internal:///(app-pages-browser)/./node_modules/@sentry/core/build/esm/instrument/console.js:53
[  268247ms] [LOG] [Fast Refresh] rebuilding @ webpack-internal:///(app-pages-browser)/./node_modules/@sentry/core/build/esm/instrument/console.js:53
[  268308ms] [LOG] [Fast Refresh] done in 61ms @ webpack-internal:///(app-pages-browser)/./node_modules/@sentry/core/build/esm/instrument/console.js:53
[  268392ms] [LOG] [Fast Refresh] rebuilding @ webpack-internal:///(app-pages-browser)/./node_modules/@sentry/core/build/esm/instrument/console.js:53
[  268454ms] [LOG] [Fast Refresh] done in 61ms @ webpack-internal:///(app-pages-browser)/./node_modules/@sentry/core/build/esm/instrument/console.js:53
[  268525ms] [LOG] [Fast Refresh] rebuilding @ webpack-internal:///(app-pages-browser)/./node_modules/@sentry/core/build/esm/instrument/console.js:53
[  268575ms] [LOG] [Fast Refresh] done in 49ms @ webpack-internal:///(app-pages-browser)/./node_modules/@sentry/core/build/esm/instrument/console.js:53
[  268656ms] [LOG] [Fast Refresh] rebuilding @ webpack-internal:///(app-pages-browser)/./node_modules/@sentry/core/build/esm/instrument/console.js:53
[  268708ms] [LOG] [Fast Refresh] done in 52ms @ webpack-internal:///(app-pages-browser)/./node_modules/@sentry/core/build/esm/instrument/console.js:53
[  268760ms] [LOG] [Fast Refresh] rebuilding @ webpack-internal:///(app-pages-browser)/./node_modules/@sentry/core/build/esm/instrument/console.js:53
[  268775ms] [LOG] [Fast Refresh] done in 14ms @ webpack-internal:///(app-pages-browser)/./node_modules/@sentry/core/build/esm/instrument/console.js:53
[  269077ms] NotFoundError: Failed to execute 'removeChild' on 'Node': The node to be removed is not a child of this node.
    at removeChildFromContainer (webpack-internal:///(app-pages-browser)/./node_modules/next/dist/compiled/react-dom/cjs/react-dom-client.development.js:23775:9)
    at runWithFiberInDEV (webpack-internal:///(app-pages-browser)/./node_modules/next/dist/compiled/react-dom/cjs/react-dom-client.development.js:987:30)
    at commitDeletionEffectsOnFiber (webpack-internal:///(app-pages-browser)/./node_modules/next/dist/compiled/react-dom/cjs/react-dom-client.development.js:15419:17)
    at recursivelyTraverseMutationEffects (webpack-internal:///(app-pages-browser)/./node_modules/next/dist/compiled/react-dom/cjs/react-dom-client.development.js:15693:11)
    at commitMutationEffectsOnFiber (webpack-internal:///(app-pages-browser)/./node_modules/next/dist/compiled/react-dom/cjs/react-dom-client.development.js:15729:11)
    at recursivelyTraverseMutationEffects (webpack-internal:///(app-pages-browser)/./node_modules/next/dist/compiled/react-dom/cjs/react-dom-client.development.js:15714:11)
    at commitMutationEffectsOnFiber (webpack-internal:///(app-pages-browser)/./node_modules/next/dist/compiled/react-dom/cjs/react-dom-client.development.js:16170:11)
    at recursivelyTraverseMutationEffects (webpack-internal:///(app-pages-browser)/./node_modules/next/dist/compiled/react-dom/cjs/react-dom-client.development.js:15714:11)
    at commitMutationEffectsOnFiber (webpack-internal:///(app-pages-browser)/./node_modules/next/dist/compiled/react-dom/cjs/react-dom-client.development.js:16170:11)
    at recursivelyTraverseMutationEffects (webpack-internal:///(app-pages-browser)/./node_modules/next/dist/compiled/react-dom/cjs/react-dom-client.development.js:15714:11)
    at commitMutationEffectsOnFiber (webpack-internal:///(app-pages-browser)/./node_modules/next/dist/compiled/react-dom/cjs/react-dom-client.development.js:15729:11)
    at recursivelyTraverseMutationEffects (webpack-internal:///(app-pages-browser)/./node_modules/next/dist/compiled/react-dom/cjs/react-dom-client.development.js:15714:11)
    at commitMutationEffectsOnFiber (webpack-internal:///(app-pages-browser)/./node_modules/next/dist/compiled/react-dom/cjs/react-dom-client.development.js:16170:11)
    at recursivelyTraverseMutationEffects (webpack-internal:///(app-pages-browser)/./node_modules/next/dist/compiled/react-dom/cjs/react-dom-client.development.js:15714:11)
    at commitMutationEffectsOnFiber (webpack-internal:///(app-pages-browser)/./node_modules/next/dist/compiled/react-dom/cjs/react-dom-client.development.js:15729:11)
    at recursivelyTraverseMutationEffects (webpack-internal:///(app-pages-browser)/./node_modules/next/dist/compiled/react-dom/cjs/react-dom-client.development.js:15714:11)
    at commitMutationEffectsOnFiber (webpack-internal:///(app-pages-browser)/./node_modules/next/dist/compiled/react-dom/cjs/react-dom-client.development.js:15729:11)
    at recursivelyTraverseMutationEffects (webpack-internal:///(app-pages-browser)/./node_modules/next/dist/compiled/react-dom/cjs/react-dom-client.development.js:15714:11)
    at commitMutationEffectsOnFiber (webpack-internal:///(app-pages-browser)/./node_modules/next/dist/compiled/react-dom/cjs/react-dom-client.development.js:16170:11)
    at recursivelyTraverseMutationEffects (webpack-internal:///(app-pages-browser)/./node_modules/next/dist/compiled/react-dom/cjs/react-dom-client.development.js:15714:11)
    at commitMutationEffectsOnFiber (webpack-internal:///(app-pages-browser)/./node_modules/next/dist/compiled/react-dom/cjs/react-dom-client.development.js:15729:11)
    at recursivelyTraverseMutationEffects (webpack-internal:///(app-pages-browser)/./node_modules/next/dist/compiled/react-dom/cjs/react-dom-client.development.js:15714:11)
    at commitMutationEffectsOnFiber (webpack-internal:///(app-pages-browser)/./node_modules/next/dist/compiled/react-dom/cjs/react-dom-client.development.js:15729:11)
    at recursivelyTraverseMutationEffects (webpack-internal:///(app-pages-browser)/./node_modules/next/dist/compiled/react-dom/cjs/react-dom-client.development.js:15714:11)
    at commitMutationEffectsOnFiber (webpack-internal:///(app-pages-browser)/./node_modules/next/dist/compiled/react-dom/cjs/react-dom-client.development.js:15922:11)
    at recursivelyTraverseMutationEffects (webpack-internal:///(app-pages-browser)/./node_modules/next/dist/compiled/react-dom/cjs/react-dom-client.development.js:15714:11)
    at commitMutationEffectsOnFiber (webpack-internal:///(app-pages-browser)/./node_modules/next/dist/compiled/react-dom/cjs/react-dom-client.development.js:15922:11)
    at recursivelyTraverseMutationEffects (webpack-internal:///(app-pages-browser)/./node_modules/next/dist/compiled/react-dom/cjs/react-dom-client.development.js:15714:11)
    at commitMutationEffectsOnFiber (webpack-internal:///(app-pages-browser)/./node_modules/next/dist/compiled/react-dom/cjs/react-dom-client.development.js:16170:11)
    at recursivelyTraverseMutationEffects (webpack-internal:///(app-pages-browser)/./node_modules/next/dist/compiled/react-dom/cjs/react-dom-client.development.js:15714:11)
    at commitMutationEffectsOnFiber (webpack-internal:///(app-pages-browser)/./node_modules/next/dist/compiled/react-dom/cjs/react-dom-client.development.js:15729:11)
    at recursivelyTraverseMutationEffects (webpack-internal:///(app-pages-browser)/./node_modules/next/dist/compiled/react-dom/cjs/react-dom-client.development.js:15714:11)
    at commitMutationEffectsOnFiber (webpack-internal:///(app-pages-browser)/./node_modules/next/dist/compiled/react-dom/cjs/react-dom-client.development.js:15729:11)
    at recursivelyTraverseMutationEffects (webpack-internal:///(app-pages-browser)/./node_modules/next/dist/compiled/react-dom/cjs/react-dom-client.development.js:15714:11)
    at commitMutationEffectsOnFiber (webpack-internal:///(app-pages-browser)/./node_modules/next/dist/compiled/react-dom/cjs/react-dom-client.development.js:15745:11)
    at recursivelyTraverseMutationEffects (webpack-internal:///(app-pages-browser)/./node_modules/next/dist/compiled/react-dom/cjs/react-dom-client.development.js:15714:11)
    at commitMutationEffectsOnFiber (webpack-internal:///(app-pages-browser)/./node_modules/next/dist/compiled/react-dom/cjs/react-dom-client.development.js:15729:11)
    at recursivelyTraverseMutationEffects (webpack-internal:///(app-pages-browser)/./node_modules/next/dist/compiled/react-dom/cjs/react-dom-client.development.js:15714:11)
    at commitMutationEffectsOnFiber (webpack-internal:///(app-pages-browser)/./node_modules/next/dist/compiled/react-dom/cjs/react-dom-client.development.js:15745:11)
    at recursivelyTraverseMutationEffects (webpack-internal:///(app-pages-browser)/./node_modules/next/dist/compiled/react-dom/cjs/react-dom-client.development.js:15714:11)
    at commitMutationEffectsOnFiber (webpack-internal:///(app-pages-browser)/./node_modules/next/dist/compiled/react-dom/cjs/react-dom-client.development.js:15729:11)
    at recursivelyTraverseMutationEffects (webpack-internal:///(app-pages-browser)/./node_modules/next/dist/compiled/react-dom/cjs/react-dom-client.development.js:15714:11)
    at commitMutationEffectsOnFiber (webpack-internal:///(app-pages-browser)/./node_modules/next/dist/compiled/react-dom/cjs/react-dom-client.development.js:15729:11)
    at recursivelyTraverseMutationEffects (webpack-internal:///(app-pages-browser)/./node_modules/next/dist/compiled/react-dom/cjs/react-dom-client.development.js:15714:11)
    at commitMutationEffectsOnFiber (webpack-internal:///(app-pages-browser)/./node_modules/next/dist/compiled/react-dom/cjs/react-dom-client.development.js:15745:11)
    at recursivelyTraverseMutationEffects (webpack-internal:///(app-pages-browser)/./node_modules/next/dist/compiled/react-dom/cjs/react-dom-client.development.js:15714:11)
    at commitMutationEffectsOnFiber (webpack-internal:///(app-pages-browser)/./node_modules/next/dist/compiled/react-dom/cjs/react-dom-client.development.js:15729:11)
    at recursivelyTraverseMutationEffects (webpack-internal:///(app-pages-browser)/./node_modules/next/dist/compiled/react-dom/cjs/react-dom-client.development.js:15714:11)
    at commitMutationEffectsOnFiber (webpack-internal:///(app-pages-browser)/./node_modules/next/dist/compiled/react-dom/cjs/react-dom-client.development.js:16170:11)
    at recursivelyTraverseMutationEffects (webpack-internal:///(app-pages-browser)/./node_modules/next/dist/compiled/react-dom/cjs/react-dom-client.development.js:15714:11)
[  269086ms] [LOG] [Fast Refresh] rebuilding @ webpack-internal:///(app-pages-browser)/./node_modules/@sentry/core/build/esm/instrument/console.js:53
[  269148ms] [LOG] [Fast Refresh] rebuilding @ webpack-internal:///(app-pages-browser)/./node_modules/@sentry/core/build/esm/instrument/console.js:53
[  269189ms] [WARNING] [Fast Refresh] performing full reload because your application had an unrecoverable error @ webpack-internal:///(app-pages-browser)/./node_modules/@sentry/core/build/esm/instrument/console.js:53
[  269256ms] [LOG] [Fast Refresh] done in 107ms @ webpack-internal:///(app-pages-browser)/./node_modules/@sentry/core/build/esm/instrument/console.js:53
[  269277ms] [ERROR] Failed to load resource: the server responded with a status of 500 (Internal Server Error) @ http://localhost:3000/dashboard/facturacion?tab=recibidas&_rsc=myjpi:0
[  269296ms] [ERROR] Failed to load resource: the server responded with a status of 500 (Internal Server Error) @ http://localhost:3000/dashboard/facturacion?tab=recibidas:0
[  269394ms] [INFO] %cDownload the React DevTools for a better development experience: https://react.dev/link/react-devtools font-weight:bold @ webpack-internal:///(pages-dir-browser)/./node_modules/react-dom/cjs/react-dom-client.development.js:28004
[  269432ms] [ERROR] Creating a worker from 'blob:http://localhost:3000/54b1fe64-4c0b-4b95-9650-4fc178e4fef5' violates the following Content Security Policy directive: "script-src 'self' 'unsafe-inline' 'unsafe-eval' https://cdnjs.cloudflare.com https://*.sentry.io https://*.posthog.com". Note that 'worker-src' was not explicitly set, so 'script-src' is used as a fallback. The action has been blocked. @ webpack-internal:///(pages-dir-browser)/./node_modules/@sentry/replay/build/npm/esm/index.js:5672
[  269447ms] SyntaxError: Unexpected end of JSON input
    at JSON.parse (<anonymous>)
    at loadManifest (file:///Users/daniilkonovalyukpanasyuk/enlaze/node_modules/next/dist/server/load-manifest.external.js:54:25)
    at DevServer.getNextFontManifest (file:///Users/daniilkonovalyukpanasyuk/enlaze/node_modules/next/dist/server/next-server.js:867:55)
    at DevServer.findPageComponents (file:///Users/daniilkonovalyukpanasyuk/enlaze/node_modules/next/dist/server/dev/next-dev-server.js:703:39)
    at process.processTicksAndRejections (node:internal/process/task_queues:104:5)
    at async DevServer.renderPageComponent (file:///Users/daniilkonovalyukpanasyuk/enlaze/node_modules/next/dist/server/base-server.js:1492:24)
    at async DevServer.renderToResponseImpl (file:///Users/daniilkonovalyukpanasyuk/enlaze/node_modules/next/dist/server/base-server.js:1556:32)
    at async DevServer.pipeImpl (file:///Users/daniilkonovalyukpanasyuk/enlaze/node_modules/next/dist/server/base-server.js:1043:25)
    at async NextNodeServer.handleCatchallRenderRequest (file:///Users/daniilkonovalyukpanasyuk/enlaze/node_modules/next/dist/server/next-server.js:338:17)
    at async DevServer.handleRequestImpl (file:///Users/daniilkonovalyukpanasyuk/enlaze/node_modules/next/dist/server/base-server.js:934:17)
    at async (file:///Users/daniilkonovalyukpanasyuk/enlaze/node_modules/next/dist/server/dev/next-dev-server.js:394:20)
    at async Span.traceAsyncFn (file:///Users/daniilkonovalyukpanasyuk/enlaze/node_modules/next/dist/trace/trace.js:164:20)
    at async DevServer.handleRequest (file:///Users/daniilkonovalyukpanasyuk/enlaze/node_modules/next/dist/server/dev/next-dev-server.js:390:24)
    at async invokeRender (file:///Users/daniilkonovalyukpanasyuk/enlaze/node_modules/next/dist/server/lib/router-server.js:253:21)
    at async handleRequest (file:///Users/daniilkonovalyukpanasyuk/enlaze/node_modules/next/dist/server/lib/router-server.js:452:24)
    at async requestHandlerImpl (file:///Users/daniilkonovalyukpanasyuk/enlaze/node_modules/next/dist/server/lib/router-server.js:501:13)
    at async Server.requestListener (file:///Users/daniilkonovalyukpanasyuk/enlaze/node_modules/next/dist/server/lib/start-server.js:225:13)
[  269479ms] [LOG] [HMR] connected @ webpack-internal:///(pages-dir-browser)/./node_modules/@sentry/core/build/esm/instrument/console.js:53
[  269747ms] [WARNING] [Fast Refresh] performing full reload because your application had an unrecoverable error @ webpack-internal:///(pages-dir-browser)/./node_modules/@sentry/core/build/esm/instrument/console.js:53
[  269981ms] [LOG] [Fast Refresh] rebuilding @ webpack-internal:///(pages-dir-browser)/./node_modules/@sentry/core/build/esm/instrument/console.js:53
[  269984ms] [LOG] [Fast Refresh] rebuilding @ webpack-internal:///(pages-dir-browser)/./node_modules/@sentry/core/build/esm/instrument/console.js:53
[  270034ms] [WARNING] [Fast Refresh] performing full reload because your application had an unrecoverable error @ webpack-internal:///(pages-dir-browser)/./node_modules/@sentry/core/build/esm/instrument/console.js:53
[  270082ms] [LOG] [Fast Refresh] rebuilding @ webpack-internal:///(pages-dir-browser)/./node_modules/@sentry/core/build/esm/instrument/console.js:53
[  270130ms] [WARNING] [Fast Refresh] performing full reload because your application had an unrecoverable error @ webpack-internal:///(pages-dir-browser)/./node_modules/@sentry/core/build/esm/instrument/console.js:53
[  270270ms] [WARNING] [Fast Refresh] performing full reload because your application had an unrecoverable error @ webpack-internal:///(pages-dir-browser)/./node_modules/@sentry/core/build/esm/instrument/console.js:53
[  270429ms] [LOG] [Fast Refresh] rebuilding @ webpack-internal:///(pages-dir-browser)/./node_modules/@sentry/core/build/esm/instrument/console.js:53
[  270455ms] [WARNING] [Fast Refresh] performing full reload because your application had an unrecoverable error @ webpack-internal:///(pages-dir-browser)/./node_modules/@sentry/core/build/esm/instrument/console.js:53
[  270789ms] [ERROR] Failed to load resource: the server responded with a status of 500 (Internal Server Error) @ http://localhost:3000/dashboard/facturacion?tab=recibidas:0
[  270863ms] [INFO] %cDownload the React DevTools for a better development experience: https://react.dev/link/react-devtools font-weight:bold @ webpack-internal:///(pages-dir-browser)/./node_modules/react-dom/cjs/react-dom-client.development.js:28004
[  270900ms] [ERROR] Creating a worker from 'blob:http://localhost:3000/32848ece-af1d-4113-aa9d-10d14d567ce2' violates the following Content Security Policy directive: "script-src 'self' 'unsafe-inline' 'unsafe-eval' https://cdnjs.cloudflare.com https://*.sentry.io https://*.posthog.com". Note that 'worker-src' was not explicitly set, so 'script-src' is used as a fallback. The action has been blocked. @ webpack-internal:///(pages-dir-browser)/./node_modules/@sentry/replay/build/npm/esm/index.js:5672
[  270903ms] SyntaxError: Unexpected end of JSON input
    at JSON.parse (<anonymous>)
    at loadManifest (file:///Users/daniilkonovalyukpanasyuk/enlaze/node_modules/next/dist/server/load-manifest.external.js:54:25)
    at loadManifestFromRelativePath (file:///Users/daniilkonovalyukpanasyuk/enlaze/node_modules/next/dist/server/load-manifest.external.js:111:12)
    at AppPageRouteModule.loadManifests (file:///Users/daniilkonovalyukpanasyuk/enlaze/node_modules/next/dist/compiled/next-server/app-page.runtime.dev.js:71:33979)
    at AppPageRouteModule.prepare (file:///Users/daniilkonovalyukpanasyuk/enlaze/node_modules/next/dist/compiled/next-server/app-page.runtime.dev.js:71:41329)
    at process.processTicksAndRejections (node:internal/process/task_queues:104:5)
    at async Module.handler (webpack-internal:///(rsc)/./node_modules/next/dist/build/webpack/loaders/next-app-loader/index.js?name=app%2Fdashboard%2Ffacturacion%2Fpage&page=%2Fdashboard%2Ffacturacion%2Fpage&appPaths=%2Fdashboard%2Ffacturacion%2Fpage&allNormalizedAppPaths=&pagePath=private-next-app-dir%2Fdashboard%2Ffacturacion%2Fpage.tsx&appDir=%2FUsers%2Fdaniilkonovalyukpanasyuk%2Fenlaze%2Fapp&pageExtensions=tsx&pageExtensions=ts&pageExtensions=jsx&pageExtensions=js&rootDir=%2FUsers%2Fdaniilkonovalyukpanasyuk%2Fenlaze&isDev=true&tsconfigPath=&basePath=&assetPrefix=&nextConfigOutput=&preferredRegion=&middlewareConfig=e30%3D&isGlobalNotFoundEnabled=!:253:27)
    at async DevServer.renderToResponseWithComponentsImpl (file:///Users/daniilkonovalyukpanasyuk/enlaze/node_modules/next/dist/server/base-server.js:1454:9)
    at async DevServer.renderPageComponent (file:///Users/daniilkonovalyukpanasyuk/enlaze/node_modules/next/dist/server/base-server.js:1506:24)
    at async DevServer.renderToResponseImpl (file:///Users/daniilkonovalyukpanasyuk/enlaze/node_modules/next/dist/server/base-server.js:1556:32)
    at async DevServer.pipeImpl (file:///Users/daniilkonovalyukpanasyuk/enlaze/node_modules/next/dist/server/base-server.js:1043:25)
    at async NextNodeServer.handleCatchallRenderRequest (file:///Users/daniilkonovalyukpanasyuk/enlaze/node_modules/next/dist/server/next-server.js:338:17)
    at async DevServer.handleRequestImpl (file:///Users/daniilkonovalyukpanasyuk/enlaze/node_modules/next/dist/server/base-server.js:934:17)
    at async (file:///Users/daniilkonovalyukpanasyuk/enlaze/node_modules/next/dist/server/dev/next-dev-server.js:394:20)
    at async Span.traceAsyncFn (file:///Users/daniilkonovalyukpanasyuk/enlaze/node_modules/next/dist/trace/trace.js:164:20)
    at async DevServer.handleRequest (file:///Users/daniilkonovalyukpanasyuk/enlaze/node_modules/next/dist/server/dev/next-dev-server.js:390:24)
    at async invokeRender (file:///Users/daniilkonovalyukpanasyuk/enlaze/node_modules/next/dist/server/lib/router-server.js:253:21)
    at async handleRequest (file:///Users/daniilkonovalyukpanasyuk/enlaze/node_modules/next/dist/server/lib/router-server.js:452:24)
    at async requestHandlerImpl (file:///Users/daniilkonovalyukpanasyuk/enlaze/node_modules/next/dist/server/lib/router-server.js:501:13)
    at async Server.requestListener (file:///Users/daniilkonovalyukpanasyuk/enlaze/node_modules/next/dist/server/lib/start-server.js:225:13)
[  270928ms] [LOG] [HMR] connected @ webpack-internal:///(pages-dir-browser)/./node_modules/@sentry/core/build/esm/instrument/console.js:53
[  271170ms] [WARNING] [Fast Refresh] performing full reload because your application had an unrecoverable error @ webpack-internal:///(pages-dir-browser)/./node_modules/@sentry/core/build/esm/instrument/console.js:53
[  271186ms] [LOG] [Fast Refresh] rebuilding @ webpack-internal:///(pages-dir-browser)/./node_modules/@sentry/core/build/esm/instrument/console.js:53
[  271472ms] [WARNING] [Fast Refresh] performing full reload because your application had an unrecoverable error @ webpack-internal:///(pages-dir-browser)/./node_modules/@sentry/core/build/esm/instrument/console.js:53
[  271499ms] [LOG] [Fast Refresh] rebuilding @ webpack-internal:///(pages-dir-browser)/./node_modules/@sentry/core/build/esm/instrument/console.js:53
[  271716ms] [WARNING] [Fast Refresh] performing full reload because your application had an unrecoverable error @ webpack-internal:///(pages-dir-browser)/./node_modules/@sentry/core/build/esm/instrument/console.js:53
[  271760ms] [LOG] [Fast Refresh] rebuilding @ webpack-internal:///(pages-dir-browser)/./node_modules/@sentry/core/build/esm/instrument/console.js:53
[  272045ms] Invalid or unexpected token
[  272738ms] [ERROR] Creating a worker from 'blob:http://localhost:3000/4a636370-3eb5-47f4-9594-826a92337fe6' violates the following Content Security Policy directive: "script-src 'self' 'unsafe-inline' 'unsafe-eval' https://cdnjs.cloudflare.com https://*.sentry.io https://*.posthog.com". Note that 'worker-src' was not explicitly set, so 'script-src' is used as a fallback. The action has been blocked. @ webpack-internal:///(app-pages-browser)/./node_modules/@sentry/replay/build/npm/esm/index.js:5672
[  272744ms] [LOG] [Client Instrumentation Hook] Slow execution detected: 53ms (Note: Code download overhead is not included in this measurement) @ webpack-internal:///(app-pages-browser)/./node_modules/@sentry/core/build/esm/instrument/console.js:53
[  272774ms] [INFO] %cDownload the React DevTools for a better development experience: https://react.dev/link/react-devtools font-weight:bold @ webpack-internal:///(app-pages-browser)/./node_modules/@sentry/core/build/esm/instrument/console.js:53
[  272813ms] [LOG] [HMR] connected @ webpack-internal:///(app-pages-browser)/./node_modules/@sentry/core/build/esm/instrument/console.js:53
[  272875ms] [ERROR] Can't perform a React state update on a component that hasn't mounted yet. This indicates that you have a side-effect in your render function that asynchronously tries to update the component. Move this work to useEffect instead. @ webpack-internal:///(app-pages-browser)/./node_modules/@sentry/core/build/esm/instrument/console.js:53
[  272878ms] [LOG] [Fast Refresh] rebuilding @ webpack-internal:///(app-pages-browser)/./node_modules/@sentry/core/build/esm/instrument/console.js:53
[  273064ms] [LOG] [Fast Refresh] done in 185ms @ webpack-internal:///(app-pages-browser)/./node_modules/@sentry/core/build/esm/instrument/console.js:53
[  273064ms] [LOG] [Fast Refresh] rebuilding @ webpack-internal:///(app-pages-browser)/./node_modules/@sentry/core/build/esm/instrument/console.js:53
[  273077ms] [LOG] [Fast Refresh] done in 12ms @ webpack-internal:///(app-pages-browser)/./node_modules/@sentry/core/build/esm/instrument/console.js:53
[  273189ms] [LOG] [Fast Refresh] rebuilding @ webpack-internal:///(app-pages-browser)/./node_modules/@sentry/core/build/esm/instrument/console.js:53
[  273197ms] [LOG] [Fast Refresh] done in 7ms @ webpack-internal:///(app-pages-browser)/./node_modules/@sentry/core/build/esm/instrument/console.js:53
[  273314ms] [LOG] [Fast Refresh] rebuilding @ webpack-internal:///(app-pages-browser)/./node_modules/@sentry/core/build/esm/instrument/console.js:53
[  273381ms] [LOG] [Fast Refresh] done in 68ms @ webpack-internal:///(app-pages-browser)/./node_modules/@sentry/core/build/esm/instrument/console.js:53
[  273449ms] [LOG] [Fast Refresh] rebuilding @ webpack-internal:///(app-pages-browser)/./node_modules/@sentry/core/build/esm/instrument/console.js:53
[  273456ms] [LOG] [Fast Refresh] done in 7ms @ webpack-internal:///(app-pages-browser)/./node_modules/@sentry/core/build/esm/instrument/console.js:53
[  273576ms] [LOG] [Fast Refresh] rebuilding @ webpack-internal:///(app-pages-browser)/./node_modules/@sentry/core/build/esm/instrument/console.js:53
[  273598ms] [LOG] [Fast Refresh] done in 22ms @ webpack-internal:///(app-pages-browser)/./node_modules/@sentry/core/build/esm/instrument/console.js:53
[  273750ms] [LOG] [Fast Refresh] rebuilding @ webpack-internal:///(app-pages-browser)/./node_modules/@sentry/core/build/esm/instrument/console.js:53
[  273778ms] [LOG] [Fast Refresh] done in 28ms @ webpack-internal:///(app-pages-browser)/./node_modules/@sentry/core/build/esm/instrument/console.js:53
[  273972ms] [LOG] [Fast Refresh] rebuilding @ webpack-internal:///(app-pages-browser)/./node_modules/@sentry/core/build/esm/instrument/console.js:53
[  273987ms] [LOG] [Fast Refresh] done in 15ms @ webpack-internal:///(app-pages-browser)/./node_modules/@sentry/core/build/esm/instrument/console.js:53
[  274266ms] [LOG] [Fast Refresh] rebuilding @ webpack-internal:///(app-pages-browser)/./node_modules/@sentry/core/build/esm/instrument/console.js:53
[  274295ms] [LOG] [Fast Refresh] done in 29ms @ webpack-internal:///(app-pages-browser)/./node_modules/@sentry/core/build/esm/instrument/console.js:53
[  274409ms] [LOG] [Fast Refresh] rebuilding @ webpack-internal:///(app-pages-browser)/./node_modules/@sentry/core/build/esm/instrument/console.js:53
[  274418ms] [LOG] [Fast Refresh] done in 9ms @ webpack-internal:///(app-pages-browser)/./node_modules/@sentry/core/build/esm/instrument/console.js:53
[  274538ms] [LOG] [Fast Refresh] rebuilding @ webpack-internal:///(app-pages-browser)/./node_modules/@sentry/core/build/esm/instrument/console.js:53
[  274553ms] [LOG] [Fast Refresh] done in 15ms @ webpack-internal:///(app-pages-browser)/./node_modules/@sentry/core/build/esm/instrument/console.js:53
[  274669ms] [LOG] [Fast Refresh] rebuilding @ webpack-internal:///(app-pages-browser)/./node_modules/@sentry/core/build/esm/instrument/console.js:53
[  274675ms] [LOG] [Fast Refresh] done in 5ms @ webpack-internal:///(app-pages-browser)/./node_modules/@sentry/core/build/esm/instrument/console.js:53
[  274796ms] [LOG] [Fast Refresh] rebuilding @ webpack-internal:///(app-pages-browser)/./node_modules/@sentry/core/build/esm/instrument/console.js:53
[  274802ms] [LOG] [Fast Refresh] done in 7ms @ webpack-internal:///(app-pages-browser)/./node_modules/@sentry/core/build/esm/instrument/console.js:53
[  274930ms] [LOG] [Fast Refresh] rebuilding @ webpack-internal:///(app-pages-browser)/./node_modules/@sentry/core/build/esm/instrument/console.js:53
[  274936ms] [LOG] [Fast Refresh] done in 5ms @ webpack-internal:///(app-pages-browser)/./node_modules/@sentry/core/build/esm/instrument/console.js:53
[  275063ms] [LOG] [Fast Refresh] rebuilding @ webpack-internal:///(app-pages-browser)/./node_modules/@sentry/core/build/esm/instrument/console.js:53
[  275071ms] [LOG] [Fast Refresh] done in 8ms @ webpack-internal:///(app-pages-browser)/./node_modules/@sentry/core/build/esm/instrument/console.js:53
[  275194ms] [LOG] [Fast Refresh] rebuilding @ webpack-internal:///(app-pages-browser)/./node_modules/@sentry/core/build/esm/instrument/console.js:53
[  275203ms] [LOG] [Fast Refresh] done in 9ms @ webpack-internal:///(app-pages-browser)/./node_modules/@sentry/core/build/esm/instrument/console.js:53
[  275314ms] [LOG] [Fast Refresh] rebuilding @ webpack-internal:///(app-pages-browser)/./node_modules/@sentry/core/build/esm/instrument/console.js:53
[  275380ms] [LOG] [Fast Refresh] done in 66ms @ webpack-internal:///(app-pages-browser)/./node_modules/@sentry/core/build/esm/instrument/console.js:53
[  275454ms] [LOG] [Fast Refresh] rebuilding @ webpack-internal:///(app-pages-browser)/./node_modules/@sentry/core/build/esm/instrument/console.js:53
[  275462ms] [LOG] [Fast Refresh] done in 7ms @ webpack-internal:///(app-pages-browser)/./node_modules/@sentry/core/build/esm/instrument/console.js:53
[  275586ms] [LOG] [Fast Refresh] rebuilding @ webpack-internal:///(app-pages-browser)/./node_modules/@sentry/core/build/esm/instrument/console.js:53
[  275593ms] [LOG] [Fast Refresh] done in 7ms @ webpack-internal:///(app-pages-browser)/./node_modules/@sentry/core/build/esm/instrument/console.js:53
[  275714ms] [LOG] [Fast Refresh] rebuilding @ webpack-internal:///(app-pages-browser)/./node_modules/@sentry/core/build/esm/instrument/console.js:53
[  275721ms] [LOG] [Fast Refresh] done in 8ms @ webpack-internal:///(app-pages-browser)/./node_modules/@sentry/core/build/esm/instrument/console.js:53
[  275836ms] [LOG] [Fast Refresh] rebuilding @ webpack-internal:///(app-pages-browser)/./node_modules/@sentry/core/build/esm/instrument/console.js:53
[  275845ms] [LOG] [Fast Refresh] done in 9ms @ webpack-internal:///(app-pages-browser)/./node_modules/@sentry/core/build/esm/instrument/console.js:53
[  275970ms] [LOG] [Fast Refresh] rebuilding @ webpack-internal:///(app-pages-browser)/./node_modules/@sentry/core/build/esm/instrument/console.js:53
[  275996ms] [LOG] [Fast Refresh] done in 25ms @ webpack-internal:///(app-pages-browser)/./node_modules/@sentry/core/build/esm/instrument/console.js:53
[  276109ms] [LOG] [Fast Refresh] rebuilding @ webpack-internal:///(app-pages-browser)/./node_modules/@sentry/core/build/esm/instrument/console.js:53
[  276118ms] [LOG] [Fast Refresh] done in 9ms @ webpack-internal:///(app-pages-browser)/./node_modules/@sentry/core/build/esm/instrument/console.js:53
[  276240ms] [LOG] [Fast Refresh] rebuilding @ webpack-internal:///(app-pages-browser)/./node_modules/@sentry/core/build/esm/instrument/console.js:53
[  276245ms] [LOG] [Fast Refresh] done in 5ms @ webpack-internal:///(app-pages-browser)/./node_modules/@sentry/core/build/esm/instrument/console.js:53
[  276432ms] [LOG] [Fast Refresh] rebuilding @ webpack-internal:///(app-pages-browser)/./node_modules/@sentry/core/build/esm/instrument/console.js:53
[  276824ms] [LOG] [Fast Refresh] done in 392ms @ webpack-internal:///(app-pages-browser)/./node_modules/@sentry/core/build/esm/instrument/console.js:53
[  277914ms] [ERROR] Creating a worker from 'blob:http://localhost:3000/8f2a3f75-b0b0-4ab6-b6f6-b3611548e182' violates the following Content Security Policy directive: "script-src 'self' 'unsafe-inline' 'unsafe-eval' https://cdnjs.cloudflare.com https://*.sentry.io https://*.posthog.com". Note that 'worker-src' was not explicitly set, so 'script-src' is used as a fallback. The action has been blocked. @ webpack-internal:///(app-pages-browser)/./node_modules/@sentry/replay/build/npm/esm/index.js:5672
[  277920ms] [LOG] [Client Instrumentation Hook] Slow execution detected: 52ms (Note: Code download overhead is not included in this measurement) @ webpack-internal:///(app-pages-browser)/./node_modules/@sentry/core/build/esm/instrument/console.js:53
[  277949ms] [INFO] %cDownload the React DevTools for a better development experience: https://react.dev/link/react-devtools font-weight:bold @ webpack-internal:///(app-pages-browser)/./node_modules/@sentry/core/build/esm/instrument/console.js:53
[  277991ms] [LOG] [HMR] connected @ webpack-internal:///(app-pages-browser)/./node_modules/@sentry/core/build/esm/instrument/console.js:53
[  278014ms] [INFO] [analytics] NEXT_PUBLIC_POSTHOG_KEY not set — analytics disabled @ webpack-internal:///(app-pages-browser)/./node_modules/@sentry/core/build/esm/instrument/console.js:53
[  278051ms] [LOG] [Fast Refresh] rebuilding @ webpack-internal:///(app-pages-browser)/./node_modules/@sentry/core/build/esm/instrument/console.js:53
[  278113ms] [LOG] [Fast Refresh] done in 61ms @ webpack-internal:///(app-pages-browser)/./node_modules/@sentry/core/build/esm/instrument/console.js:53
[  278312ms] [LOG] [Fast Refresh] rebuilding @ webpack-internal:///(app-pages-browser)/./node_modules/@sentry/core/build/esm/instrument/console.js:53
[  278344ms] [LOG] [Fast Refresh] done in 32ms @ webpack-internal:///(app-pages-browser)/./node_modules/@sentry/core/build/esm/instrument/console.js:53
[  278647ms] [LOG] [Fast Refresh] rebuilding @ webpack-internal:///(app-pages-browser)/./node_modules/@sentry/core/build/esm/instrument/console.js:53
[  278660ms] [LOG] [Fast Refresh] rebuilding @ webpack-internal:///(app-pages-browser)/./node_modules/@sentry/core/build/esm/instrument/console.js:53
[  278668ms] [LOG] [Fast Refresh] done in 8ms @ webpack-internal:///(app-pages-browser)/./node_modules/@sentry/core/build/esm/instrument/console.js:53
[  278707ms] [LOG] [Fast Refresh] done in 48ms @ webpack-internal:///(app-pages-browser)/./node_modules/@sentry/core/build/esm/instrument/console.js:53
[  278930ms] [ERROR] Failed to load resource: the server responded with a status of 500 (Internal Server Error) @ http://localhost:3000/api/prices/n8n-sync?active=1:0
[  279034ms] [LOG] [Fast Refresh] rebuilding @ webpack-internal:///(app-pages-browser)/./node_modules/@sentry/core/build/esm/instrument/console.js:53
[  279038ms] [LOG] [Fast Refresh] done in 3ms @ webpack-internal:///(app-pages-browser)/./node_modules/@sentry/core/build/esm/instrument/console.js:53
[  279142ms] [LOG] [Fast Refresh] rebuilding @ webpack-internal:///(app-pages-browser)/./node_modules/@sentry/core/build/esm/instrument/console.js:53
[  279156ms] [LOG] [Fast Refresh] done in 15ms @ webpack-internal:///(app-pages-browser)/./node_modules/@sentry/core/build/esm/instrument/console.js:53
[  279409ms] [LOG] [Fast Refresh] rebuilding @ webpack-internal:///(app-pages-browser)/./node_modules/@sentry/core/build/esm/instrument/console.js:53
[  279422ms] [LOG] [Fast Refresh] done in 13ms @ webpack-internal:///(app-pages-browser)/./node_modules/@sentry/core/build/esm/instrument/console.js:53
[  279458ms] [LOG] [Fast Refresh] done in 49ms @ webpack-internal:///(app-pages-browser)/./node_modules/@sentry/core/build/esm/instrument/console.js:53
[  279471ms] [LOG] [Fast Refresh] rebuilding @ webpack-internal:///(app-pages-browser)/./node_modules/@sentry/core/build/esm/instrument/console.js:53
[  279471ms] [ERROR] Failed to load resource: the server responded with a status of 500 (Internal Server Error) @ http://localhost:3000/dashboard/facturacion?tab=recibidas&_rsc=myjpi:0
[  279645ms] [LOG] [Fast Refresh] rebuilding @ webpack-internal:///(app-pages-browser)/./node_modules/@sentry/core/build/esm/instrument/console.js:53
[  279650ms] [LOG] [Fast Refresh] done in 5ms @ webpack-internal:///(app-pages-browser)/./node_modules/@sentry/core/build/esm/instrument/console.js:53
[  279750ms] [LOG] [Fast Refresh] rebuilding @ webpack-internal:///(app-pages-browser)/./node_modules/@sentry/core/build/esm/instrument/console.js:53
[  279868ms] [LOG] [Fast Refresh] done in 118ms @ webpack-internal:///(app-pages-browser)/./node_modules/@sentry/core/build/esm/instrument/console.js:53
[  280140ms] Invalid or unexpected token
[  280972ms] [ERROR] Creating a worker from 'blob:http://localhost:3000/3f89c7c9-cc54-462b-9769-9d625c27d42e' violates the following Content Security Policy directive: "script-src 'self' 'unsafe-inline' 'unsafe-eval' https://cdnjs.cloudflare.com https://*.sentry.io https://*.posthog.com". Note that 'worker-src' was not explicitly set, so 'script-src' is used as a fallback. The action has been blocked. @ webpack-internal:///(app-pages-browser)/./node_modules/@sentry/replay/build/npm/esm/index.js:5672
[  280978ms] [LOG] [Client Instrumentation Hook] Slow execution detected: 54ms (Note: Code download overhead is not included in this measurement) @ webpack-internal:///(app-pages-browser)/./node_modules/@sentry/core/build/esm/instrument/console.js:53
[  281006ms] [INFO] %cDownload the React DevTools for a better development experience: https://react.dev/link/react-devtools font-weight:bold @ webpack-internal:///(app-pages-browser)/./node_modules/@sentry/core/build/esm/instrument/console.js:53
[  281061ms] [LOG] [HMR] connected @ webpack-internal:///(app-pages-browser)/./node_modules/@sentry/core/build/esm/instrument/console.js:53
[  281096ms] [ERROR] Can't perform a React state update on a component that hasn't mounted yet. This indicates that you have a side-effect in your render function that asynchronously tries to update the component. Move this work to useEffect instead. @ webpack-internal:///(app-pages-browser)/./node_modules/@sentry/core/build/esm/instrument/console.js:53
[  281100ms] [LOG] [Fast Refresh] rebuilding @ webpack-internal:///(app-pages-browser)/./node_modules/@sentry/core/build/esm/instrument/console.js:53
[  281239ms] [LOG] [Fast Refresh] done in 140ms @ webpack-internal:///(app-pages-browser)/./node_modules/@sentry/core/build/esm/instrument/console.js:53
[  281242ms] [LOG] [Fast Refresh] rebuilding @ webpack-internal:///(app-pages-browser)/./node_modules/@sentry/core/build/esm/instrument/console.js:53
[  281260ms] [LOG] [Fast Refresh] done in 18ms @ webpack-internal:///(app-pages-browser)/./node_modules/@sentry/core/build/esm/instrument/console.js:53
[  281376ms] [LOG] [Fast Refresh] rebuilding @ webpack-internal:///(app-pages-browser)/./node_modules/@sentry/core/build/esm/instrument/console.js:53
[  281393ms] [LOG] [Fast Refresh] done in 17ms @ webpack-internal:///(app-pages-browser)/./node_modules/@sentry/core/build/esm/instrument/console.js:53
[  281511ms] [LOG] [Fast Refresh] rebuilding @ webpack-internal:///(app-pages-browser)/./node_modules/@sentry/core/build/esm/instrument/console.js:53
[  281520ms] [LOG] [Fast Refresh] done in 10ms @ webpack-internal:///(app-pages-browser)/./node_modules/@sentry/core/build/esm/instrument/console.js:53
[  281647ms] [LOG] [Fast Refresh] rebuilding @ webpack-internal:///(app-pages-browser)/./node_modules/@sentry/core/build/esm/instrument/console.js:53
[  281661ms] [LOG] [Fast Refresh] done in 15ms @ webpack-internal:///(app-pages-browser)/./node_modules/@sentry/core/build/esm/instrument/console.js:53
[  281777ms] [LOG] [Fast Refresh] rebuilding @ webpack-internal:///(app-pages-browser)/./node_modules/@sentry/core/build/esm/instrument/console.js:53
[  281782ms] [LOG] [Fast Refresh] done in 5ms @ webpack-internal:///(app-pages-browser)/./node_modules/@sentry/core/build/esm/instrument/console.js:53
[  281961ms] [LOG] [Fast Refresh] rebuilding @ webpack-internal:///(app-pages-browser)/./node_modules/@sentry/core/build/esm/instrument/console.js:53
[  281970ms] [LOG] [Fast Refresh] done in 10ms @ webpack-internal:///(app-pages-browser)/./node_modules/@sentry/core/build/esm/instrument/console.js:53
[  282098ms] [LOG] [Fast Refresh] rebuilding @ webpack-internal:///(app-pages-browser)/./node_modules/@sentry/core/build/esm/instrument/console.js:53
[  282109ms] [LOG] [Fast Refresh] done in 11ms @ webpack-internal:///(app-pages-browser)/./node_modules/@sentry/core/build/esm/instrument/console.js:53
[  282225ms] [LOG] [Fast Refresh] rebuilding @ webpack-internal:///(app-pages-browser)/./node_modules/@sentry/core/build/esm/instrument/console.js:53
[  282233ms] [LOG] [Fast Refresh] done in 7ms @ webpack-internal:///(app-pages-browser)/./node_modules/@sentry/core/build/esm/instrument/console.js:53
[  282367ms] [LOG] [Fast Refresh] rebuilding @ webpack-internal:///(app-pages-browser)/./node_modules/@sentry/core/build/esm/instrument/console.js:53
[  282375ms] [LOG] [Fast Refresh] done in 9ms @ webpack-internal:///(app-pages-browser)/./node_modules/@sentry/core/build/esm/instrument/console.js:53
[  282497ms] [LOG] [Fast Refresh] rebuilding @ webpack-internal:///(app-pages-browser)/./node_modules/@sentry/core/build/esm/instrument/console.js:53
[  282502ms] [LOG] [Fast Refresh] done in 5ms @ webpack-internal:///(app-pages-browser)/./node_modules/@sentry/core/build/esm/instrument/console.js:53
[  282626ms] [LOG] [Fast Refresh] rebuilding @ webpack-internal:///(app-pages-browser)/./node_modules/@sentry/core/build/esm/instrument/console.js:53
[  282632ms] [LOG] [Fast Refresh] done in 7ms @ webpack-internal:///(app-pages-browser)/./node_modules/@sentry/core/build/esm/instrument/console.js:53
[  282748ms] [LOG] [Fast Refresh] rebuilding @ webpack-internal:///(app-pages-browser)/./node_modules/@sentry/core/build/esm/instrument/console.js:53
[  282765ms] [LOG] [Fast Refresh] done in 16ms @ webpack-internal:///(app-pages-browser)/./node_modules/@sentry/core/build/esm/instrument/console.js:53
[  282878ms] [LOG] [Fast Refresh] rebuilding @ webpack-internal:///(app-pages-browser)/./node_modules/@sentry/core/build/esm/instrument/console.js:53
[  282888ms] [LOG] [Fast Refresh] done in 9ms @ webpack-internal:///(app-pages-browser)/./node_modules/@sentry/core/build/esm/instrument/console.js:53
[  283068ms] [LOG] [Fast Refresh] rebuilding @ webpack-internal:///(app-pages-browser)/./node_modules/@sentry/core/build/esm/instrument/console.js:53
[  283094ms] [LOG] [Fast Refresh] done in 26ms @ webpack-internal:///(app-pages-browser)/./node_modules/@sentry/core/build/esm/instrument/console.js:53
[  283556ms] [LOG] [Fast Refresh] rebuilding @ webpack-internal:///(app-pages-browser)/./node_modules/@sentry/core/build/esm/instrument/console.js:53
[  283565ms] [LOG] [Fast Refresh] done in 8ms @ webpack-internal:///(app-pages-browser)/./node_modules/@sentry/core/build/esm/instrument/console.js:53
[  283698ms] [LOG] [Fast Refresh] rebuilding @ webpack-internal:///(app-pages-browser)/./node_modules/@sentry/core/build/esm/instrument/console.js:53
[  283762ms] [LOG] [Fast Refresh] done in 63ms @ webpack-internal:///(app-pages-browser)/./node_modules/@sentry/core/build/esm/instrument/console.js:53
[  283836ms] [LOG] [Fast Refresh] rebuilding @ webpack-internal:///(app-pages-browser)/./node_modules/@sentry/core/build/esm/instrument/console.js:53
[  283846ms] [LOG] [Fast Refresh] done in 10ms @ webpack-internal:///(app-pages-browser)/./node_modules/@sentry/core/build/esm/instrument/console.js:53
[  283979ms] [LOG] [Fast Refresh] rebuilding @ webpack-internal:///(app-pages-browser)/./node_modules/@sentry/core/build/esm/instrument/console.js:53
[  283987ms] [LOG] [Fast Refresh] done in 7ms @ webpack-internal:///(app-pages-browser)/./node_modules/@sentry/core/build/esm/instrument/console.js:53
[  284115ms] [LOG] [Fast Refresh] rebuilding @ webpack-internal:///(app-pages-browser)/./node_modules/@sentry/core/build/esm/instrument/console.js:53
[  284121ms] [LOG] [Fast Refresh] done in 5ms @ webpack-internal:///(app-pages-browser)/./node_modules/@sentry/core/build/esm/instrument/console.js:53
[  284249ms] [LOG] [Fast Refresh] rebuilding @ webpack-internal:///(app-pages-browser)/./node_modules/@sentry/core/build/esm/instrument/console.js:53
[  284263ms] [LOG] [Fast Refresh] done in 14ms @ webpack-internal:///(app-pages-browser)/./node_modules/@sentry/core/build/esm/instrument/console.js:53
[  284386ms] [LOG] [Fast Refresh] rebuilding @ webpack-internal:///(app-pages-browser)/./node_modules/@sentry/core/build/esm/instrument/console.js:53
[  284396ms] [LOG] [Fast Refresh] done in 10ms @ webpack-internal:///(app-pages-browser)/./node_modules/@sentry/core/build/esm/instrument/console.js:53
[  284517ms] [LOG] [Fast Refresh] rebuilding @ webpack-internal:///(app-pages-browser)/./node_modules/@sentry/core/build/esm/instrument/console.js:53
[  284527ms] [LOG] [Fast Refresh] done in 10ms @ webpack-internal:///(app-pages-browser)/./node_modules/@sentry/core/build/esm/instrument/console.js:53
[  284649ms] [LOG] [Fast Refresh] rebuilding @ webpack-internal:///(app-pages-browser)/./node_modules/@sentry/core/build/esm/instrument/console.js:53
[  284658ms] [LOG] [Fast Refresh] done in 9ms @ webpack-internal:///(app-pages-browser)/./node_modules/@sentry/core/build/esm/instrument/console.js:53
[  284780ms] [LOG] [Fast Refresh] rebuilding @ webpack-internal:///(app-pages-browser)/./node_modules/@sentry/core/build/esm/instrument/console.js:53
[  284785ms] [LOG] [Fast Refresh] done in 6ms @ webpack-internal:///(app-pages-browser)/./node_modules/@sentry/core/build/esm/instrument/console.js:53
[  284894ms] [LOG] [Fast Refresh] rebuilding @ webpack-internal:///(app-pages-browser)/./node_modules/@sentry/core/build/esm/instrument/console.js:53
[  284963ms] [LOG] [Fast Refresh] done in 69ms @ webpack-internal:///(app-pages-browser)/./node_modules/@sentry/core/build/esm/instrument/console.js:53
[  285213ms] [LOG] [Fast Refresh] rebuilding @ webpack-internal:///(app-pages-browser)/./node_modules/@sentry/core/build/esm/instrument/console.js:53
[  285228ms] [LOG] [Fast Refresh] done in 15ms @ webpack-internal:///(app-pages-browser)/./node_modules/@sentry/core/build/esm/instrument/console.js:53
[  285267ms] [LOG] [Fast Refresh] rebuilding @ webpack-internal:///(app-pages-browser)/./node_modules/@sentry/core/build/esm/instrument/console.js:53
[  285269ms] [LOG] [Fast Refresh] done in 1ms @ webpack-internal:///(app-pages-browser)/./node_modules/@sentry/core/build/esm/instrument/console.js:53
[  285286ms] [ERROR] Failed to load resource: the server responded with a status of 500 (Internal Server Error) @ http://localhost:3000/dashboard/facturacion?tab=recibidas&_rsc=myjpi:0
[  285343ms] [LOG] [Fast Refresh] rebuilding @ webpack-internal:///(app-pages-browser)/./node_modules/@sentry/core/build/esm/instrument/console.js:53
[  285497ms] [LOG] [Fast Refresh] done in 153ms @ webpack-internal:///(app-pages-browser)/./node_modules/@sentry/core/build/esm/instrument/console.js:53
[  285569ms] [LOG] [Fast Refresh] rebuilding @ webpack-internal:///(app-pages-browser)/./node_modules/@sentry/core/build/esm/instrument/console.js:53
[  285860ms] Invalid or unexpected token
[  289644ms] [WARNING] The resource http://localhost:3000/_next/static/media/e4af272ccee01ff0-s.p.woff2?v=1788472876883 was preloaded using link preload but not used within a few seconds from the window's load event. Please make sure it has an appropriate `as` value and it is preloaded intentionally. @ http://localhost:3000/dashboard/facturacion?tab=recibidas:0
[  298933ms] [ERROR] Creating a worker from 'blob:http://localhost:3000/7ae0e124-acfa-494e-803e-ee2d295bc82c' violates the following Content Security Policy directive: "script-src 'self' 'unsafe-inline' 'unsafe-eval' https://cdnjs.cloudflare.com https://*.sentry.io https://*.posthog.com". Note that 'worker-src' was not explicitly set, so 'script-src' is used as a fallback. The action has been blocked. @ webpack-internal:///(app-pages-browser)/./node_modules/@sentry/replay/build/npm/esm/index.js:5672
[  298938ms] [LOG] [Client Instrumentation Hook] Slow execution detected: 49ms (Note: Code download overhead is not included in this measurement) @ webpack-internal:///(app-pages-browser)/./node_modules/@sentry/core/build/esm/instrument/console.js:53
[  298965ms] [INFO] %cDownload the React DevTools for a better development experience: https://react.dev/link/react-devtools font-weight:bold @ webpack-internal:///(app-pages-browser)/./node_modules/@sentry/core/build/esm/instrument/console.js:53
[  299025ms] [LOG] [HMR] connected @ webpack-internal:///(app-pages-browser)/./node_modules/@sentry/core/build/esm/instrument/console.js:53
[  299044ms] [INFO] [analytics] NEXT_PUBLIC_POSTHOG_KEY not set — analytics disabled @ webpack-internal:///(app-pages-browser)/./node_modules/@sentry/core/build/esm/instrument/console.js:53
[  299100ms] [LOG] [Fast Refresh] rebuilding @ webpack-internal:///(app-pages-browser)/./node_modules/@sentry/core/build/esm/instrument/console.js:53
[  299107ms] [LOG] [Fast Refresh] done in 8ms @ webpack-internal:///(app-pages-browser)/./node_modules/@sentry/core/build/esm/instrument/console.js:53
[  299294ms] [LOG] [Fast Refresh] rebuilding @ webpack-internal:///(app-pages-browser)/./node_modules/@sentry/core/build/esm/instrument/console.js:53
[  299306ms] [LOG] [Fast Refresh] done in 12ms @ webpack-internal:///(app-pages-browser)/./node_modules/@sentry/core/build/esm/instrument/console.js:53
[  299410ms] [LOG] [Fast Refresh] rebuilding @ webpack-internal:///(app-pages-browser)/./node_modules/@sentry/core/build/esm/instrument/console.js:53
[  299414ms] [LOG] [Fast Refresh] done in 5ms @ webpack-internal:///(app-pages-browser)/./node_modules/@sentry/core/build/esm/instrument/console.js:53
[  299531ms] [LOG] [Fast Refresh] rebuilding @ webpack-internal:///(app-pages-browser)/./node_modules/@sentry/core/build/esm/instrument/console.js:53
[  299556ms] [LOG] [Fast Refresh] done in 25ms @ webpack-internal:///(app-pages-browser)/./node_modules/@sentry/core/build/esm/instrument/console.js:53
[  300228ms] [LOG] [Fast Refresh] rebuilding @ webpack-internal:///(app-pages-browser)/./node_modules/@sentry/core/build/esm/instrument/console.js:53
[  300252ms] [LOG] [Fast Refresh] done in 23ms @ webpack-internal:///(app-pages-browser)/./node_modules/@sentry/core/build/esm/instrument/console.js:53
[  300291ms] [LOG] [Fast Refresh] rebuilding @ webpack-internal:///(app-pages-browser)/./node_modules/@sentry/core/build/esm/instrument/console.js:53
[  300293ms] [LOG] [Fast Refresh] done in 2ms @ webpack-internal:///(app-pages-browser)/./node_modules/@sentry/core/build/esm/instrument/console.js:53
[  300310ms] [ERROR] Failed to load resource: the server responded with a status of 500 (Internal Server Error) @ http://localhost:3000/dashboard/facturacion?tab=recibidas&_rsc=myjpi:0
[  300362ms] [LOG] [Fast Refresh] rebuilding @ webpack-internal:///(app-pages-browser)/./node_modules/@sentry/core/build/esm/instrument/console.js:53
[  300714ms] Invalid or unexpected token
[  301170ms] [ERROR] Creating a worker from 'blob:http://localhost:3000/69a5d1f2-8f76-4875-9b7a-37b4666b14c4' violates the following Content Security Policy directive: "script-src 'self' 'unsafe-inline' 'unsafe-eval' https://cdnjs.cloudflare.com https://*.sentry.io https://*.posthog.com". Note that 'worker-src' was not explicitly set, so 'script-src' is used as a fallback. The action has been blocked. @ webpack-internal:///(app-pages-browser)/./node_modules/@sentry/replay/build/npm/esm/index.js:5672
[  301175ms] [LOG] [Client Instrumentation Hook] Slow execution detected: 49ms (Note: Code download overhead is not included in this measurement) @ webpack-internal:///(app-pages-browser)/./node_modules/@sentry/core/build/esm/instrument/console.js:53
[  301202ms] [INFO] %cDownload the React DevTools for a better development experience: https://react.dev/link/react-devtools font-weight:bold @ webpack-internal:///(app-pages-browser)/./node_modules/@sentry/core/build/esm/instrument/console.js:53
[  301237ms] [LOG] [HMR] connected @ webpack-internal:///(app-pages-browser)/./node_modules/@sentry/core/build/esm/instrument/console.js:53
[  301284ms] [ERROR] Can't perform a React state update on a component that hasn't mounted yet. This indicates that you have a side-effect in your render function that asynchronously tries to update the component. Move this work to useEffect instead. @ webpack-internal:///(app-pages-browser)/./node_modules/@sentry/core/build/esm/instrument/console.js:53
[  301287ms] [LOG] [Fast Refresh] rebuilding @ webpack-internal:///(app-pages-browser)/./node_modules/@sentry/core/build/esm/instrument/console.js:53
[  301375ms] [LOG] [Fast Refresh] done in 87ms @ webpack-internal:///(app-pages-browser)/./node_modules/@sentry/core/build/esm/instrument/console.js:53
[  301416ms] [LOG] [Fast Refresh] rebuilding @ webpack-internal:///(app-pages-browser)/./node_modules/@sentry/core/build/esm/instrument/console.js:53
[  301426ms] [LOG] [Fast Refresh] done in 9ms @ webpack-internal:///(app-pages-browser)/./node_modules/@sentry/core/build/esm/instrument/console.js:53
[  301546ms] [LOG] [Fast Refresh] rebuilding @ webpack-internal:///(app-pages-browser)/./node_modules/@sentry/core/build/esm/instrument/console.js:53
[  301554ms] [LOG] [Fast Refresh] done in 8ms @ webpack-internal:///(app-pages-browser)/./node_modules/@sentry/core/build/esm/instrument/console.js:53
[  301674ms] [LOG] [Fast Refresh] rebuilding @ webpack-internal:///(app-pages-browser)/./node_modules/@sentry/core/build/esm/instrument/console.js:53
[  301681ms] [LOG] [Fast Refresh] done in 7ms @ webpack-internal:///(app-pages-browser)/./node_modules/@sentry/core/build/esm/instrument/console.js:53
[  301800ms] [LOG] [Fast Refresh] rebuilding @ webpack-internal:///(app-pages-browser)/./node_modules/@sentry/core/build/esm/instrument/console.js:53
[  301805ms] [LOG] [Fast Refresh] done in 5ms @ webpack-internal:///(app-pages-browser)/./node_modules/@sentry/core/build/esm/instrument/console.js:53
[  301924ms] [LOG] [Fast Refresh] rebuilding @ webpack-internal:///(app-pages-browser)/./node_modules/@sentry/core/build/esm/instrument/console.js:53
[  301933ms] [LOG] [Fast Refresh] done in 9ms @ webpack-internal:///(app-pages-browser)/./node_modules/@sentry/core/build/esm/instrument/console.js:53
[  302049ms] [LOG] [Fast Refresh] rebuilding @ webpack-internal:///(app-pages-browser)/./node_modules/@sentry/core/build/esm/instrument/console.js:53
[  302059ms] [LOG] [Fast Refresh] done in 10ms @ webpack-internal:///(app-pages-browser)/./node_modules/@sentry/core/build/esm/instrument/console.js:53
[  302167ms] [LOG] [Fast Refresh] rebuilding @ webpack-internal:///(app-pages-browser)/./node_modules/@sentry/core/build/esm/instrument/console.js:53
[  302184ms] [LOG] [Fast Refresh] done in 17ms @ webpack-internal:///(app-pages-browser)/./node_modules/@sentry/core/build/esm/instrument/console.js:53
[  302300ms] [LOG] [Fast Refresh] rebuilding @ webpack-internal:///(app-pages-browser)/./node_modules/@sentry/core/build/esm/instrument/console.js:53
[  302305ms] [LOG] [Fast Refresh] done in 6ms @ webpack-internal:///(app-pages-browser)/./node_modules/@sentry/core/build/esm/instrument/console.js:53
[  302430ms] [LOG] [Fast Refresh] rebuilding @ webpack-internal:///(app-pages-browser)/./node_modules/@sentry/core/build/esm/instrument/console.js:53
[  302485ms] [LOG] [Fast Refresh] done in 55ms @ webpack-internal:///(app-pages-browser)/./node_modules/@sentry/core/build/esm/instrument/console.js:53
[  302564ms] [LOG] [Fast Refresh] rebuilding @ webpack-internal:///(app-pages-browser)/./node_modules/@sentry/core/build/esm/instrument/console.js:53
[  302591ms] [LOG] [Fast Refresh] done in 26ms @ webpack-internal:///(app-pages-browser)/./node_modules/@sentry/core/build/esm/instrument/console.js:53
[  302783ms] [LOG] [Fast Refresh] rebuilding @ webpack-internal:///(app-pages-browser)/./node_modules/@sentry/core/build/esm/instrument/console.js:53
[  302834ms] [LOG] [Fast Refresh] done in 51ms @ webpack-internal:///(app-pages-browser)/./node_modules/@sentry/core/build/esm/instrument/console.js:53
[  303078ms] [LOG] [Fast Refresh] rebuilding @ webpack-internal:///(app-pages-browser)/./node_modules/@sentry/core/build/esm/instrument/console.js:53
[  303087ms] [LOG] [Fast Refresh] done in 10ms @ webpack-internal:///(app-pages-browser)/./node_modules/@sentry/core/build/esm/instrument/console.js:53
[  303210ms] [LOG] [Fast Refresh] rebuilding @ webpack-internal:///(app-pages-browser)/./node_modules/@sentry/core/build/esm/instrument/console.js:53
[  303219ms] [LOG] [Fast Refresh] done in 10ms @ webpack-internal:///(app-pages-browser)/./node_modules/@sentry/core/build/esm/instrument/console.js:53
[  303342ms] [LOG] [Fast Refresh] rebuilding @ webpack-internal:///(app-pages-browser)/./node_modules/@sentry/core/build/esm/instrument/console.js:53
[  303357ms] [LOG] [Fast Refresh] done in 16ms @ webpack-internal:///(app-pages-browser)/./node_modules/@sentry/core/build/esm/instrument/console.js:53
[  303474ms] [LOG] [Fast Refresh] rebuilding @ webpack-internal:///(app-pages-browser)/./node_modules/@sentry/core/build/esm/instrument/console.js:53
[  303480ms] [LOG] [Fast Refresh] done in 7ms @ webpack-internal:///(app-pages-browser)/./node_modules/@sentry/core/build/esm/instrument/console.js:53
[  303601ms] [LOG] [Fast Refresh] rebuilding @ webpack-internal:///(app-pages-browser)/./node_modules/@sentry/core/build/esm/instrument/console.js:53
[  303611ms] [LOG] [Fast Refresh] done in 10ms @ webpack-internal:///(app-pages-browser)/./node_modules/@sentry/core/build/esm/instrument/console.js:53
[  303725ms] [LOG] [Fast Refresh] rebuilding @ webpack-internal:///(app-pages-browser)/./node_modules/@sentry/core/build/esm/instrument/console.js:53
[  303734ms] [LOG] [Fast Refresh] done in 9ms @ webpack-internal:///(app-pages-browser)/./node_modules/@sentry/core/build/esm/instrument/console.js:53
[  303854ms] [LOG] [Fast Refresh] rebuilding @ webpack-internal:///(app-pages-browser)/./node_modules/@sentry/core/build/esm/instrument/console.js:53
[  303860ms] [LOG] [Fast Refresh] done in 6ms @ webpack-internal:///(app-pages-browser)/./node_modules/@sentry/core/build/esm/instrument/console.js:53
[  303976ms] [LOG] [Fast Refresh] rebuilding @ webpack-internal:///(app-pages-browser)/./node_modules/@sentry/core/build/esm/instrument/console.js:53
[  303983ms] [LOG] [Fast Refresh] done in 7ms @ webpack-internal:///(app-pages-browser)/./node_modules/@sentry/core/build/esm/instrument/console.js:53
[  304094ms] [LOG] [Fast Refresh] rebuilding @ webpack-internal:///(app-pages-browser)/./node_modules/@sentry/core/build/esm/instrument/console.js:53
[  304100ms] [LOG] [Fast Refresh] done in 7ms @ webpack-internal:///(app-pages-browser)/./node_modules/@sentry/core/build/esm/instrument/console.js:53
[  304215ms] [LOG] [Fast Refresh] rebuilding @ webpack-internal:///(app-pages-browser)/./node_modules/@sentry/core/build/esm/instrument/console.js:53
[  304226ms] [LOG] [Fast Refresh] done in 10ms @ webpack-internal:///(app-pages-browser)/./node_modules/@sentry/core/build/esm/instrument/console.js:53
[  304346ms] [LOG] [Fast Refresh] rebuilding @ webpack-internal:///(app-pages-browser)/./node_modules/@sentry/core/build/esm/instrument/console.js:53
[  304361ms] [LOG] [Fast Refresh] done in 15ms @ webpack-internal:///(app-pages-browser)/./node_modules/@sentry/core/build/esm/instrument/console.js:53
[  304470ms] [LOG] [Fast Refresh] rebuilding @ webpack-internal:///(app-pages-browser)/./node_modules/@sentry/core/build/esm/instrument/console.js:53
[  304475ms] [LOG] [Fast Refresh] done in 5ms @ webpack-internal:///(app-pages-browser)/./node_modules/@sentry/core/build/esm/instrument/console.js:53
[  304605ms] [LOG] [Fast Refresh] rebuilding @ webpack-internal:///(app-pages-browser)/./node_modules/@sentry/core/build/esm/instrument/console.js:53
[  304617ms] [LOG] [Fast Refresh] done in 11ms @ webpack-internal:///(app-pages-browser)/./node_modules/@sentry/core/build/esm/instrument/console.js:53
[  304730ms] [LOG] [Fast Refresh] rebuilding @ webpack-internal:///(app-pages-browser)/./node_modules/@sentry/core/build/esm/instrument/console.js:53
[  304799ms] [LOG] [Fast Refresh] done in 63ms @ webpack-internal:///(app-pages-browser)/./node_modules/@sentry/core/build/esm/instrument/console.js:53
[  304877ms] [LOG] [Fast Refresh] rebuilding @ webpack-internal:///(app-pages-browser)/./node_modules/@sentry/core/build/esm/instrument/console.js:53
[  304938ms] [LOG] [Fast Refresh] done in 62ms @ webpack-internal:///(app-pages-browser)/./node_modules/@sentry/core/build/esm/instrument/console.js:53
[  305012ms] [LOG] [Fast Refresh] rebuilding @ webpack-internal:///(app-pages-browser)/./node_modules/@sentry/core/build/esm/instrument/console.js:53
[  305034ms] [LOG] [Fast Refresh] done in 21ms @ webpack-internal:///(app-pages-browser)/./node_modules/@sentry/core/build/esm/instrument/console.js:53
[  305649ms] [LOG] [Fast Refresh] rebuilding @ webpack-internal:///(app-pages-browser)/./node_modules/@sentry/core/build/esm/instrument/console.js:53
[  305679ms] [LOG] [Fast Refresh] done in 30ms @ webpack-internal:///(app-pages-browser)/./node_modules/@sentry/core/build/esm/instrument/console.js:53
[  305823ms] [LOG] [Fast Refresh] rebuilding @ webpack-internal:///(app-pages-browser)/./node_modules/@sentry/core/build/esm/instrument/console.js:53
[  305828ms] [LOG] [Fast Refresh] done in 6ms @ webpack-internal:///(app-pages-browser)/./node_modules/@sentry/core/build/esm/instrument/console.js:53
[  305957ms] [LOG] [Fast Refresh] rebuilding @ webpack-internal:///(app-pages-browser)/./node_modules/@sentry/core/build/esm/instrument/console.js:53
[  306016ms] [LOG] [Fast Refresh] done in 59ms @ webpack-internal:///(app-pages-browser)/./node_modules/@sentry/core/build/esm/instrument/console.js:53
[  306100ms] [LOG] [Fast Refresh] rebuilding @ webpack-internal:///(app-pages-browser)/./node_modules/@sentry/core/build/esm/instrument/console.js:53
[  306304ms] Invalid or unexpected token
[  306851ms] [ERROR] Creating a worker from 'blob:http://localhost:3000/36b35c26-09a8-4f26-920f-a99a2b74a464' violates the following Content Security Policy directive: "script-src 'self' 'unsafe-inline' 'unsafe-eval' https://cdnjs.cloudflare.com https://*.sentry.io https://*.posthog.com". Note that 'worker-src' was not explicitly set, so 'script-src' is used as a fallback. The action has been blocked. @ webpack-internal:///(app-pages-browser)/./node_modules/@sentry/replay/build/npm/esm/index.js:5672
[  306857ms] [LOG] [Client Instrumentation Hook] Slow execution detected: 49ms (Note: Code download overhead is not included in this measurement) @ webpack-internal:///(app-pages-browser)/./node_modules/@sentry/core/build/esm/instrument/console.js:53
[  306884ms] [INFO] %cDownload the React DevTools for a better development experience: https://react.dev/link/react-devtools font-weight:bold @ webpack-internal:///(app-pages-browser)/./node_modules/@sentry/core/build/esm/instrument/console.js:53
[  306924ms] [LOG] [HMR] connected @ webpack-internal:///(app-pages-browser)/./node_modules/@sentry/core/build/esm/instrument/console.js:53
[  306974ms] [ERROR] Can't perform a React state update on a component that hasn't mounted yet. This indicates that you have a side-effect in your render function that asynchronously tries to update the component. Move this work to useEffect instead. @ webpack-internal:///(app-pages-browser)/./node_modules/@sentry/core/build/esm/instrument/console.js:53
[  306977ms] [LOG] [Fast Refresh] rebuilding @ webpack-internal:///(app-pages-browser)/./node_modules/@sentry/core/build/esm/instrument/console.js:53
[  307119ms] [LOG] [Fast Refresh] done in 142ms @ webpack-internal:///(app-pages-browser)/./node_modules/@sentry/core/build/esm/instrument/console.js:53
[  307122ms] [LOG] [Fast Refresh] rebuilding @ webpack-internal:///(app-pages-browser)/./node_modules/@sentry/core/build/esm/instrument/console.js:53
[  307202ms] [LOG] [Fast Refresh] done in 80ms @ webpack-internal:///(app-pages-browser)/./node_modules/@sentry/core/build/esm/instrument/console.js:53
[  307270ms] [LOG] [Fast Refresh] rebuilding @ webpack-internal:///(app-pages-browser)/./node_modules/@sentry/core/build/esm/instrument/console.js:53
[  307281ms] [LOG] [Fast Refresh] done in 10ms @ webpack-internal:///(app-pages-browser)/./node_modules/@sentry/core/build/esm/instrument/console.js:53
[  307411ms] [LOG] [Fast Refresh] rebuilding @ webpack-internal:///(app-pages-browser)/./node_modules/@sentry/core/build/esm/instrument/console.js:53
[  307418ms] [LOG] [Fast Refresh] done in 7ms @ webpack-internal:///(app-pages-browser)/./node_modules/@sentry/core/build/esm/instrument/console.js:53
[  307550ms] [LOG] [Fast Refresh] rebuilding @ webpack-internal:///(app-pages-browser)/./node_modules/@sentry/core/build/esm/instrument/console.js:53
[  307562ms] [LOG] [Fast Refresh] done in 13ms @ webpack-internal:///(app-pages-browser)/./node_modules/@sentry/core/build/esm/instrument/console.js:53
[  307692ms] [LOG] [Fast Refresh] rebuilding @ webpack-internal:///(app-pages-browser)/./node_modules/@sentry/core/build/esm/instrument/console.js:53
[  307754ms] [LOG] [Fast Refresh] done in 62ms @ webpack-internal:///(app-pages-browser)/./node_modules/@sentry/core/build/esm/instrument/console.js:53
[  307822ms] [LOG] [Fast Refresh] rebuilding @ webpack-internal:///(app-pages-browser)/./node_modules/@sentry/core/build/esm/instrument/console.js:53
[  307830ms] [LOG] [Fast Refresh] done in 8ms @ webpack-internal:///(app-pages-browser)/./node_modules/@sentry/core/build/esm/instrument/console.js:53
[  308062ms] [LOG] [Fast Refresh] rebuilding @ webpack-internal:///(app-pages-browser)/./node_modules/@sentry/core/build/esm/instrument/console.js:53
[  308070ms] [LOG] [Fast Refresh] done in 8ms @ webpack-internal:///(app-pages-browser)/./node_modules/@sentry/core/build/esm/instrument/console.js:53
[  308200ms] [LOG] [Fast Refresh] rebuilding @ webpack-internal:///(app-pages-browser)/./node_modules/@sentry/core/build/esm/instrument/console.js:53
[  308426ms] [LOG] [Fast Refresh] done in 225ms @ webpack-internal:///(app-pages-browser)/./node_modules/@sentry/core/build/esm/instrument/console.js:53
[  309128ms] [LOG] [Fast Refresh] rebuilding @ webpack-internal:///(app-pages-browser)/./node_modules/@sentry/core/build/esm/instrument/console.js:53
[  309141ms] [LOG] [Fast Refresh] done in 12ms @ webpack-internal:///(app-pages-browser)/./node_modules/@sentry/core/build/esm/instrument/console.js:53
[  309285ms] [LOG] [Fast Refresh] rebuilding @ webpack-internal:///(app-pages-browser)/./node_modules/@sentry/core/build/esm/instrument/console.js:53
[  309300ms] [LOG] [Fast Refresh] done in 15ms @ webpack-internal:///(app-pages-browser)/./node_modules/@sentry/core/build/esm/instrument/console.js:53
[  309436ms] [LOG] [Fast Refresh] rebuilding @ webpack-internal:///(app-pages-browser)/./node_modules/@sentry/core/build/esm/instrument/console.js:53
[  309454ms] [LOG] [Fast Refresh] done in 18ms @ webpack-internal:///(app-pages-browser)/./node_modules/@sentry/core/build/esm/instrument/console.js:53
[  309575ms] [LOG] [Fast Refresh] rebuilding @ webpack-internal:///(app-pages-browser)/./node_modules/@sentry/core/build/esm/instrument/console.js:53
[  309583ms] [LOG] [Fast Refresh] done in 8ms @ webpack-internal:///(app-pages-browser)/./node_modules/@sentry/core/build/esm/instrument/console.js:53
[  309713ms] [LOG] [Fast Refresh] rebuilding @ webpack-internal:///(app-pages-browser)/./node_modules/@sentry/core/build/esm/instrument/console.js:53
[  309723ms] [LOG] [Fast Refresh] done in 9ms @ webpack-internal:///(app-pages-browser)/./node_modules/@sentry/core/build/esm/instrument/console.js:53
[  309844ms] [LOG] [Fast Refresh] rebuilding @ webpack-internal:///(app-pages-browser)/./node_modules/@sentry/core/build/esm/instrument/console.js:53
[  309859ms] [LOG] [Fast Refresh] done in 15ms @ webpack-internal:///(app-pages-browser)/./node_modules/@sentry/core/build/esm/instrument/console.js:53
[  310032ms] [LOG] [Fast Refresh] rebuilding @ webpack-internal:///(app-pages-browser)/./node_modules/@sentry/core/build/esm/instrument/console.js:53
[  310099ms] [LOG] [Fast Refresh] done in 72ms @ webpack-internal:///(app-pages-browser)/./node_modules/@sentry/core/build/esm/instrument/console.js:53
[  310150ms] [LOG] [Fast Refresh] rebuilding @ webpack-internal:///(app-pages-browser)/./node_modules/@sentry/core/build/esm/instrument/console.js:53
[  310182ms] [LOG] [Fast Refresh] done in 31ms @ webpack-internal:///(app-pages-browser)/./node_modules/@sentry/core/build/esm/instrument/console.js:53
[  310511ms] [LOG] [Fast Refresh] rebuilding @ webpack-internal:///(app-pages-browser)/./node_modules/@sentry/core/build/esm/instrument/console.js:53
[  310525ms] [LOG] [Fast Refresh] done in 15ms @ webpack-internal:///(app-pages-browser)/./node_modules/@sentry/core/build/esm/instrument/console.js:53
[  310565ms] [LOG] [Fast Refresh] rebuilding @ webpack-internal:///(app-pages-browser)/./node_modules/@sentry/core/build/esm/instrument/console.js:53
[  310567ms] [LOG] [Fast Refresh] done in 2ms @ webpack-internal:///(app-pages-browser)/./node_modules/@sentry/core/build/esm/instrument/console.js:53
[  310587ms] [ERROR] Failed to load resource: the server responded with a status of 500 (Internal Server Error) @ http://localhost:3000/dashboard/facturacion?tab=recibidas&_rsc=myjpi:0
[  310642ms] [LOG] [Fast Refresh] rebuilding @ webpack-internal:///(app-pages-browser)/./node_modules/@sentry/core/build/esm/instrument/console.js:53
[  310790ms] [LOG] [Fast Refresh] done in 148ms @ webpack-internal:///(app-pages-browser)/./node_modules/@sentry/core/build/esm/instrument/console.js:53
[  310933ms] [LOG] [Fast Refresh] rebuilding @ webpack-internal:///(app-pages-browser)/./node_modules/@sentry/core/build/esm/instrument/console.js:53
[  311139ms] Invalid or unexpected token
[  314929ms] [WARNING] The resource http://localhost:3000/_next/static/media/e4af272ccee01ff0-s.p.woff2?v=1788472902173 was preloaded using link preload but not used within a few seconds from the window's load event. Please make sure it has an appropriate `as` value and it is preloaded intentionally. @ http://localhost:3000/dashboard/facturacion?tab=recibidas:0
[  328043ms] [ERROR] Creating a worker from 'blob:http://localhost:3000/fca140e5-932a-4db8-a85a-240796806184' violates the following Content Security Policy directive: "script-src 'self' 'unsafe-inline' 'unsafe-eval' https://cdnjs.cloudflare.com https://*.sentry.io https://*.posthog.com". Note that 'worker-src' was not explicitly set, so 'script-src' is used as a fallback. The action has been blocked. @ webpack-internal:///(app-pages-browser)/./node_modules/@sentry/replay/build/npm/esm/index.js:5672
[  328049ms] [LOG] [Client Instrumentation Hook] Slow execution detected: 49ms (Note: Code download overhead is not included in this measurement) @ webpack-internal:///(app-pages-browser)/./node_modules/@sentry/core/build/esm/instrument/console.js:53
[  328076ms] [INFO] %cDownload the React DevTools for a better development experience: https://react.dev/link/react-devtools font-weight:bold @ webpack-internal:///(app-pages-browser)/./node_modules/@sentry/core/build/esm/instrument/console.js:53
[  328140ms] [LOG] [HMR] connected @ webpack-internal:///(app-pages-browser)/./node_modules/@sentry/core/build/esm/instrument/console.js:53
[  328162ms] [INFO] [analytics] NEXT_PUBLIC_POSTHOG_KEY not set — analytics disabled @ webpack-internal:///(app-pages-browser)/./node_modules/@sentry/core/build/esm/instrument/console.js:53
[  328214ms] [LOG] [Fast Refresh] rebuilding @ webpack-internal:///(app-pages-browser)/./node_modules/@sentry/core/build/esm/instrument/console.js:53
[  328224ms] [LOG] [Fast Refresh] done in 9ms @ webpack-internal:///(app-pages-browser)/./node_modules/@sentry/core/build/esm/instrument/console.js:53
[  328421ms] [LOG] [Fast Refresh] rebuilding @ webpack-internal:///(app-pages-browser)/./node_modules/@sentry/core/build/esm/instrument/console.js:53
[  328490ms] [LOG] [Fast Refresh] done in 68ms @ webpack-internal:///(app-pages-browser)/./node_modules/@sentry/core/build/esm/instrument/console.js:53
[  328541ms] [LOG] [Fast Refresh] rebuilding @ webpack-internal:///(app-pages-browser)/./node_modules/@sentry/core/build/esm/instrument/console.js:53
[  328551ms] [LOG] [Fast Refresh] done in 10ms @ webpack-internal:///(app-pages-browser)/./node_modules/@sentry/core/build/esm/instrument/console.js:53
[  328761ms] [LOG] [Fast Refresh] rebuilding @ webpack-internal:///(app-pages-browser)/./node_modules/@sentry/core/build/esm/instrument/console.js:53
[  328788ms] [LOG] [Fast Refresh] done in 26ms @ webpack-internal:///(app-pages-browser)/./node_modules/@sentry/core/build/esm/instrument/console.js:53
[  329393ms] [LOG] [Fast Refresh] rebuilding @ webpack-internal:///(app-pages-browser)/./node_modules/@sentry/core/build/esm/instrument/console.js:53
[  329407ms] [LOG] [Fast Refresh] done in 13ms @ webpack-internal:///(app-pages-browser)/./node_modules/@sentry/core/build/esm/instrument/console.js:53
[  329446ms] [LOG] [Fast Refresh] rebuilding @ webpack-internal:///(app-pages-browser)/./node_modules/@sentry/core/build/esm/instrument/console.js:53
[  329447ms] [LOG] [Fast Refresh] done in 2ms @ webpack-internal:///(app-pages-browser)/./node_modules/@sentry/core/build/esm/instrument/console.js:53
[  329467ms] [ERROR] Failed to load resource: the server responded with a status of 500 (Internal Server Error) @ http://localhost:3000/dashboard/facturacion?tab=recibidas&_rsc=myjpi:0
[  329510ms] [LOG] [Fast Refresh] rebuilding @ webpack-internal:///(app-pages-browser)/./node_modules/@sentry/core/build/esm/instrument/console.js:53
[  329815ms] [LOG] [Fast Refresh] done in 304ms @ webpack-internal:///(app-pages-browser)/./node_modules/@sentry/core/build/esm/instrument/console.js:53
[  329863ms] [LOG] [Fast Refresh] rebuilding @ webpack-internal:///(app-pages-browser)/./node_modules/@sentry/core/build/esm/instrument/console.js:53
[  329869ms] [LOG] [Fast Refresh] done in 5ms @ webpack-internal:///(app-pages-browser)/./node_modules/@sentry/core/build/esm/instrument/console.js:53
[  330161ms] [ERROR] Failed to load resource: the server responded with a status of 500 (Internal Server Error) @ http://localhost:3000/dashboard/facturacion?tab=recibidas&_rsc=myjpi:0
[  330181ms] [ERROR] Failed to load resource: the server responded with a status of 500 (Internal Server Error) @ http://localhost:3000/dashboard/facturacion?tab=recibidas:0
[  330235ms] [INFO] %cDownload the React DevTools for a better development experience: https://react.dev/link/react-devtools font-weight:bold @ webpack-internal:///(pages-dir-browser)/./node_modules/react-dom/cjs/react-dom-client.development.js:28004
[  330269ms] [ERROR] Creating a worker from 'blob:http://localhost:3000/4a15db1d-df1c-4b64-93d1-7c35725aece1' violates the following Content Security Policy directive: "script-src 'self' 'unsafe-inline' 'unsafe-eval' https://cdnjs.cloudflare.com https://*.sentry.io https://*.posthog.com". Note that 'worker-src' was not explicitly set, so 'script-src' is used as a fallback. The action has been blocked. @ webpack-internal:///(pages-dir-browser)/./node_modules/@sentry/replay/build/npm/esm/index.js:5672
[  330273ms] SyntaxError: Unexpected end of JSON input
    at JSON.parse (<anonymous>)
    at loadManifest (file:///Users/daniilkonovalyukpanasyuk/enlaze/node_modules/next/dist/server/load-manifest.external.js:54:25)
    at loadManifestFromRelativePath (file:///Users/daniilkonovalyukpanasyuk/enlaze/node_modules/next/dist/server/load-manifest.external.js:111:12)
    at AppPageRouteModule.loadManifests (file:///Users/daniilkonovalyukpanasyuk/enlaze/node_modules/next/dist/compiled/next-server/app-page.runtime.dev.js:71:33979)
    at AppPageRouteModule.prepare (file:///Users/daniilkonovalyukpanasyuk/enlaze/node_modules/next/dist/compiled/next-server/app-page.runtime.dev.js:71:41329)
    at process.processTicksAndRejections (node:internal/process/task_queues:104:5)
    at async Module.handler (webpack-internal:///(rsc)/./node_modules/next/dist/build/webpack/loaders/next-app-loader/index.js?name=app%2Fdashboard%2Ffacturacion%2Fpage&page=%2Fdashboard%2Ffacturacion%2Fpage&appPaths=%2Fdashboard%2Ffacturacion%2Fpage&allNormalizedAppPaths=&pagePath=private-next-app-dir%2Fdashboard%2Ffacturacion%2Fpage.tsx&appDir=%2FUsers%2Fdaniilkonovalyukpanasyuk%2Fenlaze%2Fapp&pageExtensions=tsx&pageExtensions=ts&pageExtensions=jsx&pageExtensions=js&rootDir=%2FUsers%2Fdaniilkonovalyukpanasyuk%2Fenlaze&isDev=true&tsconfigPath=&basePath=&assetPrefix=&nextConfigOutput=&preferredRegion=&middlewareConfig=e30%3D&isGlobalNotFoundEnabled=!:253:27)
    at async DevServer.renderToResponseWithComponentsImpl (file:///Users/daniilkonovalyukpanasyuk/enlaze/node_modules/next/dist/server/base-server.js:1454:9)
    at async DevServer.renderPageComponent (file:///Users/daniilkonovalyukpanasyuk/enlaze/node_modules/next/dist/server/base-server.js:1506:24)
    at async DevServer.renderToResponseImpl (file:///Users/daniilkonovalyukpanasyuk/enlaze/node_modules/next/dist/server/base-server.js:1556:32)
    at async DevServer.pipeImpl (file:///Users/daniilkonovalyukpanasyuk/enlaze/node_modules/next/dist/server/base-server.js:1043:25)
    at async NextNodeServer.handleCatchallRenderRequest (file:///Users/daniilkonovalyukpanasyuk/enlaze/node_modules/next/dist/server/next-server.js:338:17)
    at async DevServer.handleRequestImpl (file:///Users/daniilkonovalyukpanasyuk/enlaze/node_modules/next/dist/server/base-server.js:934:17)
    at async (file:///Users/daniilkonovalyukpanasyuk/enlaze/node_modules/next/dist/server/dev/next-dev-server.js:394:20)
    at async Span.traceAsyncFn (file:///Users/daniilkonovalyukpanasyuk/enlaze/node_modules/next/dist/trace/trace.js:164:20)
    at async DevServer.handleRequest (file:///Users/daniilkonovalyukpanasyuk/enlaze/node_modules/next/dist/server/dev/next-dev-server.js:390:24)
    at async invokeRender (file:///Users/daniilkonovalyukpanasyuk/enlaze/node_modules/next/dist/server/lib/router-server.js:253:21)
    at async handleRequest (file:///Users/daniilkonovalyukpanasyuk/enlaze/node_modules/next/dist/server/lib/router-server.js:452:24)
    at async requestHandlerImpl (file:///Users/daniilkonovalyukpanasyuk/enlaze/node_modules/next/dist/server/lib/router-server.js:501:13)
    at async Server.requestListener (file:///Users/daniilkonovalyukpanasyuk/enlaze/node_modules/next/dist/server/lib/start-server.js:225:13)
[  330326ms] [LOG] [HMR] connected @ webpack-internal:///(pages-dir-browser)/./node_modules/@sentry/core/build/esm/instrument/console.js:53
[  330450ms] [LOG] [Fast Refresh] rebuilding @ webpack-internal:///(pages-dir-browser)/./node_modules/@sentry/core/build/esm/instrument/console.js:53
[  330466ms] [WARNING] [Fast Refresh] performing full reload because your application had an unrecoverable error @ webpack-internal:///(pages-dir-browser)/./node_modules/@sentry/core/build/esm/instrument/console.js:53
[  330575ms] [LOG] [Fast Refresh] rebuilding @ webpack-internal:///(pages-dir-browser)/./node_modules/@sentry/core/build/esm/instrument/console.js:53
[  330588ms] [WARNING] [Fast Refresh] performing full reload because your application had an unrecoverable error @ webpack-internal:///(pages-dir-browser)/./node_modules/@sentry/core/build/esm/instrument/console.js:53
[  330863ms] [LOG] [Fast Refresh] rebuilding @ webpack-internal:///(pages-dir-browser)/./node_modules/@sentry/core/build/esm/instrument/console.js:53
[  330877ms] [WARNING] [Fast Refresh] performing full reload because your application had an unrecoverable error @ webpack-internal:///(pages-dir-browser)/./node_modules/@sentry/core/build/esm/instrument/console.js:53
[  330878ms] [LOG] [Fast Refresh] rebuilding @ webpack-internal:///(pages-dir-browser)/./node_modules/@sentry/core/build/esm/instrument/console.js:53
[  330940ms] [ERROR] Failed to load resource: the server responded with a status of 500 (Internal Server Error) @ http://localhost:3000/dashboard/facturacion?tab=recibidas:0
[  331007ms] [INFO] %cDownload the React DevTools for a better development experience: https://react.dev/link/react-devtools font-weight:bold @ webpack-internal:///(pages-dir-browser)/./node_modules/react-dom/cjs/react-dom-client.development.js:28004
[  331043ms] [ERROR] Creating a worker from 'blob:http://localhost:3000/7225ae01-625c-4c9d-ad43-a9617470e8c8' violates the following Content Security Policy directive: "script-src 'self' 'unsafe-inline' 'unsafe-eval' https://cdnjs.cloudflare.com https://*.sentry.io https://*.posthog.com". Note that 'worker-src' was not explicitly set, so 'script-src' is used as a fallback. The action has been blocked. @ webpack-internal:///(pages-dir-browser)/./node_modules/@sentry/replay/build/npm/esm/index.js:5672
[  331058ms] SyntaxError: Unexpected end of JSON input
    at JSON.parse (<anonymous>)
    at loadManifest (file:///Users/daniilkonovalyukpanasyuk/enlaze/node_modules/next/dist/server/load-manifest.external.js:54:25)
    at DevServer.getNextFontManifest (file:///Users/daniilkonovalyukpanasyuk/enlaze/node_modules/next/dist/server/next-server.js:867:55)
    at DevServer.findPageComponents (file:///Users/daniilkonovalyukpanasyuk/enlaze/node_modules/next/dist/server/dev/next-dev-server.js:703:39)
    at process.processTicksAndRejections (node:internal/process/task_queues:104:5)
    at async DevServer.renderPageComponent (file:///Users/daniilkonovalyukpanasyuk/enlaze/node_modules/next/dist/server/base-server.js:1492:24)
    at async DevServer.renderToResponseImpl (file:///Users/daniilkonovalyukpanasyuk/enlaze/node_modules/next/dist/server/base-server.js:1556:32)
    at async DevServer.pipeImpl (file:///Users/daniilkonovalyukpanasyuk/enlaze/node_modules/next/dist/server/base-server.js:1043:25)
    at async NextNodeServer.handleCatchallRenderRequest (file:///Users/daniilkonovalyukpanasyuk/enlaze/node_modules/next/dist/server/next-server.js:338:17)
    at async DevServer.handleRequestImpl (file:///Users/daniilkonovalyukpanasyuk/enlaze/node_modules/next/dist/server/base-server.js:934:17)
    at async (file:///Users/daniilkonovalyukpanasyuk/enlaze/node_modules/next/dist/server/dev/next-dev-server.js:394:20)
    at async Span.traceAsyncFn (file:///Users/daniilkonovalyukpanasyuk/enlaze/node_modules/next/dist/trace/trace.js:164:20)
    at async DevServer.handleRequest (file:///Users/daniilkonovalyukpanasyuk/enlaze/node_modules/next/dist/server/dev/next-dev-server.js:390:24)
    at async invokeRender (file:///Users/daniilkonovalyukpanasyuk/enlaze/node_modules/next/dist/server/lib/router-server.js:253:21)
    at async handleRequest (file:///Users/daniilkonovalyukpanasyuk/enlaze/node_modules/next/dist/server/lib/router-server.js:452:24)
    at async requestHandlerImpl (file:///Users/daniilkonovalyukpanasyuk/enlaze/node_modules/next/dist/server/lib/router-server.js:501:13)
    at async Server.requestListener (file:///Users/daniilkonovalyukpanasyuk/enlaze/node_modules/next/dist/server/lib/start-server.js:225:13)
[  331058ms] [LOG] [HMR] connected @ webpack-internal:///(pages-dir-browser)/./node_modules/@sentry/core/build/esm/instrument/console.js:53
[  331095ms] [LOG] [Fast Refresh] rebuilding @ webpack-internal:///(pages-dir-browser)/./node_modules/@sentry/core/build/esm/instrument/console.js:53
[  331356ms] [WARNING] [Fast Refresh] performing full reload because your application had an unrecoverable error @ webpack-internal:///(pages-dir-browser)/./node_modules/@sentry/core/build/esm/instrument/console.js:53
[  331467ms] [LOG] [Fast Refresh] rebuilding @ webpack-internal:///(pages-dir-browser)/./node_modules/@sentry/core/build/esm/instrument/console.js:53
[  331479ms] [WARNING] [Fast Refresh] performing full reload because your application had an unrecoverable error @ webpack-internal:///(pages-dir-browser)/./node_modules/@sentry/core/build/esm/instrument/console.js:53
[  331741ms] [WARNING] [Fast Refresh] performing full reload because your application had an unrecoverable error @ webpack-internal:///(pages-dir-browser)/./node_modules/@sentry/core/build/esm/instrument/console.js:53
[  331781ms] [LOG] [Fast Refresh] rebuilding @ webpack-internal:///(pages-dir-browser)/./node_modules/@sentry/core/build/esm/instrument/console.js:53
[  333133ms] [ERROR] Creating a worker from 'blob:http://localhost:3000/28e7ccc2-41c7-47c5-8ad2-78215f3701fc' violates the following Content Security Policy directive: "script-src 'self' 'unsafe-inline' 'unsafe-eval' https://cdnjs.cloudflare.com https://*.sentry.io https://*.posthog.com". Note that 'worker-src' was not explicitly set, so 'script-src' is used as a fallback. The action has been blocked. @ webpack-internal:///(app-pages-browser)/./node_modules/@sentry/replay/build/npm/esm/index.js:5672
[  333139ms] [LOG] [Client Instrumentation Hook] Slow execution detected: 49ms (Note: Code download overhead is not included in this measurement) @ webpack-internal:///(app-pages-browser)/./node_modules/@sentry/core/build/esm/instrument/console.js:53
[  333166ms] [INFO] %cDownload the React DevTools for a better development experience: https://react.dev/link/react-devtools font-weight:bold @ webpack-internal:///(app-pages-browser)/./node_modules/@sentry/core/build/esm/instrument/console.js:53
[  333208ms] [LOG] [HMR] connected @ webpack-internal:///(app-pages-browser)/./node_modules/@sentry/core/build/esm/instrument/console.js:53
[  333229ms] [INFO] [analytics] NEXT_PUBLIC_POSTHOG_KEY not set — analytics disabled @ webpack-internal:///(app-pages-browser)/./node_modules/@sentry/core/build/esm/instrument/console.js:53
[  333260ms] [LOG] [Fast Refresh] rebuilding @ webpack-internal:///(app-pages-browser)/./node_modules/@sentry/core/build/esm/instrument/console.js:53
[  333466ms] [LOG] [Fast Refresh] done in 206ms @ webpack-internal:///(app-pages-browser)/./node_modules/@sentry/core/build/esm/instrument/console.js:53
[  333522ms] [LOG] [Fast Refresh] rebuilding @ webpack-internal:///(app-pages-browser)/./node_modules/@sentry/core/build/esm/instrument/console.js:53
[  333529ms] [LOG] [Fast Refresh] done in 7ms @ webpack-internal:///(app-pages-browser)/./node_modules/@sentry/core/build/esm/instrument/console.js:53
[  333635ms] [LOG] [Fast Refresh] rebuilding @ webpack-internal:///(app-pages-browser)/./node_modules/@sentry/core/build/esm/instrument/console.js:53
[  333641ms] [LOG] [Fast Refresh] done in 7ms @ webpack-internal:///(app-pages-browser)/./node_modules/@sentry/core/build/esm/instrument/console.js:53
[  333760ms] [LOG] [Fast Refresh] rebuilding @ webpack-internal:///(app-pages-browser)/./node_modules/@sentry/core/build/esm/instrument/console.js:53
[  333764ms] [LOG] [Fast Refresh] done in 5ms @ webpack-internal:///(app-pages-browser)/./node_modules/@sentry/core/build/esm/instrument/console.js:53
[  333885ms] [LOG] [Fast Refresh] rebuilding @ webpack-internal:///(app-pages-browser)/./node_modules/@sentry/core/build/esm/instrument/console.js:53
[  333893ms] [LOG] [Fast Refresh] done in 7ms @ webpack-internal:///(app-pages-browser)/./node_modules/@sentry/core/build/esm/instrument/console.js:53
[  334006ms] [LOG] [Fast Refresh] rebuilding @ webpack-internal:///(app-pages-browser)/./node_modules/@sentry/core/build/esm/instrument/console.js:53
[  334014ms] [LOG] [Fast Refresh] done in 7ms @ webpack-internal:///(app-pages-browser)/./node_modules/@sentry/core/build/esm/instrument/console.js:53
[  334122ms] [LOG] [Fast Refresh] rebuilding @ webpack-internal:///(app-pages-browser)/./node_modules/@sentry/core/build/esm/instrument/console.js:53
[  334125ms] [LOG] [Fast Refresh] done in 3ms @ webpack-internal:///(app-pages-browser)/./node_modules/@sentry/core/build/esm/instrument/console.js:53
[  334242ms] [LOG] [Fast Refresh] rebuilding @ webpack-internal:///(app-pages-browser)/./node_modules/@sentry/core/build/esm/instrument/console.js:53
[  334245ms] [LOG] [Fast Refresh] done in 3ms @ webpack-internal:///(app-pages-browser)/./node_modules/@sentry/core/build/esm/instrument/console.js:53
[  334357ms] [LOG] [Fast Refresh] rebuilding @ webpack-internal:///(app-pages-browser)/./node_modules/@sentry/core/build/esm/instrument/console.js:53
[  334360ms] [LOG] [Fast Refresh] done in 3ms @ webpack-internal:///(app-pages-browser)/./node_modules/@sentry/core/build/esm/instrument/console.js:53
[  334470ms] [LOG] [Fast Refresh] rebuilding @ webpack-internal:///(app-pages-browser)/./node_modules/@sentry/core/build/esm/instrument/console.js:53
[  334474ms] [LOG] [Fast Refresh] done in 3ms @ webpack-internal:///(app-pages-browser)/./node_modules/@sentry/core/build/esm/instrument/console.js:53
[  334582ms] [LOG] [Fast Refresh] rebuilding @ webpack-internal:///(app-pages-browser)/./node_modules/@sentry/core/build/esm/instrument/console.js:53
[  334591ms] [LOG] [Fast Refresh] done in 9ms @ webpack-internal:///(app-pages-browser)/./node_modules/@sentry/core/build/esm/instrument/console.js:53
[  334698ms] [LOG] [Fast Refresh] rebuilding @ webpack-internal:///(app-pages-browser)/./node_modules/@sentry/core/build/esm/instrument/console.js:53
[  334702ms] [LOG] [Fast Refresh] done in 4ms @ webpack-internal:///(app-pages-browser)/./node_modules/@sentry/core/build/esm/instrument/console.js:53
[  334813ms] [LOG] [Fast Refresh] rebuilding @ webpack-internal:///(app-pages-browser)/./node_modules/@sentry/core/build/esm/instrument/console.js:53
[  334817ms] [LOG] [Fast Refresh] done in 3ms @ webpack-internal:///(app-pages-browser)/./node_modules/@sentry/core/build/esm/instrument/console.js:53
[  334974ms] [LOG] [Fast Refresh] rebuilding @ webpack-internal:///(app-pages-browser)/./node_modules/@sentry/core/build/esm/instrument/console.js:53
[  334977ms] [LOG] [Fast Refresh] done in 3ms @ webpack-internal:///(app-pages-browser)/./node_modules/@sentry/core/build/esm/instrument/console.js:53
[  335943ms] [ERROR] Creating a worker from 'blob:http://localhost:3000/de5d2856-879f-47d6-927a-c64e8e38d24c' violates the following Content Security Policy directive: "script-src 'self' 'unsafe-inline' 'unsafe-eval' https://cdnjs.cloudflare.com https://*.sentry.io https://*.posthog.com". Note that 'worker-src' was not explicitly set, so 'script-src' is used as a fallback. The action has been blocked. @ webpack-internal:///(app-pages-browser)/./node_modules/@sentry/replay/build/npm/esm/index.js:5672
[  335950ms] [LOG] [Client Instrumentation Hook] Slow execution detected: 49ms (Note: Code download overhead is not included in this measurement) @ webpack-internal:///(app-pages-browser)/./node_modules/@sentry/core/build/esm/instrument/console.js:53
[  335977ms] [INFO] %cDownload the React DevTools for a better development experience: https://react.dev/link/react-devtools font-weight:bold @ webpack-internal:///(app-pages-browser)/./node_modules/@sentry/core/build/esm/instrument/console.js:53
[  336020ms] [LOG] [HMR] connected @ webpack-internal:///(app-pages-browser)/./node_modules/@sentry/core/build/esm/instrument/console.js:53
[  336042ms] [INFO] [analytics] NEXT_PUBLIC_POSTHOG_KEY not set — analytics disabled @ webpack-internal:///(app-pages-browser)/./node_modules/@sentry/core/build/esm/instrument/console.js:53
[  336090ms] [LOG] [Fast Refresh] rebuilding @ webpack-internal:///(app-pages-browser)/./node_modules/@sentry/core/build/esm/instrument/console.js:53
[  336238ms] [LOG] [Fast Refresh] done in 147ms @ webpack-internal:///(app-pages-browser)/./node_modules/@sentry/core/build/esm/instrument/console.js:53
[  336238ms] [LOG] [Fast Refresh] rebuilding @ webpack-internal:///(app-pages-browser)/./node_modules/@sentry/core/build/esm/instrument/console.js:53
[  336295ms] [LOG] [Fast Refresh] done in 57ms @ webpack-internal:///(app-pages-browser)/./node_modules/@sentry/core/build/esm/instrument/console.js:53
[  336383ms] [LOG] [Fast Refresh] rebuilding @ webpack-internal:///(app-pages-browser)/./node_modules/@sentry/core/build/esm/instrument/console.js:53
[  336440ms] [LOG] [Fast Refresh] done in 57ms @ webpack-internal:///(app-pages-browser)/./node_modules/@sentry/core/build/esm/instrument/console.js:53
[  336502ms] [LOG] [Fast Refresh] rebuilding @ webpack-internal:///(app-pages-browser)/./node_modules/@sentry/core/build/esm/instrument/console.js:53
[  336514ms] [LOG] [Fast Refresh] done in 11ms @ webpack-internal:///(app-pages-browser)/./node_modules/@sentry/core/build/esm/instrument/console.js:53
[  336822ms] [LOG] [Fast Refresh] rebuilding @ webpack-internal:///(app-pages-browser)/./node_modules/@sentry/core/build/esm/instrument/console.js:53
[  336837ms] [LOG] [Fast Refresh] done in 14ms @ webpack-internal:///(app-pages-browser)/./node_modules/@sentry/core/build/esm/instrument/console.js:53
[  336873ms] [LOG] [Fast Refresh] rebuilding @ webpack-internal:///(app-pages-browser)/./node_modules/@sentry/core/build/esm/instrument/console.js:53
[  336875ms] [LOG] [Fast Refresh] done in 1ms @ webpack-internal:///(app-pages-browser)/./node_modules/@sentry/core/build/esm/instrument/console.js:53
[  336891ms] [ERROR] Failed to load resource: the server responded with a status of 500 (Internal Server Error) @ http://localhost:3000/dashboard/facturacion?tab=recibidas&_rsc=myjpi:0
[  336939ms] [LOG] [Fast Refresh] rebuilding @ webpack-internal:///(app-pages-browser)/./node_modules/@sentry/core/build/esm/instrument/console.js:53
[  337260ms] [LOG] [Fast Refresh] done in 321ms @ webpack-internal:///(app-pages-browser)/./node_modules/@sentry/core/build/esm/instrument/console.js:53
[  337306ms] [LOG] [Fast Refresh] rebuilding @ webpack-internal:///(app-pages-browser)/./node_modules/@sentry/core/build/esm/instrument/console.js:53
[  337316ms] [LOG] [Fast Refresh] done in 11ms @ webpack-internal:///(app-pages-browser)/./node_modules/@sentry/core/build/esm/instrument/console.js:53
[  337660ms] [ERROR] Failed to load resource: the server responded with a status of 500 (Internal Server Error) @ http://localhost:3000/dashboard/facturacion?tab=recibidas&_rsc=myjpi:0
[  337680ms] [ERROR] Failed to load resource: the server responded with a status of 500 (Internal Server Error) @ http://localhost:3000/dashboard/facturacion?tab=recibidas:0
[  337713ms] [INFO] %cDownload the React DevTools for a better development experience: https://react.dev/link/react-devtools font-weight:bold @ webpack-internal:///(pages-dir-browser)/./node_modules/react-dom/cjs/react-dom-client.development.js:28004
[  337750ms] [ERROR] Creating a worker from 'blob:http://localhost:3000/7980ebee-8ed1-4635-8548-02c103302bac' violates the following Content Security Policy directive: "script-src 'self' 'unsafe-inline' 'unsafe-eval' https://cdnjs.cloudflare.com https://*.sentry.io https://*.posthog.com". Note that 'worker-src' was not explicitly set, so 'script-src' is used as a fallback. The action has been blocked. @ webpack-internal:///(pages-dir-browser)/./node_modules/@sentry/replay/build/npm/esm/index.js:5672
[  337759ms] SyntaxError: Unexpected end of JSON input
    at JSON.parse (<anonymous>)
    at loadManifest (file:///Users/daniilkonovalyukpanasyuk/enlaze/node_modules/next/dist/server/load-manifest.external.js:54:25)
    at loadManifestFromRelativePath (file:///Users/daniilkonovalyukpanasyuk/enlaze/node_modules/next/dist/server/load-manifest.external.js:111:12)
    at AppPageRouteModule.loadManifests (file:///Users/daniilkonovalyukpanasyuk/enlaze/node_modules/next/dist/compiled/next-server/app-page.runtime.dev.js:71:33979)
    at AppPageRouteModule.prepare (file:///Users/daniilkonovalyukpanasyuk/enlaze/node_modules/next/dist/compiled/next-server/app-page.runtime.dev.js:71:41329)
    at process.processTicksAndRejections (node:internal/process/task_queues:104:5)
    at async Module.handler (webpack-internal:///(rsc)/./node_modules/next/dist/build/webpack/loaders/next-app-loader/index.js?name=app%2Fdashboard%2Ffacturacion%2Fpage&page=%2Fdashboard%2Ffacturacion%2Fpage&appPaths=%2Fdashboard%2Ffacturacion%2Fpage&allNormalizedAppPaths=&pagePath=private-next-app-dir%2Fdashboard%2Ffacturacion%2Fpage.tsx&appDir=%2FUsers%2Fdaniilkonovalyukpanasyuk%2Fenlaze%2Fapp&pageExtensions=tsx&pageExtensions=ts&pageExtensions=jsx&pageExtensions=js&rootDir=%2FUsers%2Fdaniilkonovalyukpanasyuk%2Fenlaze&isDev=true&tsconfigPath=&basePath=&assetPrefix=&nextConfigOutput=&preferredRegion=&middlewareConfig=e30%3D&isGlobalNotFoundEnabled=!:253:27)
    at async DevServer.renderToResponseWithComponentsImpl (file:///Users/daniilkonovalyukpanasyuk/enlaze/node_modules/next/dist/server/base-server.js:1454:9)
    at async DevServer.renderPageComponent (file:///Users/daniilkonovalyukpanasyuk/enlaze/node_modules/next/dist/server/base-server.js:1506:24)
    at async DevServer.renderToResponseImpl (file:///Users/daniilkonovalyukpanasyuk/enlaze/node_modules/next/dist/server/base-server.js:1556:32)
    at async DevServer.pipeImpl (file:///Users/daniilkonovalyukpanasyuk/enlaze/node_modules/next/dist/server/base-server.js:1043:25)
    at async NextNodeServer.handleCatchallRenderRequest (file:///Users/daniilkonovalyukpanasyuk/enlaze/node_modules/next/dist/server/next-server.js:338:17)
    at async DevServer.handleRequestImpl (file:///Users/daniilkonovalyukpanasyuk/enlaze/node_modules/next/dist/server/base-server.js:934:17)
    at async (file:///Users/daniilkonovalyukpanasyuk/enlaze/node_modules/next/dist/server/dev/next-dev-server.js:394:20)
    at async Span.traceAsyncFn (file:///Users/daniilkonovalyukpanasyuk/enlaze/node_modules/next/dist/trace/trace.js:164:20)
    at async DevServer.handleRequest (file:///Users/daniilkonovalyukpanasyuk/enlaze/node_modules/next/dist/server/dev/next-dev-server.js:390:24)
    at async invokeRender (file:///Users/daniilkonovalyukpanasyuk/enlaze/node_modules/next/dist/server/lib/router-server.js:253:21)
    at async handleRequest (file:///Users/daniilkonovalyukpanasyuk/enlaze/node_modules/next/dist/server/lib/router-server.js:452:24)
    at async requestHandlerImpl (file:///Users/daniilkonovalyukpanasyuk/enlaze/node_modules/next/dist/server/lib/router-server.js:501:13)
    at async Server.requestListener (file:///Users/daniilkonovalyukpanasyuk/enlaze/node_modules/next/dist/server/lib/start-server.js:225:13)
[  337818ms] [LOG] [HMR] connected @ webpack-internal:///(pages-dir-browser)/./node_modules/@sentry/core/build/esm/instrument/console.js:53
[  337927ms] [LOG] [Fast Refresh] rebuilding @ webpack-internal:///(pages-dir-browser)/./node_modules/@sentry/core/build/esm/instrument/console.js:53
[  338030ms] [LOG] [Fast Refresh] rebuilding @ webpack-internal:///(pages-dir-browser)/./node_modules/@sentry/core/build/esm/instrument/console.js:53
[  338034ms] [WARNING] [Fast Refresh] performing full reload because your application had an unrecoverable error @ webpack-internal:///(pages-dir-browser)/./node_modules/@sentry/core/build/esm/instrument/console.js:53
[  338597ms] Invalid or unexpected token
[  342431ms] [WARNING] The resource http://localhost:3000/_next/static/media/e4af272ccee01ff0-s.p.woff2?v=1788472929456 was preloaded using link preload but not used within a few seconds from the window's load event. Please make sure it has an appropriate `as` value and it is preloaded intentionally. @ http://localhost:3000/dashboard/facturacion?tab=recibidas:0
